id_cliente,nombre_cliente,ingresos_ano_anterior,egresos_ano_anterior,valor_credito_mora,numero_cuotas_mora,edad
103016,Juan Gabriel Ortiz Ramírez,"$ 7,200,000","$ 3,683,558",0,0,19
102298,Juan Ortiz Rodríguez,35000000.00,"$ 24,535,327",0 COP,0,14
101138,Carlos Santiago Restrepo Jiménez,5000000,3745348,$ 0,0,69 años
102196,Paula Patricia López Ospina,50000000,26613021,6400000.00,2 cuotas,40 años
103166,Natalia Luis López Ortiz,7200000,5416458,$500000,4,73
102745,Natalia Moreno Morales,"$ 12,000,000","$ 6,931,624",0,0,71
103790,,,14743193.00,,0 cuotas,64
100271,Jorge Gonzalo Navarro Rojas,12000000,7206988 COP,$ 0,0,32 años
103051,Diego Ramírez Gutiérrez,25000000,"$ 11,785,894",0 COP,0 cuotas,74.5
100372,Natalia Ramírez Mejía,5000000,3273815,1200000,11,32.5
102266,,,"$ 29,063,644",$ 0,,47
101858,Alejandro Restrepo Díaz,"$ 25,000,000","$ 10,040,566",0.00,0,
101531,Ricardo Adriana Castro Torres,35000000,"$ 24,656,978",0,0,16 años
102001,"TREVIÑO MORALES, Miguel Angel",9500000,4937398.00,6400000 COP,2,25.5
102997,Gabriel Pérez Pérez,35000000.00,16889721.00,0.00,0,60
102251,"KIM, Jong Un",25000000,21245176,,10,60
102920,Tareck Zaidan El Aissami,2500000,,,0,14
101384,Mariana Ortiz García,25000000,13037465,6400000,6,74
100937,"ZAHHAR, Mahmoud Khaled","$ 3,500,000",$1506072,1200000.00,4,61
100995,Verónica Ramírez Jaramillo,$3500000,2175478.00,12000000 COP,1.0,47
101649,Mateo Ana González Martínez,25000000,12671841,0 COP,0,28
100574,Aleksandr Lukashenko,35000000,25582747,,10,47
100401,"AL-ASSAD, Bashar",35000000.00,30089274,0.00,0,21
100681,"SAAB MORAN, Alex Nain",50000000.00,26155383.00,,0.0,15
100008,"AL-ZAZA, Ziad","$ 9,500,000",5679982,0,0,63
100239,Verónica Mendoza Morales,3500000.00,2340860,0,0 cuotas,54.5
102080,Adriana Camilo Díaz Martínez,35000000.00,26311948 COP,0,0,28
103646,China Aerospace Science & Tech Corp,$5000000,,3500000,10,
102743,Camilo Chávez Morales,25000000 COP,13139015,$ 0,0,72
101877,,,"$ 4,567,514",0,0,26
101167,Andrés Luis Gutiérrez Romero,2500000.00,2043243,,6,75
103596,Camilo Silva González,7200000,5280960.00,0.00,0.0,75
102477,Ismael Zambada Garcia,,"$ 4,203,540",0 COP,,28.5
103397,Patricia Ana Pérez Restrepo,5000000,$3968436,0.00,0,69
100308,Santiago Lucía Gómez Sánchez,"$ 7,200,000",3682524,500000,5,40
103682,Lucía Silva Romero,2500000 COP,1144177,$ 0,0,71
103276,Mateo Felipe Gutiérrez Díaz,12000000 COP,7418363,0.00,0,40
103225,Mateo Gabriel Rojas Díaz,35000000 COP,"$ 26,020,000",6400000 COP,2.0,18
101432,Aleksandr Lukashenko,"$ 9,500,000",6208831,0.00,0,60 años
102783,Luis Claudia Moreno Navarro,5000000,3538787.00,3500000,4,
102984,Patricia Restrepo Moreno,"$ 7,200,000",4720226 COP,0,0,47
102129,Valentina Restrepo Gómez,7200000,5302064,1200000.00,,57
100286,,,5466045,"$ 500,000",2,74
102855,Ricardo Mateo Hernández Navarro,2500000 COP,1696757,6400000.00,11,62
101244,Camila Ricardo Navarro Gómez,$50000000,40375162,0 COP,0 cuotas,
102698,Mariana Sofía Jaramillo Díaz,7200000,"$ 5,903,506",0.00,0,48
102755,"SAAB MORAN, Alex Nain",12000000.00,6718257,1200000,12,16
102503,Bashar Al Assad,7200000,"$ 5,878,408",,0 cuotas,47
103656,Daniela Gabriel Torres Gómez,12000000,$6591675,0.00,0,42
103282,Ana Diana Ospina Ramírez,"$ 12,000,000","$ 8,813,241",0.00,0.0,49
103674,Mariana Adriana Restrepo Valencia,2500000,$1104934,3500000,7,
100317,Camilo Gabriel Rojas Valencia,18000000,9470443,$ 0,0,74
102893,Andrés Suárez Torres,7200000,3597698,500000 COP,10,14
101953,Sofía Daniela Rodríguez Suárez,"$ 50,000,000","$ 44,093,368",3500000.00,2.0,41
100898,Mateo Juliana Ortiz Mejía,"$ 7,200,000",3153587.00,3500000.00,11,42
103714,Esteban Diego Ramírez Rodríguez,18000000,13153692.00,6400000,8.0,76
101340,Diego Chávez Suárez,"$ 5,000,000",3088717 COP,12000000,8 cuotas,71
100079,Mateo Pérez Jaramillo,3500000,"$ 1,888,124",0 COP,0,38 años
102544,,,4157369,$ 0,0,38
103185,Diego Natalia Díaz Sánchez,"$ 18,000,000","$ 11,597,200",0 COP,0,30
102425,Daniela Castro García,7200000.00,3982341,0 COP,,16
102709,Diana María Moreno Restrepo,9500000,"$ 5,256,459",,0,40
102897,Verónica Romero Ospina,35000000 COP,$24443837,3500000,3,35
101320,Juliana Diego Restrepo Rojas,35000000 COP,19112391.00,0,0 cuotas,20.5
100744,Daniela Mejía Hernández,12000000,5906182 COP,0,0,48
100988,Claudia Camilo Castro Pérez,50000000,,0 COP,0,14
100907,Verónica Juan Pérez Mendoza,18000000,$11254630,$ 0,,32
101109,Paula Alejandro Moreno Ospina,7200000,5131854,12000000,2,14.5
103121,"AL-ASSAD, Bashar",7200000,$3917177,"$ 1,200,000",5,48
100931,Camilo Laura Castro Mendoza,35000000,,"$ 500,000",3,30
103574,Ana Andrés Mejía González,"$ 25,000,000",18608474 COP,0 COP,0,36
101034,Mahmoud Khaled Zahhar,12000000,8422281,0,0.0,74
101016,,,3176252 COP,12000000.00,7,35
103523,Camilo Valencia Silva,$12000000,8820801,$ 0,,16
102705,Laura Sofía Morales Chávez,25000000,11100747,0,0,66
102823,HEZBOLLAH,"$ 35,000,000",20331138.00,0.00,0,44
103226,Diego Ortiz Chávez,25000000 COP,11517826.00,1200000.00,,36
102652,"SAAB MORAN, Alex Nain",3500000,2533491 COP,$3500000,7.0,14
101115,Fernando Diego Silva Navarro,7200000.00,$6198725,,0,53
102761,Gonzalo Juan Pérez Ortiz,35000000,"$ 18,675,521",0 COP,0 cuotas,39.5
103752,María Camila Jaramillo Valencia,35000000,27350271 COP,0.00,0,48
102744,José Mateo Jiménez Hernández,"$ 12,000,000",$9268230,0.00,0,67
101288,Esteban María Ospina Pérez,25000000 COP,11246396,1200000,2.0,16 años
100222,Carlos Juliana Ospina Arias,,$2890589,$ 0,0,62
101794,Ana Ramírez Mendoza,2500000,"$ 1,771,824",,12.0,49 años
101272,Diosdado Cabello Rondon,25000000,12079559,0,0,63 años
102935,Diana Diana Torres Mejía,"$ 18,000,000",12293352,"$ 6,400,000",10,27
103775,Gabriel Felipe Suárez Castro,"$ 9,500,000",,$ 0,0,
101158,Mateo Rojas Gómez,50000000 COP,"$ 27,478,856",$ 0,0,46.5
102260,Felipe Javier Moreno Jiménez,18000000.00,12347304 COP,6400000,5 cuotas,48
101303,Gabriel Jorge Arias López,25000000 COP,,3500000.00,4,21.5
103562,Felipe María Ramírez Jiménez,5000000 COP,,0 COP,0,64
103201,Mateo Felipe García Jaramillo,9500000,5351915,$ 0,0,26
103573,Juliana Hernández Mejía,25000000,$22092300,0 COP,0.0,71
101817,Jorge Lucía González González,$18000000,,0,0,32 años
101535,"CARO QUINTERO, Rafael",$9500000,6576660 COP,1200000,8 cuotas,41
102038,Santiago Suárez Gutiérrez,3500000,"$ 2,511,956",0,0,57
100302,Carlos Diego Mendoza Díaz,$3500000,1570085,0 COP,0,37.5
103495,,,2858962 COP,3500000,4.0,74
100033,Fernando Navarro Rojas,12000000 COP,,0.00,,24.5
102607,,,5190136,0.00,0.0,70
100136,Andrés María Silva Valencia,35000000,$17625253,0.00,,
102174,Mateo Ramírez Romero,5000000.00,"$ 4,468,818",500000,3,35 años
100308,Santiago Lucía Gómez Sánchez,"$ 7,200,000",3682524,500000,5,40
101083,Natalia Navarro Gómez,"$ 9,500,000",4048895.00,0 COP,0,38
101931,Daniela Natalia González Ortiz,35000000.00,"$ 17,877,120",$ 0,0,55
100477,Luis Diego Silva Arias,18000000,"$ 11,036,462",0,,76.5
103634,"SAAB MORAN, Alex Nain",50000000,33708910 COP,0 COP,0,26
103414,Juliana Felipe Arias González,35000000,26614698,3500000,8,68
102808,Sofía Gabriel Romero González,"$ 12,000,000",10521555,500000,2,38
102628,Valentina Diego Pérez Morales,50000000.00,"$ 43,915,615",0 COP,0 cuotas,26
103223,Nicolas Maduro Moros,12000000.00,5421603,,0,36
101135,Jorge Torres Gómez,50000000,25653977.00,0,0,25
102411,Juan Moreno Gutiérrez,"$ 5,000,000",2683175 COP,0.00,,62
102102,Diana Javier Valencia Romero,2500000.00,1114697,0.00,0,43
101235,"LUKASHENKO, Aleksandr",50000000,22123925,0,0,67.5
103683,Lucía Verónica Valencia García,"$ 18,000,000",9658501,$ 0,0,49
102070,Gonzalo Mendoza Ospina,2500000 COP,1275648,"$ 1,200,000",3,51
103389,Sofía Jorge Arias Jiménez,5000000.00,2322964,$ 0,,17
100274,Patricia Torres Jaramillo,$25000000,21514530.00,0 COP,0,20
101448,Andrés Alejandro Sánchez Arias,"$ 50,000,000",31502422,,0,38
102689,Ricardo Morales Torres,9500000,"$ 7,342,572",500000.00,,51
100118,Claudia Lucía Rodríguez Rojas,5000000,,0,0,64.5
103035,Camila Esteban García Torres,50000000,38996928 COP,$ 0,0 cuotas,49
103181,Alejandro Silva Hernández,25000000,15527600,12000000,2,27
101989,Ana Claudia Valencia Restrepo,3500000.00,2476264,0,0,16
100454,HAMAS,50000000,31890725,3500000,12,59
100837,Jorge Martínez Gómez,35000000,23148090,"$ 6,400,000",6,17.5
101557,,,2376435,0.00,0,39
101883,Esteban María Restrepo Rodríguez,"$ 9,500,000",8396558,0,0,27.5
100703,Fernando Rodríguez Hernández,$5000000,"$ 3,675,290",0,0,68
101621,Laura Navarro Pérez,9500000,4656248 COP,0.00,0.0,
102979,Diana Valentina Moreno Moreno,3500000.00,"$ 2,288,456",$ 0,0 cuotas,36 años
103113,Nicolas Maduro Moros,"$ 5,000,000",,0 COP,,56
101801,Mariana Gonzalo Hernández Torres,"$ 25,000,000","$ 17,632,442",,5,
100154,Paula Ricardo Ospina Valencia,50000000,44610994,,0.0,30
102377,José Adriana Suárez Ospina,9500000,4047854,0,,69
102053,Bashar Al Assad,35000000,16578601 COP,6400000 COP,6,35
102898,José Camila López Gutiérrez,3500000,2056097 COP,$ 0,0,41
103232,Fernando Jiménez Martínez,25000000,"$ 18,700,899",0,0.0,36.5
100333,Fernando Torres Jiménez,35000000.00,30453954,,0,15 años
102289,Esteban Pérez Silva,50000000,31427840 COP,0,0,17
100074,Camilo Restrepo Romero,18000000,7214079.00,500000 COP,9,63
100316,Valentina Ramírez Torres,35000000,23697659,$ 0,0,50
100664,María Andrés Suárez Torres,"$ 3,500,000",2750127,$12000000,6,14
102770,,,17896698,0 COP,0,47.5
103312,Mariana Gutiérrez Silva,2500000,1394494,0 COP,0,68
103345,Fernando Adriana Arias Díaz,2500000,2082247,0 COP,0,30
100343,,,3240508 COP,0,0,42
100218,Jorge Paula Rodríguez Arias,12000000,5415587,0 COP,0,15
103241,Juan González Jiménez,12000000,8489108.00,0,0,46
103710,Andrés Javier Valencia Gómez,5000000,4381973.00,0,0,
100499,Camilo Fernando Gutiérrez Silva,18000000,15745204,$ 0,0,59
102444,"KIM, Jong Un",12000000.00,7188204,,8.0,54
100006,Jong-Un Kim,7200000,6466914 COP,0,0,16
103577,Camilo Luis Rodríguez Suárez,$25000000,22465780 COP,$ 0,0,15 años
101412,"AL-SHANTI, Jamileh Abdullah",5000000 COP,3779522.00,0.00,0,36 años
103401,Andrés Jiménez Vargas,25000000.00,10328550,0.00,0,26
100825,Luis Diego López Mendoza,"$ 25,000,000",$16571195,3500000,11,16
101462,Juliana María Castro Mendoza,35000000,25196393 COP,0,0 cuotas,26 años
102032,Esteban Daniela Jiménez Vargas,12000000,10408427 COP,$ 0,0 cuotas,37
101315,Lucía Vargas Mendoza,9500000,,0.00,0,58.5
101831,Lucía Valencia Moreno,50000000 COP,28440489,0,0,28
102101,Ana Navarro Romero,7200000,5641052.00,$ 0,0,54
103188,Mariana García Gutiérrez,18000000,9876904,0 COP,0,33 años
102350,Mariana Natalia Valencia García,$12000000,9205198 COP,3500000.00,9,27
100106,China Aerospace Science & Tech Corp,5000000,2242029,0.00,,35
102883,"GUZMAN LOERA, Joaquin",50000000,38028210,0 COP,0,70
100707,,,11749000,0,0,19
103487,Gonzalo Luis Mendoza Silva,25000000,13571854,3500000,12,71
103244,"EL AISSAMI MADDAH, Tareck Zaidan",7200000,4185085,$ 0,0 cuotas,14
101266,,,2089331,0.00,0,57
102785,Andrés Luis Valencia Ospina,2500000,,0.00,0,
103405,Camila Andrés Restrepo Martínez,50000000,,0 COP,0,28
101026,Jorge Mendoza Pérez,12000000 COP,8842838.00,0,0,70
100701,Juliana Díaz Torres,"$ 50,000,000",34440859.00,,7,59
102627,María Juan Pérez López,25000000,"$ 13,921,156",0 COP,0 cuotas,14
101978,Juan Juliana Mendoza Silva,35000000,"$ 17,628,479",$ 0,0.0,
101702,HEZBOLLAH,$12000000,"$ 8,855,211",$ 0,0,52
103115,Gonzalo Paula Navarro Ramírez,9500000 COP,4868118,"$ 1,200,000",12,33
101015,HEZBOLLAH,"$ 9,500,000",4378902,$ 0,0.0,68
100777,Gabriel Santiago Hernández Hernández,3500000,2006136,0.00,0 cuotas,36
100986,Juan Navarro Ospina,"$ 5,000,000",2273066,12000000.00,4,53
101765,Javier Gómez González,5000000.00,2012953 COP,0 COP,0,63
102335,"ZAHHAR, Mahmoud Khaled",2500000,2134921.00,0,,36
101613,Claudia Diana Ramírez González,2500000,2246464,$ 0,0 cuotas,74 años
102048,Ziad Al Zaza,12000000 COP,6507369.00,0.00,0 cuotas,14.5
102511,Diego Ramírez Hernández,12000000,5774965,3500000.00,5,30 años
101945,Alejandro Adriana Mejía Silva,18000000.00,14642908,0.00,0.0,72
102390,Juan Patricia Ortiz Martínez,"$ 18,000,000",9319691 COP,0,0,
100781,Felipe Gabriel López Sánchez,3500000,"$ 2,214,441",$ 0,0,
103575,Bashar Al Assad,7200000,3668862,$ 0,0,36
103736,Javier Gonzalo Vargas Ospina,"$ 7,200,000",5622694.00,,0,48
102285,Patricia Valentina Gutiérrez Rojas,35000000,29800542.00,12000000,8,54
101178,Verónica Moreno Rojas,25000000,20108651.00,0,0,23 años
101178,Verónica Moreno Rojas,25000000,20108651.00,0,0,23 años
100562,Sofía Rojas Rojas,18000000,9490114,"$ 6,400,000",6,37
100410,Camilo Ortiz Martínez,25000000,,0 COP,0,14.5
101666,Diosdado Cabello Rondon,"$ 18,000,000","$ 10,580,809",$ 0,0,46 años
103740,Fernando José Ortiz López,"$ 7,200,000",5885357 COP,0 COP,0,82
103227,"AL-ZAZA, Ziad",5000000 COP,"$ 2,689,124","$ 6,400,000",10 cuotas,
101165,María González Jiménez,50000000.00,"$ 20,839,406",500000,7,15
101117,Aleksandr Lukashenko,35000000,31385960 COP,$ 0,0,67
102325,Camila Jiménez Mendoza,18000000,9904508 COP,0.00,0,60
100756,Lucía José Navarro González,"$ 12,000,000","$ 10,449,518",0 COP,0,49
101071,,,$13012102,6400000.00,1.0,29
102616,Santiago Adriana Silva Sánchez,9500000.00,4765849 COP,0,0,26
103102,Diego Natalia Arias Jaramillo,$50000000,35073051,0.00,0,21
103757,,,"$ 1,264,759",,0.0,39
100673,Nicolas Maduro Moros,"$ 7,200,000",4867485,$ 0,0,63
100540,José Mariana Martínez Ospina,"$ 3,500,000","$ 2,804,929",0.00,0,74
103054,Ricardo Esteban Chávez Gómez,5000000.00,2040549.00,$ 0,0,
103662,"ZAHHAR, Mahmoud Khaled","$ 7,200,000","$ 4,677,485",6400000.00,12,42
101533,Jong-Un Kim,5000000,3800783 COP,0,,68
100544,"AL-ASSAD, Bashar",2500000,$1955423,1200000,1,22.5
103419,"SAAB MORAN, Alex Nain",2500000.00,1008265,$ 0,0,17
101886,Juliana Ortiz Gutiérrez,18000000 COP,14455509,1200000,4,50 años
100844,María Mateo Rodríguez Gutiérrez,3500000,2052840.00,0.00,0,35
101797,Ana López Navarro,2500000,1116875.00,500000,12,23
100959,Ismael Zambada Garcia,3500000 COP,,0 COP,0,68
101693,Gabriel Torres Ortiz,35000000,23861422 COP,0.00,0,61.5
101410,Camila Lucía Mejía Martínez,3500000.00,1923734.00,$ 0,0,63 años
100987,Felipe Vargas Jaramillo,3500000 COP,2276387,0,0,68.5
100994,Mateo Camilo Ramírez Suárez,12000000,4977753 COP,$ 0,0,56
101544,José Valentina Martínez Rojas,18000000.00,"$ 7,971,247",,,29
100867,Sofía Alejandro Silva Gómez,18000000,,$ 0,,68
101624,Tareck Zaidan El Aissami,25000000.00,16962312,12000000.00,2,14
101908,Paula Romero Mejía,"$ 18,000,000",14212521.00,0.00,0,18
100066,Mateo Ortiz Torres,9500000,5230373,0 COP,0,42
102045,Valentina Suárez Gutiérrez,7200000,5475238.00,0.00,0,41
102950,Verónica Paula Díaz Ramírez,18000000,14436688,0.00,0,39 años
101689,Ana Luis Martínez Gómez,12000000,5865823,0 COP,0.0,62
101528,Aleksandr Lukashenko,18000000 COP,10485139,0.00,0,38
100068,Verónica Arias Gómez,7200000,"$ 4,458,437",0 COP,0,64
102147,Lucía Camila González González,"$ 5,000,000",3788090,0 COP,0,37
102314,Esteban Navarro Ospina,35000000 COP,,0,0,
102263,María Suárez Suárez,50000000 COP,"$ 21,107,417",$ 0,0.0,60
100941,,,4718434.00,0 COP,0,18
100064,Claudia María Vargas Hernández,35000000 COP,,$500000,2,61
102773,Luis Gutiérrez Suárez,7200000,4756013,0 COP,,39
101790,José Paula Martínez González,2500000.00,"$ 2,061,475",1200000,9,69
102009,Gonzalo Rojas Valencia,18000000,"$ 12,867,842",0.00,0,47
102920,Tareck Zaidan El Aissami,2500000,2074544,0.00,0,14
100021,Daniela González Pérez,"$ 7,200,000","$ 3,882,041",0.00,0,18
101838,,,16596437.00,0,0,25
101195,José Gonzalo Suárez Gómez,9500000.00,"$ 8,163,742",0.00,0,57
100568,Gabriel Santiago Suárez Díaz,18000000,10964151,12000000 COP,12.0,62
101030,Mateo García Romero,$5000000,2467746.00,0,0,28
100027,"ZAMBADA GARCIA, Ismael",35000000,25428720,0 COP,0,42.5
102470,Alejandro Andrés Silva Hernández,7200000,3931523.00,,10,14
101540,Fernando Verónica Gutiérrez Hernández,$9500000,7481786,0,,25
102901,Juliana Rodríguez Ospina,"$ 3,500,000",2687980,0,0,31.5
101034,Mahmoud Khaled Zahhar,12000000,8422281,,0.0,74
103238,Javier Juliana Arias López,3500000,$2757355,$ 0,0 cuotas,70
103082,Paula López Navarro,$5000000,$3962123,$ 0,0,45
101602,Camilo Jorge Valencia Romero,$50000000,26683576 COP,,0,63
100475,Javier Arias Pérez,9500000,,"$ 3,500,000",4,44.5
101426,Bashar Al Assad,18000000,"$ 10,576,550",0 COP,0,54
103318,"ZAHHAR, Mahmoud Khaled",25000000,"$ 14,091,116",0 COP,0,74
101355,Santiago Gabriel Vargas Díaz,35000000 COP,$20960027,$ 0,0 cuotas,72
103020,Camila Lucía Navarro Rodríguez,$25000000,"$ 19,853,795",6400000,1 cuotas,54
103274,Sofía García González,"$ 18,000,000",9020863,0.00,0 cuotas,18.5
102404,Verónica Gonzalo Suárez Navarro,"$ 9,500,000",4191497.00,"$ 3,500,000",12,23
100482,Ricardo José Ramírez Hernández,7200000,,0,0,63
101993,Mateo Daniela Restrepo Vargas,18000000,13446279,500000,2 cuotas,
102005,Diosdado Cabello Rondon,"$ 5,000,000",3603940,,0,67 años
100039,"CARO QUINTERO, Rafael",18000000,12744684,0.00,0,58
102001,"TREVIÑO MORALES, Miguel Angel",9500000,4937398.00,6400000 COP,2,25.5
103197,Claudia Mendoza Díaz,18000000,10030533,12000000.00,10,42
103112,Diana Romero López,9500000.00,4775867,0,0,62
101076,Gabriel López Valencia,3500000.00,1821893,0,,33
103526,Rafael Caro-Quintero,50000000.00,30521588,0,0,26
101325,Sofía Paula Rojas Díaz,2500000,2185849,0 COP,0,16
101135,Jorge Torres Gómez,50000000,25653977.00,0,0,25
102365,Gabriel Esteban Mejía Torres,50000000,23817011,0.00,0,58
101999,José Claudia Romero Ospina,3500000,1942796 COP,1200000 COP,2,58
102600,HEZBOLLAH,"$ 5,000,000","$ 2,298,607",3500000.00,9 cuotas,21
103378,Jong-Un Kim,9500000,$7281445,0 COP,0,41
100188,Andrés Verónica Jiménez Martínez,35000000,20302168.00,$ 0,0,14
102820,Santiago Carlos Restrepo Castro,7200000,$5546807,500000,8.0,
100212,Natalia Romero Díaz,18000000,9220637 COP,0,0,72
100319,José Carlos Morales Jaramillo,35000000 COP,31174742,$ 0,0,14
103346,"TREVIÑO MORALES, Miguel Angel",2500000,"$ 1,461,149",0.00,0,23
100561,Laura Romero Silva,7200000.00,"$ 5,516,868",6400000,1,49.5
102959,Carlos Santiago Valencia Moreno,"$ 12,000,000",$4808772,0,0,74
103082,Paula López Navarro,,$3962123,$ 0,0,45
102266,,35000000,"$ 29,063,644",$ 0,0,47
101210,Ricardo Castro Navarro,2500000,,1200000,9 cuotas,82
101479,Diana García Gómez,3500000.00,2284498,0,0,65
100056,Camila Luis Rodríguez García,12000000,$10356251,0 COP,0,79
102874,,,22724320,0,0,15
102197,,,13312599,,0,79
100237,Luis Restrepo Gutiérrez,7200000,,1200000 COP,1 cuotas,27
102899,Ricardo Camila Sánchez Gómez,"$ 25,000,000",,1200000,3,53
103002,Patricia Ramírez Rojas,$50000000,26470516,6400000,3 cuotas,59
102570,"PURI, Genaro",25000000 COP,10632971,0 COP,0,25
103662,"ZAHHAR, Mahmoud Khaled","$ 7,200,000","$ 4,677,485",6400000.00,12,42
101001,"ABU TEIR, Mohammed",5000000,2687454,0.00,0,29
101016,,"$ 5,000,000",3176252 COP,,7,35
100734,"ZAHHAR, Mahmoud Khaled",2500000,,0.00,0,74
102265,,,14237241.00,$ 0,0,68
100616,Gabriel Verónica Castro Gutiérrez,"$ 2,500,000",,$ 0,0,38
100425,Carlos Carlos Suárez Silva,$7200000,3839497 COP,$1200000,10,78
102914,"MADURO MOROS, Nicolas",5000000.00,$2440250,0,0,
102610,Natalia José González Ramírez,$50000000,$43709212,$ 0,0,54
102870,Gabriel Hernández Navarro,7200000,2951740,0.00,0,14
100673,Nicolas Maduro Moros,"$ 7,200,000",4867485,$ 0,0,63
100370,Sofía Diego Chávez Sánchez,12000000,"$ 5,157,335",$500000,9.0,69 años
100607,"TREVIÑO MORALES, Miguel Angel",3500000,1988981 COP,0 COP,0,60
103500,Patricia Camila Rodríguez Navarro,35000000 COP,"$ 26,137,306",12000000,,81
100497,"MADURO MOROS, Nicolas",50000000 COP,29790035 COP,12000000 COP,6.0,29
100089,Natalia José Chávez García,"$ 25,000,000",11758042,0.00,0,54
100501,,,4796000,0,0,81
101449,Esteban Daniela Restrepo Vargas,18000000,11637737.00,,,44.5
102527,"SANCHEZ CEREN, Salvador",2500000,1368635 COP,1200000,7,22
100816,José Ramírez Arias,"$ 50,000,000",42330654,0 COP,0,
103202,"AL-ZAZA, Ziad","$ 18,000,000","$ 13,474,770",3500000,,15.5
100106,China Aerospace Science & Tech Corp,5000000,2242029,0.00,0.0,35
101015,HEZBOLLAH,"$ 9,500,000",4378902,$ 0,0.0,68
100721,Jorge Daniela Moreno Vargas,2500000,1451036,0 COP,0,71
103427,Juan Paula Torres Castro,3500000,"$ 2,228,748",$ 0,0,15
100896,"SANCHEZ CEREN, Salvador",18000000,10524614,0.00,0 cuotas,29
101395,Nicolas Maduro Moros,3500000,1549987.00,0.00,,27
102402,"MADURO MOROS, Nicolas",35000000 COP,26023688.00,,2 cuotas,70
101378,Luis Navarro González,25000000 COP,,0.00,0,15
102726,Verónica Camila Moreno Ortiz,5000000,4085270 COP,0,0,17
102875,"ABU TEIR, Mohammed",9500000 COP,6268518,0 COP,0,53
101303,Gabriel Jorge Arias López,25000000 COP,"$ 20,410,486",3500000.00,4,21.5
100974,Jamileh Abdullah Al-Shanti,3500000.00,3018624,$12000000,6,54
102839,Alejandro Patricia Morales Gutiérrez,2500000,1215249.00,0 COP,0,54
103000,HEZBOLLAH,2500000 COP,$1932187,3500000,,39
100666,Daniela Jaramillo Ortiz,7200000 COP,3363787,$ 0,0,24.5
100659,,,6168358,$ 0,0 cuotas,23
100643,Javier Lucía Díaz Restrepo,"$ 35,000,000",21059239.00,0.00,0,28
100972,,,"$ 1,570,560",6400000,9.0,71
100015,,,31152585,$ 0,0,33
100335,Laura Díaz Mendoza,3500000,1898871,0.00,,65 años
101519,Patricia Suárez Vargas,$18000000,11819531 COP,0 COP,0.0,
100351,Jorge Ana Torres González,$7200000,3788605,$ 0,0,56 años
102345,Ana Camilo Arias Jaramillo,"$ 7,200,000",,0,0,40
103101,Adriana Camilo Torres Sánchez,50000000,35226252,3500000,11,81
100827,Andrés Pérez Restrepo,"$ 7,200,000",$3419745,0 COP,0,75
103508,Luis Navarro Hernández,25000000,22468363,0,0,64
100607,"TREVIÑO MORALES, Miguel Angel",3500000,1988981 COP,0 COP,,
101081,Laura Juliana Moreno Arias,7200000.00,5350745,$ 0,0,79
100589,Ziad Al Zaza,35000000,17169877,12000000 COP,3 cuotas,71
103674,Mariana Adriana Restrepo Valencia,2500000,,3500000,7,43
101230,,,5797244,0 COP,0 cuotas,32
103034,José Morales Arias,50000000,$43607524,0 COP,0,73
103196,Luis Navarro Ramírez,5000000,4480869 COP,0 COP,0,73 años
101021,Mahmoud Khaled Zahhar,25000000 COP,14157868,6400000,,29
101525,Diego Diana Rodríguez Gutiérrez,3500000,1626460,0 COP,0,28
101167,Andrés Luis Gutiérrez Romero,2500000.00,2043243,$3500000,6,75
102102,Diana Javier Valencia Romero,2500000.00,1114697,0.00,0,43
100916,Mohammed Abu Teir,"$ 2,500,000",2115007.00,"$ 500,000",11,15
101032,Claudia Daniela Moreno Ospina,18000000,11730028,"$ 3,500,000",8,37
101222,,,2856832,6400000,1,74
100614,Claudia Silva Castro,35000000,"$ 16,957,232",3500000.00,9,64
101210,Ricardo Castro Navarro,2500000,2215699,1200000,9 cuotas,82
103713,Valentina Ortiz Jaramillo,2500000,1060293,"$ 3,500,000",8,14
103034,José Morales Arias,50000000,$43607524,0 COP,0,73
101722,José Ortiz Silva,3500000,2559345.00,"$ 500,000",,18
103548,"ZAHHAR, Mahmoud Khaled",50000000,24993734.00,6400000,5,14
101692,Adriana Suárez Silva,12000000,6207031,12000000,11.0,62.5
101997,Diego Vargas Pérez,3500000.00,2983363,,0,22
100857,"GUZMAN LOERA, Joaquin","$ 9,500,000",5511019,$500000,,15 años
101955,Andrés Lucía Navarro Restrepo,"$ 50,000,000",26707734,0,0,40 años
102771,Gonzalo Camilo Castro Rodríguez,25000000.00,"$ 19,998,738",500000,3.0,80 años
100267,Andrés Silva Díaz,"$ 5,000,000",3528307.00,0.00,,
101471,Alejandro Andrés Jiménez Mejía,,1079170,0.00,0.0,74
102978,"SAAB MORAN, Alex Nain","$ 50,000,000",22381053,0 COP,0,39
101536,,,1014556.00,0 COP,0 cuotas,75.5
101707,Laura Juan Martínez Sánchez,12000000,10620870,0 COP,0 cuotas,17
101233,Mohammed Abu Teir,25000000,11100248,0,0,17 años
100466,Andrés Laura Sánchez Mendoza,3500000 COP,2785620.00,0.00,,53
100656,Valentina Arias Mendoza,$2500000,2020735,0 COP,0,39
103421,Gabriel Pérez Sánchez,7200000,2887909.00,$ 0,0,46
101081,Laura Juliana Moreno Arias,,5350745,$ 0,0,79
100389,Natalia Gonzalo Restrepo Sánchez,18000000.00,8162653,0 COP,0,15
103338,Mariana Claudia Pérez Romero,3500000,2725011.00,0,0,30
100463,Daniela Javier Arias Díaz,35000000,16356130.00,6400000,10,60
103191,Javier Mariana Vargas Suárez,5000000,3826236,$ 0,0,29
101805,Andrés Verónica Sánchez Arias,7200000 COP,3864945 COP,0.00,,56.5
101772,Camilo Jorge Jiménez González,9500000.00,,0.00,0,74
103489,Ana Díaz Jaramillo,"$ 5,000,000",4453338 COP,$ 0,0,36
101651,Claudia Ortiz Suárez,"$ 50,000,000","$ 43,566,841",$ 0,0 cuotas,53
101831,Lucía Valencia Moreno,50000000 COP,28440489,0,0,28
100146,HAMAS,2500000,1476087,"$ 1,200,000",5,18
101488,Ricardo Sofía Ospina Jiménez,$35000000,14565361,0.00,0,16
100399,Javier Natalia Valencia Sánchez,9500000,7091446,$ 0,0.0,
103673,Fernando Natalia González López,25000000 COP,"$ 20,374,793",0.00,0,16
100883,Patricia Valentina Sánchez Navarro,3500000,1727209.00,0 COP,0,
100504,"PURI, Genaro",9500000,3826814 COP,3500000,10.0,28
103786,Carlos Ana Restrepo Jaramillo,50000000,"$ 33,754,004",0.00,0,60
102693,"AL-ZAZA, Ziad",35000000,$21059798,,0,
101854,Gabriel Jiménez Mendoza,$25000000,22457888 COP,3500000,8,66
102556,Gonzalo Sofía Castro Morales,"$ 12,000,000",7088235,3500000 COP,1 cuotas,33.5
102303,Camila Gonzalo Sánchez Moreno,$25000000,10548145,0,0,69
102141,Juliana Restrepo Gómez,3500000.00,1768867,0,0,84
101173,Diosdado Cabello Rondon,18000000 COP,"$ 13,019,050",6400000,12,74.5
102523,Juliana Valencia González,50000000 COP,40540482,0 COP,0,16
101587,Adriana Fernando Martínez Suárez,"$ 50,000,000",21580939,$ 0,0.0,14
103092,Valentina Mariana Ortiz Romero,9500000,7435052,0 COP,0,16
103010,Fernando Luis Vargas Vargas,35000000.00,19162123,$ 0,0.0,65
101910,Santiago Patricia Gómez Jiménez,2500000,1715898.00,"$ 1,200,000",12,15
103453,"SANCHEZ CEREN, Salvador",35000000,16492964.00,"$ 500,000",3,75
102152,"TREVIÑO MORALES, Miguel Angel",3500000,1908642,0 COP,0.0,17
102717,,,1898990,$ 0,0,60
101825,Javier Carlos Sánchez Moreno,50000000,29112335,"$ 1,200,000",4,55
101562,"TREVIÑO MORALES, Miguel Angel",12000000,10067314,0,0,41
100179,Natalia Adriana Valencia Mejía,5000000,"$ 4,228,242",0,0 cuotas,71
102184,"AL-ASSAD, Bashar","$ 50,000,000",34472519,$3500000,9,58
103422,Jong-Un Kim,7200000.00,$6089175,12000000,9,27
101880,Lucía Luis Torres Rodríguez,"$ 50,000,000",,"$ 12,000,000",10.0,15 años
101589,Luis Jorge Chávez Arias,2500000,,0,0,48.5
102870,Gabriel Hernández Navarro,7200000,2951740,0.00,0,14
101618,José Valencia Suárez,$25000000,21473774,0,0,68
102774,Juliana Torres Silva,9500000.00,6548499,0,0,71
102200,Felipe Gómez Navarro,12000000,"$ 9,703,420",0,0,32
100753,Sofía Adriana Torres Díaz,35000000,25260847,0,0,28
102751,Ana Diego García Mendoza,25000000,18440367.00,0 COP,0,39
101167,Andrés Luis Gutiérrez Romero,2500000.00,2043243,$3500000,6,75
101754,Ricardo Felipe Romero Hernández,35000000.00,14685840,1200000 COP,9,15
102783,Luis Claudia Moreno Navarro,5000000,3538787.00,3500000,4,42
103517,,,8299455.00,0 COP,0,19 años
103654,"AL-SHANTI, Jamileh Abdullah",50000000,"$ 40,511,329",3500000.00,8,56
101498,Sofía Patricia Jaramillo Torres,7200000 COP,"$ 4,761,760",0,0,26
102056,Diego José Navarro Romero,35000000,22808261,$12000000,,
100733,Santiago Andrés Valencia Díaz,18000000,10533397.00,6400000,7 cuotas,
100257,Paula Mejía Ortiz,3500000,"$ 2,144,606",0,0,
100163,Natalia Ospina López,"$ 2,500,000",1886436.00,"$ 500,000",7,44
101496,Patricia Camila Suárez Suárez,18000000,$13064183,$ 0,0,41
103246,Jorge Paula Moreno Mejía,18000000.00,12168944,0 COP,0,82
102107,Jamileh Abdullah Al-Shanti,$18000000,,0 COP,0,40
101972,Diana Mateo Jiménez Sánchez,$18000000,14274730.00,0,0,24
100551,Juan Ramírez Díaz,5000000.00,3179171,3500000.00,,76 años
102116,Diosdado Cabello Rondon,35000000 COP,19013211,0.00,0,43
103552,Fernando Sofía Valencia Jaramillo,35000000,19005113.00,0.00,,30 años
102966,Camila Adriana Chávez Díaz,2500000,,0 COP,0,41
100541,Ziad Al Zaza,3500000.00,"$ 3,008,560",$ 0,,
103595,Felipe Camila Jaramillo López,7200000,4517132,12000000.00,2,32
103673,Fernando Natalia González López,25000000 COP,"$ 20,374,793",0.00,0,16
101757,"LUKASHENKO, Aleksandr",$9500000,7961536.00,0 COP,0,25 años
103727,Laura Patricia Jaramillo Ortiz,$25000000,$18519933,$ 0,0,66
102367,Mohammed Abu Teir,7200000,5760581,$ 0,0,32
102668,Gonzalo Laura Torres Restrepo,5000000,$3191388,"$ 1,200,000",8,16
102261,Claudia Esteban Morales Arias,$7200000,5885785,0,0.0,34
103063,Ricardo Esteban Ramírez Sánchez,2500000.00,1955305,$ 0,0,60
103219,Ziad Al Zaza,"$ 25,000,000",12285898.00,0.00,0,85 años
103294,Mohammed Abu Teir,2500000,"$ 1,628,094",500000.00,12,48.5
101518,"SAAB MORAN, Alex Nain",3500000.00,1969513,0.00,0,15
102622,Camilo Martínez Vargas,25000000,"$ 15,299,286",0 COP,0,81
102760,Fernando Ortiz Díaz,"$ 7,200,000",$5811086,0 COP,0,26.5
103193,"GUZMAN LOERA, Joaquin",2500000,1220759 COP,$ 0,0,65
103340,Luis Fernando Moreno Moreno,"$ 2,500,000",1498002,0 COP,0 cuotas,53 años
102288,Carlos Arias González,12000000 COP,8162100,$500000,6.0,16
102306,,,17054429,0 COP,0,54
102595,Juan Patricia García Suárez,9500000 COP,$6002822,$ 0,,23
100380,,,1538445,,0,43 años
100748,Javier Morales Rojas,12000000.00,9287372,"$ 500,000",3,74
103574,Ana Andrés Mejía González,"$ 25,000,000",18608474 COP,0 COP,0,36
102514,Felipe Diana Pérez Mejía,7200000,3480877,0,0,62
103130,Verónica Claudia Mejía Vargas,3500000,,$ 0,0,66.5
101959,HAMAS,5000000,3316855,$ 0,0 cuotas,
102823,HEZBOLLAH,"$ 35,000,000",20331138.00,0.00,0,44
101103,Patricia Chávez Gutiérrez,9500000,6405590 COP,0 COP,0,73
101495,Rafael Caro-Quintero,35000000,19419073.00,0 COP,0,54
103507,Jorge Claudia Gutiérrez Restrepo,"$ 2,500,000",1654145,"$ 12,000,000",1,27
103658,Carlos Mejía Ramírez,18000000.00,"$ 14,381,682",0.00,0,37
100882,Ana Díaz Martínez,18000000,14655841,$ 0,0,43
100081,,,5952535,0 COP,,69
103196,Luis Navarro Ramírez,5000000,4480869 COP,0 COP,0,73 años
102587,,,,"$ 3,500,000",3,30
101407,Esteban Luis Pérez Díaz,7200000,"$ 4,110,886",0 COP,,
103063,Ricardo Esteban Ramírez Sánchez,2500000.00,,$ 0,0,60
100683,Andrés Patricia Pérez Morales,"$ 5,000,000",2140095,0.00,0 cuotas,14 años
101075,Juan Camilo Pérez González,"$ 3,500,000",3105547,0.00,0,42 años
102157,Gabriel Mariana Ramírez Ramírez,3500000 COP,2311993,,0.0,17
100553,Javier Juliana Rojas Valencia,35000000,23116209.00,500000,11,64
101972,Diana Mateo Jiménez Sánchez,$18000000,14274730.00,0,0,24
101408,Felipe Gómez Ramírez,9500000,6577310,0 COP,0,38
102445,Javier Restrepo Mendoza,"$ 5,000,000",3249798,0,0,67
100903,Esteban Suárez Suárez,3500000,1620198 COP,$ 0,0 cuotas,62
100770,Claudia Rojas Arias,18000000,$10423507,0 COP,0,30
100079,Mateo Pérez Jaramillo,3500000,"$ 1,888,124",,0,38 años
100512,"GUZMAN LOERA, Joaquin",5000000,3359051,0.00,0,49
101400,,,20424472.00,,0 cuotas,36 años
101091,María Torres Martínez,7200000,4034498 COP,0.00,0,41
103158,Daniela Diana Gutiérrez Suárez,9500000.00,5332350,0,0,53
102791,Laura Sofía Jaramillo Suárez,7200000,3265398,0 COP,0,29 años
100813,Camilo Jaramillo Silva,2500000.00,1457942,0.00,0,62
101329,Jong-Un Kim,"$ 2,500,000",$1451157,,0 cuotas,71
103157,Carlos Javier Torres Romero,9500000,4170193.00,1200000,9,
100515,Ana Torres González,5000000.00,"$ 3,396,058",$ 0,0,54
102967,Mariana Juan Suárez Moreno,5000000.00,3981153.00,0 COP,0.0,45 años
101325,Sofía Paula Rojas Díaz,2500000,2185849,0 COP,0,16
101211,Santiago Torres Valencia,12000000,9869124.00,$ 0,0,53.5
102953,Camila Natalia Gutiérrez Hernández,35000000,30207571 COP,0 COP,,
101678,Verónica Felipe Mendoza Hernández,$35000000,16363999,0.00,,16
100731,"MADURO MOROS, Nicolas",35000000 COP,23735653,,3,16.5
101500,Daniela Camilo Chávez Martínez,9500000,4236549 COP,,0,32
103644,Bashar Al Assad,50000000,,,7,70 años
103007,Mateo Ana Rojas López,$18000000,$10948695,12000000.00,1,
102177,"SAAB MORAN, Alex Nain",50000000.00,23739500,"$ 6,400,000",8,14
102762,Camila Mateo González Moreno,18000000,8532111,0 COP,0,17
102067,Ziad Al Zaza,5000000,3905082,0.00,0,45
103130,Verónica Claudia Mejía Vargas,3500000,"$ 1,859,291",$ 0,0,66.5
101853,Sofía Chávez Romero,3500000,"$ 1,865,949",0,0,84
101230,,$9500000,5797244,0 COP,0 cuotas,32
100154,Paula Ricardo Ospina Valencia,50000000,44610994,0 COP,0.0,30
102336,Jorge Silva Pérez,12000000,8363262,0 COP,0,40
100153,Javier González Silva,"$ 12,000,000",5735947,0.00,0.0,70
103562,Felipe María Ramírez Jiménez,5000000 COP,3570620.00,0 COP,0,64
102211,Daniela López Hernández,"$ 9,500,000",3865233,0,0,73 años
101825,Javier Carlos Sánchez Moreno,,29112335,"$ 1,200,000",4,55
102340,,,27131215.00,0,0,31
101619,Andrés Javier Castro Mejía,5000000,"$ 2,150,275",6400000 COP,,51
102804,Gabriel Restrepo Hernández,12000000,$9985693,0.00,0.0,60 años
100693,Gonzalo Rodríguez Silva,12000000.00,7707972,6400000 COP,9,63
103785,Mahmoud Khaled Zahhar,25000000,14917497,$ 0,0,51
100056,Camila Luis Rodríguez García,12000000,$10356251,0 COP,,79
100834,Tareck Zaidan El Aissami,$2500000,$1782240,0,0.0,84
101046,Felipe Juan Suárez López,18000000,13112385,0.00,0,32
102704,Diego Carlos García Suárez,50000000.00,28232118,$12000000,11 cuotas,45.5
103552,Fernando Sofía Valencia Jaramillo,35000000,19005113.00,0.00,0,30 años
100814,Gonzalo Juliana Pérez Vargas,5000000 COP,,0.00,0,63 años
101366,Ismael Zambada Garcia,12000000,9837135,0 COP,0.0,64
102563,Ricardo Rojas Martínez,9500000,4521796,12000000,10,65.5
102690,,,1449076,0 COP,0,32
103726,Jorge Felipe Restrepo Silva,25000000,11718909,,0.0,72
103533,Tareck Zaidan El Aissami,7200000,5607995 COP,0 COP,0,79
102687,Nicolas Maduro Moros,18000000.00,$14185932,0 COP,0,74
103135,Camila Torres Rodríguez,2500000,$1650811,1200000.00,9.0,56
100538,Claudia Castro González,2500000,$1237312,,0,17
100325,Jorge Jorge Rodríguez Moreno,35000000,29814323.00,12000000,2,57.5
101940,Natalia Suárez Mejía,18000000,10111148,0.00,0 cuotas,52
100270,Claudia Jorge Castro Morales,5000000,3795936,$ 0,0,16
101614,Gabriel María Suárez Hernández,35000000,24711269.00,1200000.00,6,64
103595,Felipe Camila Jaramillo López,7200000,4517132,12000000.00,2,
103622,Ana Valencia Navarro,2500000,"$ 1,524,477",0.00,0,73
102959,Carlos Santiago Valencia Moreno,"$ 12,000,000",$4808772,0,0,74
100102,Andrés Hernández Valencia,9500000,3857986,0 COP,0,
100373,José Díaz Sánchez,25000000.00,10992561,0.00,,48
100179,Natalia Adriana Valencia Mejía,5000000,"$ 4,228,242",0,0 cuotas,
100732,Nicolas Maduro Moros,"$ 5,000,000",$4134573,500000,1.0,59
100014,Fernando Diana Ramírez Castro,50000000.00,34307064 COP,$ 0,0.0,36
102411,Juan Moreno Gutiérrez,"$ 5,000,000",2683175 COP,0.00,0 cuotas,62
100757,Gabriel Claudia Morales Martínez,"$ 18,000,000",,6400000,3 cuotas,
103432,"PURI, Genaro",7200000,"$ 5,083,393",0,,44
101865,Camila Mendoza Vargas,$9500000,5828504,$ 0,0.0,68.5
101199,Natalia Luis Restrepo García,25000000,16156305.00,0.00,0,49
100447,Camilo Morales Martínez,7200000 COP,5758431,0.00,0,14
103797,Fernando Gonzalo Chávez Moreno,3500000.00,1938601,3500000,6,
100006,Jong-Un Kim,7200000,6466914 COP,0,,16
100046,Mateo Alejandro Moreno Morales,12000000,10333678,1200000,8,78
101398,Adriana Carlos Sánchez Jiménez,18000000,15550109.00,$ 0,0,75
103777,Miguel A. Treviño Morales,12000000,$5197278,0 COP,0,16
102569,,,"$ 3,487,979",$ 0,0,54
100853,Ana Ricardo Hernández Rodríguez,$7200000,4217700,0.00,0,23
101536,,2500000 COP,1014556.00,0 COP,0 cuotas,75.5
103541,China Aerospace Science & Tech Corp,3500000,2176604,0.00,0,67
102150,Gabriel Silva Morales,$12000000,$5659770,0.00,0,
101817,Jorge Lucía González González,$18000000,15905427,0,0,32 años
103000,HEZBOLLAH,,$1932187,3500000,5,39
102771,Gonzalo Camilo Castro Rodríguez,25000000.00,"$ 19,998,738",,3.0,80 años
101365,Diana López Pérez,35000000,,0,0,17
100788,Ricardo Sofía Hernández Castro,"$ 9,500,000",3906781.00,1200000,4,24
100645,"MADURO MOROS, Nicolas",5000000,2393740 COP,0,0,60
101434,"AL-ASSAD, Bashar",9500000,6526893,0 COP,0,38
102214,Gabriel Silva Jiménez,2500000,"$ 1,107,649",0 COP,0,14
100220,"AL-ZAZA, Ziad",35000000 COP,"$ 15,374,548",0,0 cuotas,70
102920,Tareck Zaidan El Aissami,2500000,,0.00,0,14
101866,Andrés Ospina González,"$ 9,500,000",7051270,$1200000,3,
100588,Alex Nain Saab Moran,$12000000,9532672,6400000,2,43
100123,Alejandro Gonzalo Ospina Mejía,50000000,$23184850,$ 0,0,67
102475,Rafael Caro-Quintero,18000000,12514823,6400000,7,16
101641,Gonzalo Luis Silva Ospina,18000000,"$ 12,304,900",500000 COP,12,45
103212,Daniela Morales Restrepo,$12000000,8130526,0,0,55
103028,Jamileh Abdullah Al-Shanti,18000000.00,10146674,1200000 COP,10,56
100285,Laura Camila Silva Navarro,25000000,16640697.00,3500000.00,5.0,15
103346,"TREVIÑO MORALES, Miguel Angel",2500000,,0.00,0,23
100801,Felipe Fernando Suárez Valencia,12000000.00,10741735.00,0.00,0 cuotas,45
102386,Ricardo Lucía Moreno Pérez,35000000,$28363182,0.00,0,14
102880,Ana Martínez Gómez,18000000,10854293,1200000.00,4 cuotas,58
102560,Ziad Al Zaza,5000000,2335693,0 COP,0,44
103440,Javier Suárez Romero,$18000000,,0.00,0,78
102655,Jamileh Abdullah Al-Shanti,12000000,6154445,0.00,0,70
103660,Andrés Arias Ospina,2500000.00,"$ 2,222,791",6400000,12,52
101739,Mariana Ortiz Vargas,9500000,$6008447,"$ 6,400,000",11.0,72.5
100155,Claudia Juliana Romero López,12000000,8010199,$ 0,,16
102117,José Rojas Ospina,2500000.00,1868813,$ 0,0,80
103701,Luis Juliana Silva Martínez,9500000.00,7642254,$12000000,2,28
100144,Alejandro Fernando Mendoza Díaz,9500000,,0.00,0,35
101174,Javier Ana Mendoza Rodríguez,"$ 7,200,000",$4625706,0,0.0,29
103036,Andrés Claudia Chávez Gómez,25000000,19409516,0.00,0,70
100740,Natalia Patricia Gutiérrez Mejía,9500000,7388548,$ 0,0,40
102706,Felipe Mateo Suárez Gutiérrez,18000000,$11471306,"$ 6,400,000",7.0,52
101900,Patricia Diana Martínez Díaz,35000000 COP,25154922,$ 0,0,20
101075,Juan Camilo Pérez González,"$ 3,500,000",3105547,0.00,0,42 años
103758,,,"$ 29,778,844",0.00,0,24
101045,Claudia Rojas González,$2500000,1841002,500000,11,29
102129,Valentina Restrepo Gómez,7200000,5302064,1200000.00,8,57
103406,"ABU TEIR, Mohammed",50000000 COP,"$ 22,298,532",0,0,30
100097,Jorge Patricia Castro López,50000000,40080001,"$ 3,500,000",8,15
101539,Diana Diana Pérez Ramírez,"$ 12,000,000",,6400000 COP,6,35
101037,"CABELLO RONDON, Diosdado",25000000,22242774,0,0,29
103197,Claudia Mendoza Díaz,18000000,10030533,12000000.00,10,
100284,Patricia Patricia Vargas Valencia,"$ 3,500,000",2997066,12000000,12,31
103148,"AL-ASSAD, Bashar","$ 2,500,000",2166117,0 COP,0,27
103183,Laura García Chávez,"$ 18,000,000",$10835214,1200000,1,67
102722,,,6800638,0,0,25
101654,Adriana Verónica Jaramillo Restrepo,25000000,19505663,0 COP,0,39
102792,Javier Moreno Jiménez,$12000000,7719021,500000,4.0,42 años
102653,Alejandro Ospina Mendoza,35000000,25259633 COP,0,0,42
103671,Ziad Al Zaza,"$ 7,200,000",5785573,0.00,0,14
102948,Valentina Castro Rodríguez,5000000,3222236 COP,0.00,0,22
101389,Verónica Mariana Rodríguez López,,7698511.00,0,0 cuotas,29
102777,Aleksandr Lukashenko,$50000000,25514313,0 COP,0,17
102002,"MADURO MOROS, Nicolas","$ 12,000,000","$ 9,818,562",$ 0,0,85
100058,Nicolas Maduro Moros,12000000,8120446 COP,500000.00,11,66
100699,"SANCHEZ CEREN, Salvador",2500000,"$ 1,224,266",0 COP,0,17
101381,Jorge Castro Restrepo,7200000,3395116,"$ 1,200,000",10,48
102429,Andrés Morales López,9500000,5452304,12000000.00,2 cuotas,57.5
100546,Natalia Mariana Gutiérrez López,7200000,"$ 3,875,135",0 COP,0,84
102894,José Vargas Pérez,12000000,,0 COP,0,20
102142,Javier Sofía Torres Rojas,2500000,$1606326,$ 0,0,
102937,"CABELLO RONDON, Diosdado",3500000,"$ 1,970,731",0 COP,0 cuotas,75
100481,Mateo Gutiérrez Castro,18000000 COP,8504471,0.00,0,17
100793,,,4089208.00,500000,8,40.5
101167,Andrés Luis Gutiérrez Romero,2500000.00,2043243,$3500000,6,75
100647,María Martínez Vargas,5000000.00,3973867.00,12000000,4 cuotas,74
101335,Gonzalo Gonzalo Ortiz Sánchez,"$ 25,000,000","$ 13,489,635",3500000.00,7 cuotas,31
103647,Jorge Mejía Martínez,2500000,1522214 COP,0,0,27.5
100828,Andrés Valentina Moreno Rojas,3500000,2191772.00,6400000,4,69
101878,Aleksandr Lukashenko,9500000,4568563.00,0 COP,0,23
103510,Santiago Jorge Pérez Arias,"$ 12,000,000",,0 COP,,63
101015,HEZBOLLAH,"$ 9,500,000",4378902,$ 0,0.0,68
103004,Carlos María López Jaramillo,9500000.00,7115761.00,$500000,10,20
102839,Alejandro Patricia Morales Gutiérrez,2500000,,0 COP,0,54
100065,Jamileh Abdullah Al-Shanti,3500000,,0,0,16 años
100757,Gabriel Claudia Morales Martínez,,$14582382,6400000,3 cuotas,16
101744,Daniela Alejandro López Mendoza,7200000.00,"$ 4,822,681",0.00,0,26.5
100454,HAMAS,50000000,31890725,3500000,12,
102296,Jamileh Abdullah Al-Shanti,9500000,6191938,0 COP,0,38
103020,Camila Lucía Navarro Rodríguez,$25000000,"$ 19,853,795",6400000,1 cuotas,54
100259,Claudia Lucía Rojas Martínez,35000000.00,25870395,0,0,25
102778,"AL-ASSAD, Bashar",5000000 COP,,1200000,8,
100328,Luis Ospina Pérez,35000000,30305125,0,0,76
102855,Ricardo Mateo Hernández Navarro,2500000 COP,1696757,6400000.00,11,
101420,Fernando Juliana Ramírez Jaramillo,35000000,25281760,$ 0,0,15 años
103419,"SAAB MORAN, Alex Nain",2500000.00,1008265,$ 0,,17
101245,Gonzalo Camilo Valencia Ospina,25000000.00,$15725088,$ 0,0,51 años
100607,"TREVIÑO MORALES, Miguel Angel",3500000,1988981 COP,0 COP,0,60
100746,Ismael Zambada Garcia,2500000,1185422 COP,0.00,0,36
102353,"TREVIÑO MORALES, Miguel Angel",5000000,2403136 COP,0 COP,0,29 años
102211,Daniela López Hernández,"$ 9,500,000",3865233,0,0,73 años
103024,Felipe Gonzalo Torres Gómez,12000000,10668135,$ 0,0,53
102996,Felipe Mariana Jiménez Sánchez,25000000,21597641 COP,$ 0,0,17
103444,"SANCHEZ CEREN, Salvador","$ 50,000,000","$ 36,672,193",$ 0,0,75
100092,Camilo Rojas Castro,35000000,16045331.00,3500000,2,75
101615,"LUKASHENKO, Aleksandr",9500000,$4729649,0,0.0,51
101628,"CARO QUINTERO, Rafael",50000000,"$ 32,788,896",,0,49
103037,Ricardo José Morales Valencia,$9500000,8443237,0 COP,0,36
100851,Mateo Pérez Torres,18000000,$13757449,0.00,0,46
103097,"PURI, Genaro",12000000 COP,"$ 5,196,694",6400000 COP,11,73
103409,Diego Andrés Castro Vargas,$5000000,2498143,$ 0,0 cuotas,63
103240,Ricardo Diego Ortiz Rodríguez,7200000,2976624,,0,53
102014,Diana Fernando Arias Vargas,25000000.00,21334914,0 COP,,36
103556,Luis Natalia Jaramillo Restrepo,50000000,,0,0,16
101309,Juan Santiago Martínez Torres,5000000,3454136,$ 0,,19 años
102104,Paula Mendoza García,12000000,5092289.00,1200000,11,44
103573,Juliana Hernández Mejía,25000000,$22092300,0 COP,0.0,71
100560,Laura Paula Torres Gómez,"$ 12,000,000",9760931,$ 0,0,52
103406,"ABU TEIR, Mohammed",50000000 COP,"$ 22,298,532",0,0,30
103782,Diana Luis Sánchez Ramírez,5000000,3295426,,0,70
100117,Camilo Alejandro Vargas Silva,$35000000,,0,0,32 años
101740,Ricardo Ramírez Pérez,2500000,1599397,$ 0,0,25 años
100487,Valentina Martínez Jaramillo,"$ 7,200,000","$ 3,343,372",0.00,0,65 años
103768,CHINA AEROSPACE SCIENCE AND TECHNOLOGY CORPORATION,25000000,19466675,0,0,14
101442,José Rojas Moreno,"$ 2,500,000",1943187 COP,"$ 1,200,000",3,
101154,Laura Carlos Morales Castro,50000000,28695913.00,0.00,0,65.5
101501,Bashar Al Assad,7200000,"$ 6,351,349",500000 COP,,14
101554,Rafael Caro-Quintero,25000000,$18419071,0 COP,,62
103122,Diana Camilo Ramírez Mejía,12000000,5541692,$ 0,0,25
100925,Daniela Silva Valencia,18000000.00,9752502,0 COP,0,16
102761,Gonzalo Juan Pérez Ortiz,35000000,"$ 18,675,521",0 COP,0 cuotas,39.5
103036,Andrés Claudia Chávez Gómez,25000000,19409516,0.00,0,70
101140,Esteban Restrepo Mejía,$3500000,2965820 COP,0,0.0,72
102094,Esteban Navarro Mejía,35000000,25524594,0,0,24
103022,Jorge Andrés Rodríguez González,7200000.00,4099073 COP,6400000,12,28
102707,Gonzalo González García,"$ 18,000,000",10404875 COP,$ 0,0,55
103129,Adriana Jiménez Rodríguez,25000000 COP,12885272,,0,25
102280,Daniela María López Vargas,12000000.00,5716419,"$ 12,000,000",8,15
101996,Ziad Al Zaza,$35000000,20013273.00,0,0.0,49
101078,Javier Santiago Martínez Navarro,12000000,9917245,3500000,12,25
100525,Fernando Rodríguez López,3500000,2395496.00,0 COP,0,42
101463,Alejandro Restrepo Moreno,9500000 COP,6149782.00,$ 0,0,50
101382,José Luis Silva Sánchez,"$ 12,000,000",6893260,$ 0,0,14
102408,Adriana Claudia Rodríguez Jaramillo,2500000,1826550.00,0,0 cuotas,40
100409,"KIM, Jong Un","$ 12,000,000",5024265,0 COP,0,15
101785,Alejandro Silva Romero,12000000,7066425.00,0,0,55
102349,,,5799763 COP,500000,9,49
101749,Laura Claudia García Jaramillo,7200000 COP,"$ 5,128,460",$ 0,0,54
101697,Ricardo Juliana Hernández Castro,7200000,$4130339,$ 0,,51
100872,Juan Camilo Vargas Mejía,,"$ 6,768,578","$ 500,000",11 cuotas,30
101894,Lucía Ana Castro Romero,25000000.00,$13349199,0 COP,0.0,31
103465,Mateo García Morales,12000000,"$ 7,574,920",0 COP,0,21
100113,Gabriel Diana Torres Castro,18000000,9602412,0.00,,22
100119,María Rojas Ramírez,9500000.00,6004758,0,0,15
103204,"KIM, Jong Un",9500000,$6928685,0 COP,0,19
101625,Luis Mateo Romero Pérez,9500000 COP,7919065,0,0,14
103623,Camilo Camilo Chávez Mejía,3500000.00,2399203,$ 0,0,71
100590,Daniela Gabriel Restrepo Morales,12000000.00,6775715,0.00,0.0,14
102235,Ana Natalia Sánchez Hernández,9500000,5887508.00,$ 0,0,24
100086,Felipe Romero Silva,$7200000,6347935 COP,$ 0,,17
102617,Gabriel Suárez Silva,"$ 2,500,000",1863353,,0,14 años
101232,Mariana Navarro Chávez,3500000,2336093,6400000,,75 años
103548,"ZAHHAR, Mahmoud Khaled",50000000,24993734.00,6400000,5,14
102073,Lucía Laura Díaz Chávez,5000000.00,$4289727,,0,37
103240,Ricardo Diego Ortiz Rodríguez,7200000,2976624,0 COP,0,53
103469,José Gutiérrez Ramírez,25000000,$15888641,0,0 cuotas,23 años
100813,Camilo Jaramillo Silva,2500000.00,1457942,0.00,0,62
103714,Esteban Diego Ramírez Rodríguez,,13153692.00,6400000,8.0,76
101756,"SANCHEZ CEREN, Salvador",$18000000,"$ 12,619,043",0,0,50
103388,Diana Restrepo Ospina,5000000,2007689,0,0,
100533,Claudia Mejía Suárez,"$ 5,000,000","$ 4,117,401",0 COP,,67 años
101188,Mateo Torres Rodríguez,12000000,9597172,6400000,10.0,29
103569,Diego Jaramillo Ramírez,7200000 COP,6144641,0.00,0,59
101363,Patricia Martínez Martínez,3500000,3076557.00,"$ 12,000,000",7.0,56
101616,María Suárez Silva,$7200000,"$ 3,565,958",6400000,7 cuotas,49
103595,Felipe Camila Jaramillo López,7200000,4517132,12000000.00,2,32
101283,China Aerospace Science & Tech Corp,7200000,4385991,3500000.00,4.0,70
102117,José Rojas Ospina,2500000.00,1868813,$ 0,0,80
100608,Felipe Mariana Martínez Castro,3500000,1418060,0.00,0,61
101808,Lucía Mejía López,3500000,1566738,3500000 COP,10.0,65
103556,Luis Natalia Jaramillo Restrepo,50000000,"$ 30,901,712",0,0,16
103770,Sofía Carlos Vargas Arias,2500000.00,1317071,$ 0,0,65 años
102418,Fernando Diana Navarro Romero,9500000,4606865,0,0,
100179,Natalia Adriana Valencia Mejía,5000000,,0,0 cuotas,71
101323,Andrés Martínez Mendoza,12000000,$5064972,$ 0,0.0,27
100084,Camila Navarro Pérez,9500000,6255620,0 COP,0,74
103014,Felipe Mejía Restrepo,25000000,10665277,"$ 3,500,000",3,72.5
101951,Adriana Valencia Suárez,12000000.00,10732911,1200000,2,83
102102,Diana Javier Valencia Romero,2500000.00,1114697,0.00,0,43
102159,Bashar Al Assad,35000000.00,"$ 28,395,005","$ 500,000",9,71
101230,,$9500000,5797244,0 COP,0 cuotas,32
102091,Fernando Luis López González,3500000,"$ 2,952,893",0 COP,0,33
100466,Andrés Laura Sánchez Mendoza,3500000 COP,2785620.00,0.00,,53
103102,Diego Natalia Arias Jaramillo,$50000000,35073051,0.00,0,21
103570,Camila Pérez Chávez,5000000,"$ 2,072,186",,,24 años
102686,"CABELLO RONDON, Diosdado","$ 25,000,000","$ 14,061,443",0.00,0,14
103295,Verónica Romero Navarro,2500000.00,1929749.00,3500000,3,16
102661,Valentina Sofía Jaramillo Torres,5000000,2971257.00,0.00,0,19 años
103152,Ismael Zambada Garcia,9500000.00,8092737,3500000,9,45
102397,Mariana Javier Rodríguez Valencia,18000000,8012001,6400000,2,35
100420,"ABU TEIR, Mohammed",5000000.00,4326669.00,6400000,7 cuotas,32
102102,Diana Javier Valencia Romero,2500000.00,1114697,0.00,0,43
101097,Ana Lucía Hernández García,9500000.00,7797305,500000.00,1,26
101179,Paula Lucía Rodríguez Díaz,50000000,40320618.00,0,0,47
103775,Gabriel Felipe Suárez Castro,"$ 9,500,000",$5982959,$ 0,,32
102547,Mateo Natalia Jaramillo Díaz,18000000,"$ 7,607,328",,0,29
100640,"EL AISSAMI MADDAH, Tareck Zaidan",5000000,2527670 COP,500000.00,7,69
101469,Gabriel Martínez Rodríguez,$25000000,18647577 COP,0 COP,0,15
102529,María Alejandro Restrepo Sánchez,18000000,14441766,500000 COP,,57
102893,Andrés Suárez Torres,,3597698,500000 COP,10,14
103201,Mateo Felipe García Jaramillo,9500000,5351915,$ 0,0,26
103731,Adriana Sánchez Morales,7200000.00,"$ 4,448,838",3500000,8,59
103355,Laura Romero Jiménez,25000000,,0.00,0,15
101174,Javier Ana Mendoza Rodríguez,"$ 7,200,000",$4625706,0,0.0,29
100565,Gabriel Arias Ortiz,$2500000,1128329,0 COP,0,43
102939,Natalia Mariana Torres Gómez,2500000,1609370.00,0 COP,0,53.5
103696,Lucía López Torres,12000000,8119534.00,0,0,14
100032,Fernando Ricardo Hernández Moreno,18000000,7387262,0.00,0,40
103176,Sofía Mariana Moreno Navarro,"$ 50,000,000",41336344,0 COP,0.0,61
100380,,3500000,,$ 0,0,43 años
103646,China Aerospace Science & Tech Corp,$5000000,"$ 2,661,164",,10,60
101063,Adriana Martínez Romero,"$ 12,000,000",$9575835,$ 0,0,61
101388,Mariana Gómez Ospina,7200000,"$ 3,442,730",0 COP,0,17
102925,Jorge Mendoza Ramírez,12000000,10085436,0,,21.5
100335,Laura Díaz Mendoza,3500000,1898871,0.00,0 cuotas,65 años
102393,Natalia Esteban Navarro Chávez,3500000,2383467 COP,0,0,25
102912,Mateo Felipe Ramírez Mejía,35000000,24575065,0 COP,0.0,
101865,Camila Mendoza Vargas,$9500000,5828504,$ 0,0.0,68.5
101513,Diana Mateo Sánchez Sánchez,50000000 COP,$39553906,500000.00,3 cuotas,24
103240,Ricardo Diego Ortiz Rodríguez,7200000,,0 COP,0,53
100501,,"$ 9,500,000",4796000,0,0,81
103120,Mariana Daniela Jaramillo Ramírez,25000000,$19524558,$3500000,6,28
100953,Gonzalo Arias Suárez,$2500000,1306645,,0,44
102298,Juan Ortiz Rodríguez,35000000.00,"$ 24,535,327",0 COP,0,14
102058,Ana Camilo Castro Jaramillo,"$ 7,200,000",3425800,6400000 COP,7 cuotas,44
101004,"EL AISSAMI MADDAH, Tareck Zaidan",12000000,"$ 10,462,441",0,0,
100739,María Juan Jiménez Restrepo,2500000,1491582 COP,12000000 COP,1.0,67
102219,CHINA AEROSPACE SCIENCE AND TECHNOLOGY CORPORATION,$9500000,"$ 5,791,700",$ 0,0.0,74
102779,Jong-Un Kim,"$ 50,000,000",43011264,"$ 12,000,000",10,16.5
101690,,,14178603,0 COP,0,74 años
103080,"SAAB MORAN, Alex Nain",35000000,18968737.00,0.00,0,26
102265,,18000000,14237241.00,$ 0,0,68
103125,Juan González Gutiérrez,7200000,5876024,0,0 cuotas,52
102213,Adriana Torres Romero,2500000 COP,1945699,0,0,50
102674,María Ospina Mendoza,35000000,28778675,0.00,0,85
100661,Daniela Sofía Mendoza López,$35000000,24191458,6400000,7,33
102500,Andrés Claudia Restrepo Morales,3500000.00,2046264.00,0 COP,0 cuotas,48
100862,Mariana Hernández Jiménez,25000000 COP,"$ 18,612,723",,0,
101692,Adriana Suárez Silva,12000000,6207031,12000000,11.0,62.5
103329,Luis Mariana Sánchez Moreno,35000000,29107254,0.00,0.0,63
101820,Carlos Romero Castro,18000000,8193025,0,0,25
100959,Ismael Zambada Garcia,3500000 COP,2965884,0 COP,0,68
103563,Sofía Navarro Sánchez,2500000,1989004.00,3500000,5 cuotas,80
100521,Camila Ramírez García,3500000,2923246.00,$ 0,0,25
100008,"AL-ZAZA, Ziad","$ 9,500,000",5679982,0,0,63
102785,Andrés Luis Valencia Ospina,2500000,1171295,0.00,0,50
101295,Jorge Arias Valencia,5000000.00,3904878,0 COP,,64 años
100806,Jorge Lucía García Gutiérrez,50000000,30240708,0 COP,0,
103309,HAMAS,"$ 2,500,000","$ 1,714,993",0,0,73
102128,Laura Alejandro Martínez Jiménez,35000000,$17314427,12000000 COP,3,14.5
102371,HEZBOLLAH,$50000000,,0,0,71
101234,Luis Ana Valencia Martínez,18000000.00,7416512,500000,9,39
100954,Fernando Esteban González Arias,18000000,13307477 COP,500000,5,23
102118,,,1490786.00,12000000,,38
101724,Valentina Andrés Chávez Moreno,3500000,2247300,$ 0,0,17
101276,"MADURO MOROS, Nicolas",35000000,25402140.00,0.00,,24
102471,,,4815128 COP,,0 cuotas,
101408,Felipe Gómez Ramírez,9500000,6577310,0 COP,0,38
102523,Juliana Valencia González,50000000 COP,40540482,0 COP,0,16
101910,Santiago Patricia Gómez Jiménez,2500000,1715898.00,"$ 1,200,000",12,15
101486,Daniela Vargas Gómez,5000000 COP,2001357,0 COP,0.0,85
100815,Valentina Natalia López Rodríguez,35000000,18922947.00,,7 cuotas,31
100731,"MADURO MOROS, Nicolas",35000000 COP,23735653,3500000,3,16.5
101552,"MADURO MOROS, Nicolas",7200000 COP,5077603,$ 0,0,35 años
102707,Gonzalo González García,"$ 18,000,000",10404875 COP,$ 0,0,55
100785,Luis Ramírez Castro,12000000,6849778.00,1200000 COP,11,83
101342,Gabriel Valentina Mendoza Torres,"$ 18,000,000",12202115,0,0,14
103239,Verónica Pérez Jaramillo,25000000,$18403073,$ 0,0,22
101318,Adriana Ospina Vargas,2500000,1155954,"$ 500,000",5,69
103665,Claudia María Morales Ortiz,9500000,7639968 COP,0,0,70
100550,Daniela Natalia Chávez Pérez,$2500000,1245108,0 COP,0,63
102544,,7200000,4157369,$ 0,0,38
101809,Gonzalo Rodríguez Vargas,50000000,34128505,$3500000,10 cuotas,65
100403,Adriana José Rojas Ortiz,"$ 2,500,000",2239939.00,12000000,8,35
101024,Miguel A. Treviño Morales,12000000 COP,7395289,0 COP,0,59
103368,,,3049072.00,0 COP,0,
100929,Javier Felipe Navarro Ortiz,7200000,6401144,1200000,6,14.5
101282,Diego Diego Jiménez Pérez,2500000.00,1740663,500000,8,17
103022,Jorge Andrés Rodríguez González,7200000.00,,6400000,12,28
102808,Sofía Gabriel Romero González,"$ 12,000,000",10521555,500000,,38
101561,Andrés Jiménez Navarro,"$ 7,200,000",6276771.00,0 COP,0,16
101849,"PURI, Genaro",$18000000,10019514,6400000,1,14.5
100109,Bashar Al Assad,9500000,7837164.00,0,0,14
102701,Ismael Zambada Garcia,"$ 50,000,000","$ 22,531,948",12000000.00,6,45 años
101601,Jong-Un Kim,7200000,6135731.00,,0,14
100532,"EL AISSAMI MADDAH, Tareck Zaidan",,1075613,$ 0,0,33
102406,Ismael Zambada Garcia,25000000,13858430,"$ 12,000,000",11,67
101825,Javier Carlos Sánchez Moreno,50000000,29112335,"$ 1,200,000",4,
102647,Verónica María Pérez Mendoza,2500000,1527576,0,0,71
101575,Camila Camila Restrepo Ospina,25000000,17497028.00,$ 0,0,62
102730,Gabriel Santiago Rojas Mendoza,2500000 COP,1619913.00,0 COP,0,47 años
101679,,,9643627,0,0,65
101561,Andrés Jiménez Navarro,"$ 7,200,000",,0 COP,0,16
101889,Andrés Ospina Mejía,5000000,,0,,14
102486,Javier Santiago Díaz Rodríguez,,7214474.00,$500000,3.0,36
102774,Juliana Torres Silva,9500000.00,6548499,0,0,71
100885,"AL-ASSAD, Bashar",3500000,1992170,$ 0,0,15
100214,Laura Silva Valencia,18000000,,0.00,0,69.5
101727,Natalia Valentina Pérez Rodríguez,18000000,15992833,0.00,0 cuotas,41
103264,CHINA AEROSPACE SCIENCE AND TECHNOLOGY CORPORATION,2500000,1786823,0 COP,0,27
101321,"TREVIÑO MORALES, Miguel Angel",50000000.00,"$ 21,621,826",$ 0,0,17
101460,Lucía Morales González,"$ 35,000,000",26153919,,11,38
100179,Natalia Adriana Valencia Mejía,5000000,"$ 4,228,242",0,0 cuotas,71
102457,Laura Santiago Chávez González,25000000,20789603,0.00,0.0,15 años
100276,Andrés Hernández Jaramillo,3500000.00,1916334,12000000,10,53
102524,Jorge Carlos Ortiz Rodríguez,12000000,6438116,,6,41 años
100827,Andrés Pérez Restrepo,"$ 7,200,000",$3419745,0 COP,,75
101300,Mariana Alejandro Ramírez Rojas,9500000,8201378,1200000,6,
100992,Juan Jiménez Jiménez,9500000.00,4705551,$ 0,0,70
102490,,,"$ 15,712,335",$12000000,3,
100286,,7200000,5466045,"$ 500,000",2,74
102427,"CABELLO RONDON, Diosdado",35000000.00,24272563,$ 0,0,31
102481,Santiago Gabriel Restrepo Vargas,18000000,9086262.00,0.00,,30
100327,,,"$ 6,838,933",$ 0,0,49 años
101750,Lucía Javier Rodríguez Suárez,5000000 COP,4443108.00,0 COP,0.0,14.5
101899,Ziad Al Zaza,18000000,8895048.00,$ 0,,43
102928,"MADURO MOROS, Nicolas",50000000,32215333,$ 0,0,15
101573,,,1460815,0 COP,0,51
103125,Juan González Gutiérrez,7200000,5876024,0,0 cuotas,52
103795,Verónica Natalia Martínez Suárez,3500000 COP,2080737,$ 0,0,17
102789,Juan Felipe Chávez Ospina,50000000.00,43478856.00,$ 0,0,
101628,"CARO QUINTERO, Rafael",50000000,"$ 32,788,896",,0,49
100679,Jong-Un Kim,18000000,12643637,0 COP,0,83
102605,Daniela Mateo Pérez González,$25000000,"$ 14,334,773",0.00,0,65
100006,Jong-Un Kim,7200000,6466914 COP,0,0,16
102883,"GUZMAN LOERA, Joaquin",50000000,38028210,0 COP,,70
103314,Sofía Martínez Vargas,"$ 25,000,000","$ 14,808,312",$500000,4,57
100351,Jorge Ana Torres González,$7200000,3788605,$ 0,0,56 años
102755,"SAAB MORAN, Alex Nain",12000000.00,6718257,1200000,12,16
102469,María Gómez Suárez,"$ 3,500,000",2621576,0,0.0,52
103345,Fernando Adriana Arias Díaz,2500000,2082247,0 COP,0,30
102970,Alejandro Carlos Ospina Navarro,12000000,7260576,,2,14
102704,Diego Carlos García Suárez,50000000.00,28232118,$12000000,11 cuotas,45.5
102485,,,4308027,$ 0,,39
102486,Javier Santiago Díaz Rodríguez,9500000,7214474.00,$500000,3.0,36
101234,Luis Ana Valencia Martínez,18000000.00,7416512,500000,9,39
100866,,,25497895,$ 0,0 cuotas,47
100902,Santiago Gonzalo Suárez Rojas,5000000.00,2735361,500000,11,19
103779,"MADURO MOROS, Nicolas","$ 35,000,000",$17782913,0,0,63
103728,Jorge Luis Jiménez Suárez,"$ 2,500,000",1965512 COP,0.00,0,21
100359,Jorge Sánchez Mendoza,"$ 12,000,000",9723159,0,0,14.5
102363,Diana Andrés Hernández Suárez,2500000,1519600,0.00,0,28
102128,Laura Alejandro Martínez Jiménez,35000000,$17314427,12000000 COP,3,14.5
102047,Diego Mendoza Ortiz,3500000,1806714,3500000,1,43.5
103472,María Ricardo Sánchez Rojas,$12000000,5063633,0 COP,0.0,16
103391,Daniela Jiménez Torres,3500000 COP,"$ 2,449,767",,0,15
101225,Ana Camila Mejía Navarro,25000000,10843918 COP,0.00,0,74
102162,Javier Esteban Navarro García,50000000,38973525,0.00,0,18
103480,Esteban Hernández Martínez,7200000,3426014,0 COP,0,
100893,Javier Torres Morales,2500000 COP,1651091.00,$500000,4,35
102783,Luis Claudia Moreno Navarro,5000000,3538787.00,3500000,4,42
102662,"LUKASHENKO, Aleksandr","$ 7,200,000",5765226,$ 0,0,52
101239,María Navarro Mejía,3500000,3068907 COP,0.00,0,22 años
101504,José Daniela Rojas Valencia,7200000,"$ 3,730,716",0.00,0,71
102841,Adriana Jaramillo Rojas,50000000.00,31206779,0,0.0,33
101332,Lucía Ramírez González,25000000.00,15283715,"$ 6,400,000",1,42
102125,Juliana Camilo Mejía García,5000000,3382130,$ 0,0,16
100021,Daniela González Pérez,"$ 7,200,000","$ 3,882,041",0.00,0,18
100346,Santiago Chávez López,25000000 COP,12446446,,0,22
102699,Carlos López Mendoza,12000000,7104224 COP,500000,,43.5
102714,,,"$ 7,857,650",0 COP,0.0,45.5
100526,Andrés Sofía Moreno Rojas,"$ 12,000,000","$ 8,585,716",$ 0,0,33
102844,Santiago José Chávez Restrepo,"$ 50,000,000",34458544,"$ 500,000",11,
103365,Valentina Adriana Díaz Arias,7200000,6033622,0 COP,0,
102801,Gabriel Sánchez Sánchez,3500000.00,"$ 1,591,229",$ 0,0,66 años
100040,Claudia Ortiz Rojas,$2500000,2233781,6400000,,43
100719,CHINA AEROSPACE SCIENCE AND TECHNOLOGY CORPORATION,5000000,2495051 COP,0.00,0,29
101302,Fernando Laura Martínez Díaz,7200000 COP,3813666,0,0 cuotas,15 años
102812,Esteban Andrés Chávez Gómez,3500000,1884333.00,0,,36
102894,José Vargas Pérez,12000000,6510387,0 COP,0,
102603,Claudia Camilo Ortiz Silva,2500000.00,1121052,$ 0,,18
100346,Santiago Chávez López,,12446446,$ 0,0,22
102773,Luis Gutiérrez Suárez,7200000,4756013,0 COP,0,39
103730,Juliana Esteban Gómez Castro,$12000000,7024710 COP,,0,39
102762,Camila Mateo González Moreno,18000000,8532111,,0,17
100463,Daniela Javier Arias Díaz,35000000,16356130.00,6400000,10,60
100872,Juan Camilo Vargas Mejía,9500000,"$ 6,768,578","$ 500,000",11 cuotas,30
100235,Adriana María Ospina Mejía,12000000,,0.00,0,21.5
103646,China Aerospace Science & Tech Corp,$5000000,"$ 2,661,164",3500000,10,60
103740,Fernando José Ortiz López,"$ 7,200,000",5885357 COP,0 COP,0,82
102197,,,13312599,0,0,79
103060,Rafael Caro-Quintero,7200000.00,"$ 4,206,347",,0,51
100164,"ZAMBADA GARCIA, Ismael",12000000 COP,,0.00,0,16
101963,Tareck Zaidan El Aissami,12000000 COP,7367497 COP,0,0,57
100538,Claudia Castro González,2500000,$1237312,$ 0,0,17
102445,Javier Restrepo Mendoza,"$ 5,000,000",3249798,0,0,67
101014,HAMAS,"$ 35,000,000","$ 29,334,095",6400000,2,30
101941,Patricia Gabriel Restrepo Castro,25000000,21938140.00,"$ 1,200,000",11,73
100939,Nicolas Maduro Moros,"$ 12,000,000",10215891,6400000,11,76
103540,Lucía Castro Pérez,12000000 COP,,$ 0,0,64
102088,Jorge Jaramillo Martínez,35000000,30909339,3500000,2,65
100744,Daniela Mejía Hernández,12000000,5906182 COP,0,0,48
101033,,,2402468,0,0,30
103155,"AL-ASSAD, Bashar",18000000,"$ 10,076,786",0.00,0,30 años
102393,Natalia Esteban Navarro Chávez,3500000,2383467 COP,0,,25
103790,,25000000 COP,14743193.00,$ 0,0 cuotas,64
100785,Luis Ramírez Castro,12000000,6849778.00,1200000 COP,11,83
100277,Paula Mariana Sánchez Restrepo,9500000,7776779,0.00,0,17
101122,"SANCHEZ CEREN, Salvador",50000000.00,"$ 28,003,483",12000000.00,8,70
100677,Valentina Esteban Mejía García,"$ 12,000,000",$5716213,0.00,0,42
102425,Daniela Castro García,7200000.00,3982341,0 COP,0.0,16
102901,Juliana Rodríguez Ospina,"$ 3,500,000",2687980,0,0,31.5
102619,Mahmoud Khaled Zahhar,$18000000,9891915 COP,500000,9,15 años
103372,"SAAB MORAN, Alex Nain","$ 18,000,000",7846408,0 COP,0,40
101672,Natalia Chávez Ramírez,"$ 2,500,000",2062262,"$ 1,200,000",8,68
100898,Mateo Juliana Ortiz Mejía,"$ 7,200,000",3153587.00,3500000.00,11,42
103345,Fernando Adriana Arias Díaz,2500000,2082247,0 COP,,30
101509,Esteban Ortiz Restrepo,7200000,"$ 5,527,148",0.00,0,31 años
102652,"SAAB MORAN, Alex Nain",3500000,2533491 COP,$3500000,7.0,14
101004,"EL AISSAMI MADDAH, Tareck Zaidan",,"$ 10,462,441",0,0,84
102471,,7200000,4815128 COP,0,0 cuotas,52.5
100584,María Pérez Rojas,3500000,,12000000,11,78.5
100570,,,1148503,0.00,0,64
100086,Felipe Romero Silva,$7200000,6347935 COP,$ 0,0 cuotas,17
100928,Felipe Ortiz Rodríguez,$3500000,"$ 2,761,028",6400000,6,62.5
100451,Daniela Diana Mejía Díaz,35000000.00,17936363 COP,0,0,59
102476,Diana Pérez López,18000000,,0.00,0,48.5
103585,Felipe Ricardo Mendoza Moreno,35000000.00,27710804,0,0,43
100605,Luis Felipe Torres Hernández,"$ 5,000,000",,$ 0,0,60 años
101323,Andrés Martínez Mendoza,12000000,$5064972,$ 0,0.0,27
101569,Mateo Alejandro Ramírez Gutiérrez,$3500000,,$ 0,0,31
102879,Jorge Arias Ortiz,2500000,1310421 COP,,0,45.5
101941,Patricia Gabriel Restrepo Castro,25000000,21938140.00,,11,73
100993,Andrés Torres Arias,12000000 COP,7935997,0.00,0,54
101522,Felipe Rodríguez Restrepo,$7200000,3390002,12000000.00,4,20
100323,Santiago Romero Torres,9500000.00,,$ 0,0,45
101924,Diosdado Cabello Rondon,3500000,2501744.00,$ 0,0,
100638,Alejandro Carlos Mendoza Sánchez,18000000,"$ 14,594,110",0.00,0,50
103410,Ziad Al Zaza,18000000.00,7793634,$ 0,0,
100642,Adriana Ortiz Restrepo,18000000,16015366 COP,0,0,35
100896,"SANCHEZ CEREN, Salvador",18000000,10524614,0.00,,29
101955,Andrés Lucía Navarro Restrepo,"$ 50,000,000",26707734,0,0,40 años
102648,"CARO QUINTERO, Rafael",25000000,11194256.00,3500000,10,37
102218,Alejandro Mendoza Díaz,"$ 12,000,000","$ 9,636,509",0 COP,0,66
100348,Valentina María Gutiérrez Rojas,5000000,3643907.00,"$ 3,500,000",12,18
101264,"AL-SHANTI, Jamileh Abdullah",12000000.00,9590813,0.00,,47
102972,Ziad Al Zaza,12000000.00,9871473,500000.00,,37
102405,Adriana Torres Rodríguez,2500000,2202707.00,0 COP,0,49 años
100322,Aleksandr Lukashenko,3500000.00,2109575 COP,0 COP,,61 años
103216,Felipe Santiago Jiménez Valencia,35000000,25971366,,4,33.5
102322,Daniela García Torres,18000000,11659570 COP,0.00,0 cuotas,40.5
101210,Ricardo Castro Navarro,2500000,2215699,1200000,9 cuotas,82
101056,HEZBOLLAH,9500000,6094842,0 COP,,72
102329,China Aerospace Science & Tech Corp,$2500000,$2169267,500000,10,
100341,Andrés Adriana Hernández Romero,5000000,3005170,$12000000,9,16 años
100633,María Ana Gutiérrez Gómez,9500000,4873952,0.00,,18
103580,"AL-ZAZA, Ziad",25000000,12022928,0.00,0,46
103757,,2500000,"$ 1,264,759",0 COP,0.0,39
101140,Esteban Restrepo Mejía,,2965820 COP,0,0.0,72
103234,Gonzalo Daniela Martínez Romero,12000000,10205986,$ 0,0,26
100580,Lucía Vargas Pérez,"$ 5,000,000",$2812219,0 COP,0,49
100378,Mateo Patricia Vargas Martínez,"$ 12,000,000",7800005,$ 0,0,76
101452,Mateo Juliana Díaz Restrepo,9500000,5140561,0.00,0,18
102720,Valentina Torres Hernández,7200000,5278789,0,0,73
100465,,,35722697,$ 0,0.0,29
103054,Ricardo Esteban Chávez Gómez,5000000.00,2040549.00,$ 0,0,54 años
101516,Paula Castro Gómez,7200000,3207367,,0,45
101440,Verónica Diego Arias Arias,2500000,1380362,0 COP,0,21
101562,"TREVIÑO MORALES, Miguel Angel",12000000,10067314,0,0,41
102524,Jorge Carlos Ortiz Rodríguez,12000000,6438116,500000 COP,6,41 años
100867,Sofía Alejandro Silva Gómez,18000000,10050104,$ 0,0,68
103719,Diana Ospina Arias,2500000,1825538,12000000,2,29
102757,Claudia Patricia Silva Arias,"$ 3,500,000","$ 2,570,658",$3500000,12,39
103443,"CARO QUINTERO, Rafael",9500000,$4797658,12000000,2.0,56
103393,Gabriel Esteban Castro Navarro,25000000,21568757.00,,0.0,70
100946,,,2479266,$ 0,0 cuotas,64
100381,Patricia Santiago Hernández Morales,18000000,7809376 COP,,0,63
102342,Jamileh Abdullah Al-Shanti,50000000 COP,21519834,0 COP,0,26
100793,,7200000,4089208.00,500000,8,
102614,Ana Torres Rodríguez,"$ 35,000,000",20722632,1200000,1,22
101073,"ZAMBADA GARCIA, Ismael","$ 35,000,000",21970217.00,0.00,0,74.5
100301,Esteban Rodríguez Arias,2500000,1666957.00,$ 0,0.0,25
103701,Luis Juliana Silva Martínez,9500000.00,7642254,$12000000,2,28
101420,Fernando Juliana Ramírez Jaramillo,,25281760,$ 0,0,15 años
102121,Diana Rodríguez Rodríguez,7200000,6442330,$ 0,0,68
100567,Miguel A. Treviño Morales,5000000.00,3020857,500000,6.0,74
103052,Valentina Paula Mendoza Ospina,"$ 50,000,000",22661068,0.00,0 cuotas,19
102390,Juan Patricia Ortiz Martínez,"$ 18,000,000",9319691 COP,0,,33
102487,Mariana Claudia Hernández González,18000000,"$ 8,600,773",0 COP,0,35
101202,Luis María Chávez Arias,5000000,"$ 2,472,149",0,0,29 años
103313,"CABELLO RONDON, Diosdado",50000000,24696200,0 COP,0,70
101523,Rafael Caro-Quintero,2500000,1754116,,0,64
101579,,,20337422 COP,3500000,12,35
103331,Luis Mateo Restrepo Hernández,5000000,2768462,$ 0,0,75
101725,,,$19192923,1200000,1,
101164,Juan Gómez Ospina,"$ 18,000,000",13380896 COP,,0,36
100284,Patricia Patricia Vargas Valencia,"$ 3,500,000",2997066,12000000,12,31
101611,Paula Gonzalo Mejía Martínez,50000000,28343119 COP,500000,10,80
102531,"CARO QUINTERO, Rafael","$ 5,000,000",4232793.00,500000 COP,5,29
103528,"TREVIÑO MORALES, Miguel Angel",$3500000,2780498 COP,0.00,0,69.5
101063,Adriana Martínez Romero,"$ 12,000,000",$9575835,$ 0,0,61
102389,Daniela Díaz Ramírez,25000000,20183122,0.00,0,64
102708,Mateo Diana Gutiérrez Jaramillo,12000000,"$ 6,715,894",$ 0,0,78
102913,"ZAMBADA GARCIA, Ismael",35000000.00,22699290.00,0 COP,0,33
100870,Sofía Luis Mejía Martínez,7200000,5411135,0,,51
102902,Alejandro Hernández Silva,2500000,$2139202,0.00,0,26.5
101579,,50000000 COP,20337422 COP,3500000,12,35
100672,HAMAS,$18000000,9382476,"$ 1,200,000",7,72
103051,Diego Ramírez Gutiérrez,25000000,"$ 11,785,894",0 COP,0 cuotas,74.5
101854,Gabriel Jiménez Mendoza,$25000000,22457888 COP,,,66
100217,Felipe Restrepo Jiménez,$50000000,$21844257,3500000,3,21
100723,Lucía Castro Navarro,5000000,3174411.00,,0,70
102647,Verónica María Pérez Mendoza,2500000,1527576,0,0,71
100927,Gabriel González Rojas,2500000,$1358461,1200000,9,68
102608,Claudia Santiago Morales Moreno,9500000.00,"$ 8,165,963",0.00,,74
102791,Laura Sofía Jaramillo Suárez,7200000,3265398,0 COP,0,29 años
103609,Javier Juan Vargas Chávez,5000000,3857836,0,0 cuotas,17.5
100448,,,$14645283,0.00,0,
103292,,,4968293.00,,1,16
103390,Verónica Ospina Gómez,7200000 COP,3849004.00,0 COP,0,58.5
101680,Javier Rodríguez Torres,12000000 COP,,0 COP,0,
101472,Jong-Un Kim,$35000000,15767550,0 COP,0,77
103592,"GUZMAN LOERA, Joaquin",5000000,3705934.00,0.00,0 cuotas,20
101601,Jong-Un Kim,7200000,6135731.00,0 COP,0,
102874,,50000000,22724320,0,,15
103797,Fernando Gonzalo Chávez Moreno,3500000.00,1938601,3500000,6,36
103275,Santiago Mendoza García,5000000.00,4483541 COP,$ 0,0,59
102704,Diego Carlos García Suárez,50000000.00,28232118,$12000000,11 cuotas,45.5
100584,María Pérez Rojas,3500000,2022271 COP,12000000,11,78.5
101452,Mateo Juliana Díaz Restrepo,9500000,5140561,0.00,0,18
102780,Patricia Ricardo Vargas Restrepo,"$ 18,000,000","$ 7,560,116",12000000,10,36
101233,Mohammed Abu Teir,25000000,11100248,0,0,17 años
102156,Daniela Lucía González Ramírez,$2500000,1178278.00,0,0,49
103737,Lucía Mateo Ospina Rodríguez,5000000.00,2170404,6400000 COP,5.0,28.5
103222,Ismael Zambada Garcia,5000000 COP,,$ 0,0,46
101650,Fernando Navarro Ramírez,12000000.00,7874875,6400000,9 cuotas,61
101365,Diana López Pérez,35000000,16027129,0,0,17
102114,Ana Martínez Morales,2500000,$1926303,,5,76
103299,Felipe Silva Gómez,25000000,18364382,0 COP,0,32
102129,Valentina Restrepo Gómez,7200000,5302064,1200000.00,8,57
101657,Esteban Sánchez Silva,18000000,14113949,0 COP,0,
102605,Daniela Mateo Pérez González,$25000000,,0.00,0,65
101950,Tareck Zaidan El Aissami,2500000 COP,1681351,12000000 COP,1,
101707,Laura Juan Martínez Sánchez,12000000,10620870,0 COP,0 cuotas,17
103719,Diana Ospina Arias,2500000,1825538,12000000,2,29
101465,,,12667760,0 COP,0,16
102686,"CABELLO RONDON, Diosdado","$ 25,000,000","$ 14,061,443",0.00,,
103782,Diana Luis Sánchez Ramírez,5000000,3295426,0.00,0,70
102858,Camila Adriana Chávez Ramírez,9500000,"$ 5,724,075",0.00,,23
100395,Luis Díaz Ortiz,"$ 18,000,000",10278172,0 COP,0,
103095,Gabriel Vargas Suárez,"$ 18,000,000",10392231,12000000,4,68
101315,Lucía Vargas Mendoza,9500000,4394558.00,0.00,0,58.5
102011,Joaquin Guzman Loera 'El Chapo',$12000000,4885120 COP,$ 0,0,38
102576,Camilo Valentina Pérez Rodríguez,2500000 COP,$2235298,0,,82
102327,HAMAS,35000000.00,27551726,1200000.00,11,30
101460,Lucía Morales González,"$ 35,000,000",26153919,6400000 COP,11,38
100413,Daniela José Ramírez Silva,$9500000,"$ 6,184,904",0 COP,0,
103777,Miguel A. Treviño Morales,12000000,$5197278,,0,16
100306,Ismael Zambada Garcia,35000000,31046227 COP,$ 0,0,71
103757,,2500000,"$ 1,264,759",0 COP,0.0,
100570,,2500000,1148503,0.00,0,64
101416,Ana García López,"$ 9,500,000",7814185,12000000 COP,2 cuotas,52
100145,Javier Claudia López González,"$ 18,000,000",8133077.00,0 COP,0,14
103168,Jorge Martínez Rodríguez,"$ 18,000,000",9106840.00,6400000,2,60
101760,Javier Suárez Ramírez,18000000,7268446,$3500000,5,70
103760,Natalia Jiménez Restrepo,18000000,,$ 0,0,33
100313,Juliana Carlos Gutiérrez Martínez,18000000.00,$8933943,0 COP,0,82
102693,"AL-ZAZA, Ziad",35000000,,$ 0,0,28
103676,Rafael Caro-Quintero,12000000,7903662,0,0,64
100221,Gabriel Claudia Hernández González,9500000,7777354,,7,71
103446,"MADURO MOROS, Nicolas",3500000,"$ 2,400,639",$ 0,0,57
102662,"LUKASHENKO, Aleksandr","$ 7,200,000",5765226,$ 0,0,52
101143,Daniela Pérez Martínez,"$ 35,000,000",$28707993,$ 0,0,32
102181,Jorge Vargas Restrepo,50000000,41673476 COP,1200000,5,27
101396,Alejandro Patricia Morales Rodríguez,7200000,4286880,"$ 500,000",4,16.5
101736,Ana Daniela Mendoza Ospina,5000000 COP,"$ 2,746,887",0,0,46 años
103275,Santiago Mendoza García,5000000.00,4483541 COP,$ 0,0,
101100,Esteban Rojas Romero,50000000,34999821.00,500000.00,4,40
102328,"ZAMBADA GARCIA, Ismael",12000000,5488730,1200000,,66
101966,Mariana López Moreno,25000000 COP,,$1200000,11,16
102258,"SANCHEZ CEREN, Salvador","$ 50,000,000",27789628 COP,0 COP,0,77
103568,Verónica Vargas Torres,3500000,2462767.00,0,0,70
102375,Aleksandr Lukashenko,$18000000,9841261.00,$ 0,0,50
102459,Patricia Juan Moreno López,5000000,"$ 2,894,361",$ 0,0,16
100292,Gabriel Romero Arias,"$ 7,200,000",$4555355,0 COP,0,
101927,Natalia Arias Romero,9500000 COP,$7202261,0 COP,0,31
102092,Juan Morales Hernández,7200000,3058775,500000,2,70
102691,Mahmoud Khaled Zahhar,"$ 9,500,000",3884722.00,6400000,5.0,33
102315,"SAAB MORAN, Alex Nain",2500000,$1086817,$ 0,0,14
101102,Camilo Javier Valencia Hernández,12000000,7762911,,0 cuotas,23
102838,Natalia Hernández Sánchez,50000000,$22568590,"$ 3,500,000",12,77 años
102071,"AL-ASSAD, Bashar",35000000 COP,$31317388,500000,2,16 años
102761,Gonzalo Juan Pérez Ortiz,35000000,"$ 18,675,521",0 COP,0 cuotas,39.5
102359,Diana Arias Torres,18000000,9629208,0.00,0,62
103135,Camila Torres Rodríguez,2500000,$1650811,1200000.00,9.0,56
103703,Juan Luis Ramírez Suárez,"$ 18,000,000",12932132.00,,11,55 años
102958,Diana Jiménez González,"$ 9,500,000",7439459,0.00,0,48
102867,Mariana Lucía Mendoza Jaramillo,3500000,,6400000,4,31
102760,Fernando Ortiz Díaz,"$ 7,200,000",,0 COP,0,26.5
102020,Claudia Laura Ortiz Silva,12000000,9362927,12000000 COP,2,66
103101,Adriana Camilo Torres Sánchez,50000000,,3500000,11,81
101422,Sofía Claudia Hernández González,35000000,17552862,$ 0,0.0,46 años
101181,Diosdado Cabello Rondon,3500000,$2703795,"$ 500,000",,24
102451,Laura Díaz Rodríguez,18000000,9108594,0 COP,0,53
102998,,,8945384,12000000.00,8,
101820,Carlos Romero Castro,18000000,8193025,0,0,
101339,Diana José Ortiz García,$7200000,3294676.00,12000000,2 cuotas,15.5
100411,Luis Gonzalo López Restrepo,$3500000,"$ 1,784,804",0.00,0,43
102401,María Carlos Gutiérrez Ramírez,9500000,7285940.00,0 COP,0,36
102600,HEZBOLLAH,"$ 5,000,000","$ 2,298,607",3500000.00,9 cuotas,21
101712,Verónica Sofía Vargas López,12000000,8888654,0,0,62
103584,Javier Camila Silva Ortiz,9500000,"$ 7,985,973",,8,19
103608,Juliana Laura Ortiz Sánchez,2500000 COP,$1709083,0.00,0,25
102854,,,,6400000,5,24
102078,Mateo Juan Mendoza Rojas,$35000000,27554210 COP,0,0,63
101632,Mateo Valencia Restrepo,"$ 18,000,000",,0.00,,58
102344,María Arias Ortiz,3500000 COP,1739223.00,0 COP,0.0,45
103286,Alejandro Rodríguez Rodríguez,12000000,,$ 0,0,29
102193,Luis Camilo Morales Romero,"$ 50,000,000",23074031.00,$ 0,0,62
103730,Juliana Esteban Gómez Castro,$12000000,7024710 COP,$ 0,0,39
103241,Juan González Jiménez,12000000,8489108.00,0,0,46
102684,Gabriel Sánchez Suárez,5000000,3165793 COP,0.00,0,
102066,"AL-SHANTI, Jamileh Abdullah",25000000,10511913.00,3500000,1,69
103405,Camila Andrés Restrepo Martínez,50000000,38482984,0 COP,0,28
101879,"GUZMAN LOERA, Joaquin",9500000.00,7530000 COP,,0,16
101979,Lucía Arias Rojas,50000000,42956495,0.00,0 cuotas,64
100917,Esteban Juliana González Valencia,3500000 COP,2962808.00,$6400000,11 cuotas,45
100390,Laura Alejandro Torres Pérez,5000000,3040780,6400000,9,
101651,Claudia Ortiz Suárez,"$ 50,000,000","$ 43,566,841",$ 0,0 cuotas,53
101032,Claudia Daniela Moreno Ospina,18000000,,"$ 3,500,000",8,37
102234,Mateo Claudia Morales Mejía,25000000.00,"$ 18,676,667",$ 0,0,24
102864,Adriana José González Restrepo,"$ 35,000,000",14462387,3500000.00,4,44
103627,Santiago Sánchez López,,4054296,0 COP,0 cuotas,
101635,Jong-Un Kim,$3500000,1495712.00,0,0 cuotas,47 años
101188,Mateo Torres Rodríguez,12000000,9597172,6400000,10.0,29
100672,HAMAS,,9382476,"$ 1,200,000",7,72
102842,Carlos Castro Castro,2500000.00,1151803.00,0.00,,62
102575,Santiago Ortiz Moreno,5000000,2752230 COP,"$ 6,400,000",10,49
102298,Juan Ortiz Rodríguez,35000000.00,"$ 24,535,327",0 COP,0,14
101146,,,$3615457,0,0.0,14
100857,"GUZMAN LOERA, Joaquin","$ 9,500,000",5511019,$500000,1,15 años
101324,Felipe Jaramillo Gómez,7200000.00,$5910194,0,0,48.5
102294,Gonzalo Sánchez Gutiérrez,"$ 7,200,000",3494791.00,$ 0,,29
100680,Camilo Pérez Morales,"$ 9,500,000",5658148,0 COP,0,17
100103,Patricia Lucía Moreno Vargas,2500000,"$ 1,725,672",0 COP,0,25
101566,Tareck Zaidan El Aissami,25000000 COP,13461300,0.00,0,
100385,,,"$ 3,639,798",0.00,0,42
102628,Valentina Diego Pérez Morales,,"$ 43,915,615",0 COP,0 cuotas,26
102008,Ana Juan Jaramillo Ospina,3500000.00,3003280,0.00,0,37.5
103567,María Torres Vargas,9500000,4414754 COP,0 COP,0,67
102683,Ana Rojas Castro,"$ 3,500,000",2274009,$1200000,2,15
101705,Santiago Natalia Gómez Navarro,3500000,1508371,0 COP,0,66.5
101128,Claudia Valencia López,"$ 5,000,000",2802898,0.00,0,71
101398,Adriana Carlos Sánchez Jiménez,18000000,15550109.00,,0,75
101300,Mariana Alejandro Ramírez Rojas,9500000,,1200000,6,
101885,"CARO QUINTERO, Rafael",7200000,5551754.00,0,0,61
101553,Valentina Andrés Silva Martínez,$2500000,2012511,0,0,60
101208,Valentina Castro Vargas,25000000,$12376711,$ 0,0,64
100637,Camilo Santiago López Suárez,25000000,15343896,,5,26 años
102102,Diana Javier Valencia Romero,2500000.00,1114697,0.00,0,43
101946,"CABELLO RONDON, Diosdado",9500000,"$ 8,180,798",1200000,5,16
103560,María González Moreno,18000000.00,$12767804,$ 0,0,57
102239,Camila Ricardo Díaz Ospina,12000000,10128168,$ 0,0.0,17
102962,Lucía Javier Gutiérrez Chávez,25000000 COP,10911398 COP,0,0,74
103125,Juan González Gutiérrez,7200000,5876024,0,0 cuotas,52
103631,Juan Díaz Silva,$50000000,43234089,,2,17
103229,"TREVIÑO MORALES, Miguel Angel",7200000,"$ 2,957,195",0 COP,0,45
100820,Esteban Gómez Torres,"$ 18,000,000",14091133,0.00,0,53
102966,Camila Adriana Chávez Díaz,2500000,2219557,0 COP,0,41
101411,"CABELLO RONDON, Diosdado",12000000,7419148,0.00,,16
100526,Andrés Sofía Moreno Rojas,"$ 12,000,000","$ 8,585,716",$ 0,0,33
102000,Lucía Juliana García Moreno,$50000000,$21144492,500000,2,69
103746,Natalia Gómez Navarro,7200000,6473119,0,0,38
100380,,3500000,1538445,$ 0,0,43 años
100669,Javier Arias Vargas,$12000000,10185841,$ 0,0,31
102686,"CABELLO RONDON, Diosdado","$ 25,000,000","$ 14,061,443",0.00,0,14
103159,Diego Navarro Restrepo,9500000.00,5314580,0 COP,,59
100457,Mariana Javier Jiménez Romero,5000000.00,4103563,0,0,35
101380,,,5394030,6400000,1,27
100497,"MADURO MOROS, Nicolas",50000000 COP,29790035 COP,12000000 COP,6.0,29
102223,Lucía Mendoza Rodríguez,50000000,29598406,0.00,0,23
101018,María Paula López Navarro,"$ 9,500,000",3948703 COP,$ 0,0.0,45
103763,Lucía Paula Ospina Gutiérrez,7200000,$5606107,0 COP,0,
101383,Felipe Laura Suárez Pérez,3500000 COP,2368264 COP,12000000,8,66
102338,José Lucía Sánchez Castro,18000000 COP,11405992,$ 0,0,34
101532,Mahmoud Khaled Zahhar,35000000.00,19176936,3500000,11,77.5
103726,Jorge Felipe Restrepo Silva,25000000,11718909,0,0.0,72
102691,Mahmoud Khaled Zahhar,"$ 9,500,000",3884722.00,6400000,5.0,
100905,Laura Rodríguez Hernández,$50000000,$36519411,0,0,18
102284,Mateo Alejandro Suárez Jaramillo,35000000,17812243 COP,12000000,9,40
100862,Mariana Hernández Jiménez,25000000 COP,"$ 18,612,723",0.00,0,58
103063,Ricardo Esteban Ramírez Sánchez,2500000.00,1955305,$ 0,0,60
102313,,,7928013.00,12000000,11,67
102486,Javier Santiago Díaz Rodríguez,9500000,7214474.00,$500000,3.0,36
103077,Camila Esteban Arias Moreno,2500000,1691759 COP,$ 0,,17
103518,Laura Gonzalo Navarro Ortiz,2500000,1750723,0,0,72
102687,Nicolas Maduro Moros,18000000.00,$14185932,0 COP,0,
102497,Mateo Juan Ortiz Ramírez,18000000,7842538,12000000,6,41 años
102331,Juan Gutiérrez Díaz,9500000,,0,0,48.5
101511,Daniela Valentina Díaz Ospina,"$ 35,000,000",27710675 COP,0,,38
101200,Nicolas Maduro Moros,3500000 COP,3071563 COP,0 COP,0,66.5
103291,Mariana Camila Ospina Sánchez,"$ 2,500,000",1758877.00,,0 cuotas,74
103551,Luis López Arias,12000000,6185344 COP,0 COP,0,33
101969,Juliana Rodríguez Valencia,,"$ 22,848,760",0 COP,,41
103225,Mateo Gabriel Rojas Díaz,35000000 COP,"$ 26,020,000",6400000 COP,2.0,18
100581,Diana Natalia Arias Jiménez,5000000,4314292 COP,0.00,0,70 años
101402,Diego Verónica Gutiérrez Chávez,3500000.00,2114879,0.00,0 cuotas,39
100905,Laura Rodríguez Hernández,$50000000,$36519411,0,0,18
103046,Ricardo Mariana Mendoza Torres,18000000.00,9570385 COP,0.00,0 cuotas,18
100607,"TREVIÑO MORALES, Miguel Angel",,1988981 COP,0 COP,0,60
102404,Verónica Gonzalo Suárez Navarro,"$ 9,500,000",4191497.00,"$ 3,500,000",12,23
103674,Mariana Adriana Restrepo Valencia,2500000,$1104934,3500000,7,43
101460,Lucía Morales González,"$ 35,000,000",26153919,6400000 COP,11,38
101632,Mateo Valencia Restrepo,"$ 18,000,000",14906389,0.00,0,58
101829,Juliana Juliana Pérez Martínez,$3500000,1631661 COP,$ 0,0,19
100935,Alex Nain Saab Moran,$3500000,1989414,0,0.0,33
100249,Valentina Luis Ramírez Silva,"$ 18,000,000",12877487,0.00,0,16.5
100804,Juliana Ana Hernández García,$35000000,,0 COP,0,55.5
103527,,,8287648,0 COP,0,50
102017,Diego Patricia Arias Rojas,5000000 COP,$2104836,0 COP,0,66
101127,Ricardo Gutiérrez Jiménez,12000000,6508745,0.00,0,
100668,Camila Gonzalo Jaramillo Mejía,7200000,5279161,0.00,0,56
103189,Mariana Vargas Castro,$7200000,2903994,"$ 12,000,000",7,75
102338,José Lucía Sánchez Castro,18000000 COP,11405992,$ 0,0,34
102676,Santiago Santiago Hernández Jaramillo,3500000,2177708,$ 0,0,36.5
102976,Ricardo Silva Jiménez,7200000,5498501.00,"$ 12,000,000",11,16 años
101448,Andrés Alejandro Sánchez Arias,"$ 50,000,000",31502422,0,0,38
103410,Ziad Al Zaza,18000000.00,7793634,$ 0,0,25
100437,,,"$ 19,556,725",,0.0,20
101023,Javier María Suárez Mejía,18000000,15049033,0 COP,0 cuotas,33
101932,Claudia Mariana Mendoza Sánchez,$3500000,"$ 3,063,957",500000.00,8,36
101004,"EL AISSAMI MADDAH, Tareck Zaidan",12000000,"$ 10,462,441",0,0,84
103495,,3500000.00,2858962 COP,3500000,4.0,74
101045,Claudia Rojas González,,1841002,500000,,29
100066,Mateo Ortiz Torres,9500000,5230373,0 COP,,42
102315,"SAAB MORAN, Alex Nain",2500000,$1086817,$ 0,0,14
103142,José Diego Castro García,50000000.00,29507255.00,0.00,0 cuotas,44
101859,Felipe Luis Vargas Jiménez,25000000.00,16127774.00,$ 0,0,74
100077,"AL-ZAZA, Ziad","$ 25,000,000",14067463,$ 0,0,16
102180,Miguel A. Treviño Morales,$25000000,20501510.00,,0,43
101263,Felipe Torres Morales,"$ 18,000,000",7747229,,0 cuotas,74 años
102212,"MADURO MOROS, Nicolas",9500000,6106150.00,6400000,7 cuotas,34.5
100954,Fernando Esteban González Arias,18000000,13307477 COP,500000,5,23
100201,Daniela Morales Suárez,50000000,35268785.00,0,0 cuotas,67
100667,Diana Vargas Sánchez,35000000,15110633,0.00,0 cuotas,16.5
101957,,,4276634,0,0,63
101269,Mateo Laura Moreno Romero,25000000,10528564,0.00,0,14
101125,,,8380738,"$ 500,000",9,70
100524,Mohammed Abu Teir,35000000,"$ 24,585,257",0.00,0 cuotas,18
103548,"ZAHHAR, Mahmoud Khaled",50000000,24993734.00,,5,14
100715,Diosdado Cabello Rondon,35000000,27010958,,8,68
101253,Diana Juan Mejía Morales,"$ 25,000,000",13555287.00,0 COP,0,44
103010,Fernando Luis Vargas Vargas,35000000.00,19162123,$ 0,0.0,65
103674,Mariana Adriana Restrepo Valencia,2500000,$1104934,3500000,7,43
103509,Mateo Juliana Valencia Ramírez,25000000 COP,12800760,,8,84
101957,,5000000,4276634,0,0,63
102937,"CABELLO RONDON, Diosdado",3500000,"$ 1,970,731",0 COP,0 cuotas,75
103112,Diana Romero López,9500000.00,4775867,0,,62
100746,Ismael Zambada Garcia,2500000,1185422 COP,0.00,0,36
100047,Miguel A. Treviño Morales,3500000,$1566930,0.00,0,69
102235,Ana Natalia Sánchez Hernández,9500000,5887508.00,$ 0,0,24
103305,Alejandro Camila Chávez Jiménez,50000000,39014539,$ 0,0 cuotas,71
102630,Camilo Romero Restrepo,"$ 9,500,000","$ 7,079,387",$ 0,0.0,17 años
101257,Diana Fernando Ramírez Moreno,"$ 35,000,000","$ 23,709,126",0 COP,0,47
103440,Javier Suárez Romero,,,0.00,0,78
102209,Felipe Camilo Martínez Romero,35000000,27092603,0,0 cuotas,66
103453,"SANCHEZ CEREN, Salvador",35000000,16492964.00,"$ 500,000",3,75
101596,Claudia Navarro Mendoza,$25000000,11748317,500000 COP,7,58 años
100855,Ricardo Chávez Silva,50000000.00,42238627,,10,35
103220,Felipe Santiago Gutiérrez Navarro,"$ 12,000,000",$10362477,$12000000,12,48
103656,Daniela Gabriel Torres Gómez,12000000,$6591675,0.00,0,42
100583,Aleksandr Lukashenko,2500000,"$ 1,389,800",$ 0,0,27
102705,Laura Sofía Morales Chávez,25000000,11100747,0,,66
101562,"TREVIÑO MORALES, Miguel Angel",12000000,10067314,0,0,41
102997,Gabriel Pérez Pérez,35000000.00,,,0,60
103705,Lucía Laura Rojas Rojas,$12000000,,1200000,5.0,56
100994,Mateo Camilo Ramírez Suárez,12000000,4977753 COP,$ 0,0,56
102296,Jamileh Abdullah Al-Shanti,9500000,6191938,0 COP,0,38
103129,Adriana Jiménez Rodríguez,25000000 COP,12885272,0,0,25
103490,Esteban María Moreno Valencia,50000000 COP,39174720.00,0.00,0,64
100098,Lucía Juan Morales Vargas,5000000,"$ 2,657,344",0 COP,0,64
103479,HEZBOLLAH,50000000,36712422,0.00,0,55
102863,Claudia Ana Hernández Ospina,25000000,$20932676,12000000,8,
103508,Luis Navarro Hernández,25000000,22468363,0,0,
103744,,,"$ 20,881,816",$ 0,0,66
101380,,7200000.00,5394030,6400000,,27
102383,"EL AISSAMI MADDAH, Tareck Zaidan",$5000000,"$ 4,363,724",0 COP,0,71
100382,Camila García Castro,18000000,$13068829,$ 0,0,61
100424,Alejandro Esteban Ramírez Suárez,7200000,"$ 4,256,846",6400000.00,6,53 años
101007,Mahmoud Khaled Zahhar,9500000,6188268,0 COP,0,24.5
101004,"EL AISSAMI MADDAH, Tareck Zaidan",12000000,"$ 10,462,441",0,0,84
102278,Juan Javier Valencia Arias,$2500000,$2213925,0 COP,0,80
101516,Paula Castro Gómez,7200000,3207367,0.00,,45
103757,,2500000,"$ 1,264,759",0 COP,0.0,39
102352,,,28130036,0.00,0,73
100090,"CABELLO RONDON, Diosdado",18000000,,$ 0,0,72
102944,Felipe Moreno García,50000000,"$ 38,436,340",,0.0,72
102710,Verónica Andrés Navarro Morales,"$ 18,000,000",,"$ 12,000,000",,41
100590,Daniela Gabriel Restrepo Morales,12000000.00,6775715,0.00,0.0,14
102991,Paula Luis García Arias,35000000.00,$21161901,$ 0,0,35
101359,Camila Mejía Sánchez,3500000,2390831,500000,3,39
103470,Mateo Jaramillo Ramírez,7200000,$5176604,$ 0,,15
100821,Patricia Camila Chávez Navarro,5000000,2776217,12000000,6 cuotas,75 años
102796,Laura Juan Martínez Martínez,9500000,5031931,$ 0,0,
101575,Camila Camila Restrepo Ospina,25000000,17497028.00,$ 0,0,62
102192,Camila Mejía Vargas,$5000000,,0.00,0.0,46 años
100124,Camila Camila Torres Valencia,"$ 9,500,000",4785373.00,$ 0,0,59 años
102417,Ricardo Laura Moreno Vargas,9500000,"$ 3,949,378",1200000.00,8,34
101862,Miguel A. Treviño Morales,12000000.00,$9007729,6400000,8,55.5
100268,"AL-ASSAD, Bashar","$ 25,000,000",16834726,0 COP,,16
103321,Esteban Martínez Jaramillo,12000000,8405651,1200000,9,33
101157,Camilo Juliana Navarro Castro,2500000,1205032,0.00,0.0,54
102012,Esteban José Mejía Rodríguez,12000000,9531416,0.00,0 cuotas,26
100365,Fernando Ana López Castro,5000000,2501016,1200000,7,28
100771,Ana Ana Silva Suárez,2500000,1596680,0.00,,72
103730,Juliana Esteban Gómez Castro,$12000000,7024710 COP,$ 0,0,39
100185,Luis Verónica Morales Gómez,7200000,5627002,0.00,0,71
102701,Ismael Zambada Garcia,"$ 50,000,000","$ 22,531,948",12000000.00,6,
102546,Esteban Torres Gutiérrez,18000000.00,12572449,0,0,36 años
102827,Ricardo Rojas Arias,$12000000,6839105.00,0,0,67
100171,Verónica Gómez Navarro,9500000,,$ 0,0,30
100751,Diana Mejía García,18000000,8815661.00,"$ 500,000",6,48
103504,Esteban Mendoza Mendoza,5000000.00,2797564,0 COP,0,69 años
102122,Valentina Verónica Castro Ramírez,"$ 9,500,000",5818660,0 COP,0,45
101785,Alejandro Silva Romero,12000000,7066425.00,0,0,55
100179,Natalia Adriana Valencia Mejía,5000000,"$ 4,228,242",0,0 cuotas,71
101602,Camilo Jorge Valencia Romero,$50000000,26683576 COP,0,0,63
101375,Tareck Zaidan El Aissami,35000000,,0 COP,0 cuotas,63
102280,Daniela María López Vargas,12000000.00,5716419,"$ 12,000,000",8,15
101517,Mateo Juan Díaz Hernández,50000000.00,26445913.00,0 COP,0,14
102308,Ana Diana Ortiz López,$25000000,"$ 14,588,801",3500000,11 cuotas,25 años
103728,Jorge Luis Jiménez Suárez,"$ 2,500,000",1965512 COP,,,21
100916,Mohammed Abu Teir,"$ 2,500,000",2115007.00,"$ 500,000",11,
103299,Felipe Silva Gómez,25000000,18364382,0 COP,0,32
101662,Jorge Andrés Moreno Morales,18000000,7357670.00,$ 0,,29
102962,Lucía Javier Gutiérrez Chávez,25000000 COP,10911398 COP,,0,74
103687,Rafael Caro-Quintero,3500000,2336224,$ 0,0,
102223,Lucía Mendoza Rodríguez,50000000,29598406,0.00,0,23
102259,Mateo Morales Jiménez,35000000,23958694,12000000.00,12 cuotas,57
103055,Juan Daniela Vargas Rojas,9500000,5807017 COP,500000 COP,7,64
101006,Valentina Hernández Ospina,35000000,"$ 28,949,263",0 COP,0,37
100351,Jorge Ana Torres González,$7200000,3788605,$ 0,0,56 años
100872,Juan Camilo Vargas Mejía,9500000,"$ 6,768,578","$ 500,000",11 cuotas,
100415,Mariana Camila Mendoza Silva,"$ 5,000,000",2692134.00,$ 0,,35
101678,Verónica Felipe Mendoza Hernández,$35000000,16363999,0.00,0 cuotas,16
103095,Gabriel Vargas Suárez,"$ 18,000,000",10392231,12000000,4,68
102400,Mohammed Abu Teir,5000000,"$ 2,686,921",0,0,19
103631,Juan Díaz Silva,,43234089,500000,2,17
101197,Felipe Castro Hernández,"$ 50,000,000",$27195782,$ 0,0,16
102102,Diana Javier Valencia Romero,2500000.00,,0.00,0,43
101773,Ana Ricardo Chávez Valencia,$12000000,6717856,0 COP,0,53
101239,María Navarro Mejía,3500000,3068907 COP,0.00,0,22 años
101667,Claudia Alejandro Romero Restrepo,$18000000,7490398 COP,$ 0,0,61
103763,Lucía Paula Ospina Gutiérrez,7200000,$5606107,0 COP,0,69
100995,Verónica Ramírez Jaramillo,$3500000,2175478.00,12000000 COP,1.0,47
103537,Jamileh Abdullah Al-Shanti,9500000,,12000000.00,3,51
103219,Ziad Al Zaza,"$ 25,000,000",12285898.00,0.00,0,85 años
100760,Jamileh Abdullah Al-Shanti,9500000,6443087,0.00,0,66
101584,,,3640698,0 COP,0,25
102996,Felipe Mariana Jiménez Sánchez,25000000,21597641 COP,$ 0,0,
100589,Ziad Al Zaza,35000000,17169877,12000000 COP,3 cuotas,71
100665,,,26971992.00,$ 0,0,
103012,Fernando Chávez Moreno,25000000,19460352 COP,1200000,7,32 años
101409,Santiago García Mejía,"$ 3,500,000",2070868 COP,0,0,47
102409,Mariana Pérez Hernández,"$ 3,500,000",2449244 COP,0.00,0,57
101229,Gonzalo Javier Romero Mejía,12000000.00,"$ 4,936,317",0.00,0 cuotas,61
101328,María Mateo Ospina Ospina,7200000 COP,3510759 COP,$ 0,0,41
101718,,,,0,0 cuotas,17
100618,Esteban Restrepo Vargas,"$ 5,000,000",2612158,0 COP,0 cuotas,73.5
100810,Miguel A. Treviño Morales,$18000000,15818173.00,0,0,82
101772,Camilo Jorge Jiménez González,9500000.00,7804603,0.00,0,74
100963,,,14654769,0 COP,0,21
102505,Santiago Silva Restrepo,50000000,38839446,$ 0,0,27 años
100072,Andrés Jaramillo García,"$ 3,500,000",1977544,,0,48
102364,Gonzalo Javier Rojas Jiménez,25000000.00,18744520.00,0.00,0,62
102307,Jorge Gabriel Gutiérrez Mejía,"$ 9,500,000",5256647.00,0 COP,0,16
102468,Gonzalo Mejía Ospina,$5000000,3518623,1200000,10,69
101010,Claudia Natalia Martínez Jaramillo,35000000.00,21102281,0.00,0,64
102477,Ismael Zambada Garcia,5000000,"$ 4,203,540",0 COP,0 cuotas,28.5
102144,Diana Martínez Castro,$25000000,18104706,0 COP,0,51
101212,,,"$ 3,687,515",0.00,0,39
103106,Felipe Daniela Díaz Valencia,"$ 35,000,000",29717356,500000.00,6,58.5
100069,Diego Ramírez Hernández,2500000.00,1558291,0.00,0,84 años
102253,Ziad Al Zaza,25000000 COP,12217883,$1200000,12,33
102960,María Gonzalo López Martínez,7200000.00,3699310.00,0,0,51
102923,Diosdado Cabello Rondon,25000000,11042327.00,6400000.00,5,30
102628,Valentina Diego Pérez Morales,50000000.00,,0 COP,0 cuotas,
100231,Diana Patricia Ortiz Gutiérrez,25000000,$19717448,0 COP,0.0,25
100625,Javier Ortiz Ortiz,25000000,,$3500000,5,44
102742,Juan Fernando Mejía Rodríguez,"$ 25,000,000",11393375,12000000,8,53
102386,Ricardo Lucía Moreno Pérez,35000000,$28363182,0.00,0,14
103748,Santiago Torres Gómez,"$ 25,000,000",$14280396,500000,4,61
101339,Diana José Ortiz García,$7200000,3294676.00,12000000,2 cuotas,15.5
100170,Adriana Sofía Vargas Sánchez,9500000,,,0,51
101899,Ziad Al Zaza,18000000,8895048.00,$ 0,0,43
103397,Patricia Ana Pérez Restrepo,5000000,$3968436,0.00,0,69
102297,Diego Santiago Mejía Jaramillo,5000000.00,2814203,0 COP,0,72
103622,Ana Valencia Navarro,2500000,"$ 1,524,477",,,73
100398,Carlos Suárez Díaz,9500000,"$ 5,561,257",$ 0,0,34
101218,,,1952778 COP,0.00,0.0,43
100715,Diosdado Cabello Rondon,35000000,27010958,12000000,8,
102995,Claudia Jaramillo García,"$ 7,200,000",3630992,$ 0,0,19 años
101771,"KIM, Jong Un",7200000.00,5750908,500000,4,53
103152,Ismael Zambada Garcia,9500000.00,,3500000,9,45
103571,"GUZMAN LOERA, Joaquin",2500000,1976534 COP,0.00,0,55
101173,Diosdado Cabello Rondon,18000000 COP,"$ 13,019,050",6400000,,74.5
103011,Natalia Natalia Torres Hernández,2500000,1799535,0,0,42
101475,Paula Felipe Mejía Arias,$18000000,14618796.00,0,0,22
101406,Diego Juliana Díaz López,$9500000,"$ 6,444,203","$ 500,000",12,52
100334,Santiago Andrés Morales Navarro,7200000,3542904,$ 0,0,75
101043,,,,,,19
102142,Javier Sofía Torres Rojas,2500000,$1606326,$ 0,0,
103417,Laura Ospina Torres,$2500000,2199735,$ 0,0,19
103095,Gabriel Vargas Suárez,"$ 18,000,000",10392231,12000000,4,68
100495,Valentina Rodríguez Mendoza,"$ 3,500,000",3104898.00,0,0,65
102858,Camila Adriana Chávez Ramírez,9500000,"$ 5,724,075",,0,
102047,Diego Mendoza Ortiz,3500000,1806714,3500000,1,
100111,Juliana Lucía Moreno Mejía,3500000,2742451,0.00,0,59.5
101862,Miguel A. Treviño Morales,12000000.00,$9007729,6400000,8,55.5
100042,Mariana Arias González,18000000,15204572,0 COP,0,16
101125,,"$ 18,000,000",8380738,"$ 500,000",9,70
103695,Patricia Camilo Mejía Vargas,"$ 7,200,000",4983755.00,0.00,0,45
101991,Diana Luis Castro Jaramillo,"$ 50,000,000",23815119,500000.00,9 cuotas,40 años
101392,Daniela Vargas Ortiz,3500000,1973056,3500000,3,
103032,Diana Ramírez Ramírez,$2500000,1171640,0 COP,0,31
101940,Natalia Suárez Mejía,18000000,10111148,0.00,0 cuotas,52
103595,Felipe Camila Jaramillo López,7200000,4517132,12000000.00,2,32
102336,Jorge Silva Pérez,12000000,8363262,0 COP,,40
102292,,,,0,0,72
102148,Carlos Gómez Sánchez,3500000,1685045 COP,$ 0,0,55
102719,Gonzalo Javier Morales Castro,3500000,2799634,6400000,1 cuotas,30
103513,Juliana Luis Torres Ramírez,$12000000,10474390,$ 0,0,72
100923,Luis Gabriel Arias Romero,18000000,15083476 COP,$ 0,0,
101842,Esteban Romero Navarro,5000000,3296555,$12000000,4,29
102036,Adriana Santiago Gutiérrez Mendoza,18000000 COP,8751779 COP,0.00,0,44 años
103165,"MADURO MOROS, Nicolas",25000000,12550961,$ 0,,68
103503,Alejandro Hernández Silva,2500000,1918688,0.00,0,14 años
102182,Andrés José Mejía Jiménez,3500000,1596718 COP,0 COP,0,15
103715,Fernando Jorge Hernández Hernández,25000000 COP,15868587,$ 0,0.0,58
103147,Mateo Restrepo Castro,50000000,24907177,0.00,0,24
102382,Natalia Gonzalo Morales Ospina,50000000,22630705,$ 0,0,63
101535,"CARO QUINTERO, Rafael",$9500000,6576660 COP,,8 cuotas,41
100509,Alejandro García Chávez,50000000,,$ 0,0,55
100815,Valentina Natalia López Rodríguez,35000000,18922947.00,"$ 500,000",7 cuotas,31
100741,Javier Gonzalo Sánchez Ramírez,"$ 18,000,000",12886922 COP,500000,4,72
102246,CHINA AEROSPACE SCIENCE AND TECHNOLOGY CORPORATION,$7200000,5143366.00,0.00,0,48 años
100456,Sofía Martínez Gómez,9500000.00,6913437,0.00,0,46
102263,María Suárez Suárez,,"$ 21,107,417",$ 0,0.0,60
100656,Valentina Arias Mendoza,$2500000,,0 COP,0,
103462,"SAAB MORAN, Alex Nain","$ 25,000,000",18290600,0,0,49
101144,Alex Nain Saab Moran,5000000 COP,$2236458,$3500000,3,19.5
101673,Daniela Jorge González Pérez,$35000000,$17195716,0.00,0 cuotas,23.5
103611,Daniela Rojas Morales,"$ 12,000,000",7953448.00,0,0 cuotas,19
101527,Verónica Daniela Valencia Morales,35000000,"$ 16,918,185",0.00,0 cuotas,32
100848,Ziad Al Zaza,50000000,30600393,0 COP,0,27
102811,Jorge Jaramillo Rodríguez,"$ 25,000,000",,,11.0,
102010,Daniela Natalia Suárez Rodríguez,18000000,8462729,0.00,0,22
100647,María Martínez Vargas,5000000.00,3973867.00,12000000,4 cuotas,74
103115,Gonzalo Paula Navarro Ramírez,,4868118,"$ 1,200,000",12,33
100610,Ana Chávez Valencia,7200000,3774863,0.00,0 cuotas,44
101276,"MADURO MOROS, Nicolas",,25402140.00,0.00,0,24
101180,"CABELLO RONDON, Diosdado",5000000,2514577,0,0,65
102468,Gonzalo Mejía Ospina,$5000000,3518623,1200000,10,69
102962,Lucía Javier Gutiérrez Chávez,25000000 COP,10911398 COP,0,0,74
103138,"CABELLO RONDON, Diosdado",25000000,$12902264,0 COP,0,67
100684,"MADURO MOROS, Nicolas",,10051412,$ 0,0,
101863,Natalia Claudia Ospina Gutiérrez,25000000,19480744,,0,55
101887,Luis Andrés Gómez Mendoza,18000000.00,$10995067,3500000.00,5,49 años
103078,Camilo Camilo Moreno Navarro,"$ 3,500,000",1422620,,0,34.5
100473,María Romero Silva,$25000000,,0 COP,0,24.5
101842,Esteban Romero Navarro,5000000,3296555,$12000000,4,29
103701,Luis Juliana Silva Martínez,9500000.00,,$12000000,2,28
100596,Sofía Mateo Martínez Gutiérrez,3500000,3091776.00,0 COP,0 cuotas,14
103363,Lucía Mendoza Moreno,25000000.00,20652912.00,0 COP,0,
103776,Luis Castro Silva,12000000 COP,$5392825,$ 0,0,15
100098,Lucía Juan Morales Vargas,5000000,"$ 2,657,344",0 COP,0,64
103106,Felipe Daniela Díaz Valencia,"$ 35,000,000",29717356,500000.00,6,58.5
101352,Adriana Torres Suárez,"$ 7,200,000",3875876,$ 0,0,40.5
100381,Patricia Santiago Hernández Morales,18000000,,0,0,63
103274,Sofía García González,"$ 18,000,000",9020863,0.00,0 cuotas,18.5
100669,Javier Arias Vargas,$12000000,10185841,$ 0,0,31
102741,Santiago Verónica Sánchez Pérez,"$ 35,000,000","$ 25,345,020",0.00,0 cuotas,53
102735,Patricia Alejandro Hernández Torres,$35000000,26947538,0,0.0,
101979,Lucía Arias Rojas,50000000,42956495,0.00,0 cuotas,64
100436,Esteban Silva Chávez,"$ 25,000,000",17993437,0 COP,0,17
103041,Diego Laura Romero Arias,5000000,4398270,$ 0,,75
102715,Bashar Al Assad,3500000,1747584.00,0 COP,0 cuotas,43
100484,Felipe Juan Jiménez Romero,18000000,$8397290,$ 0,0,39
102500,Andrés Claudia Restrepo Morales,3500000.00,2046264.00,0 COP,0 cuotas,48
102213,Adriana Torres Romero,2500000 COP,1945699,0,0,50
100133,Felipe Carlos Jaramillo Vargas,25000000,20326675,0,0,81.5
103657,Paula José López Díaz,$7200000,4465281,500000,10,32
103364,"ABU TEIR, Mohammed",5000000.00,4119761.00,0 COP,,54
101193,,,5848744 COP,12000000,6,41 años
103491,"SANCHEZ CEREN, Salvador",7200000.00,5744005,0 COP,0,70.5
102723,Jorge María Navarro Jiménez,35000000,28368856,0 COP,0,15
100862,Mariana Hernández Jiménez,25000000 COP,"$ 18,612,723",0.00,0,58
100604,CHINA AEROSPACE SCIENCE AND TECHNOLOGY CORPORATION,5000000,"$ 2,055,287",0 COP,0 cuotas,45
100502,Gonzalo Javier Restrepo Arias,9500000 COP,,0 COP,0,61
101600,Sofía María Romero Díaz,7200000,"$ 5,262,482",0.00,0,26.5
102696,Daniela Mejía Ospina,35000000.00,$31153124,0,0,44
101026,Jorge Mendoza Pérez,12000000 COP,8842838.00,0,0,70
102952,Gabriel Verónica Rojas Castro,3500000.00,,0.00,0.0,25
103160,Natalia González Jaramillo,2500000,1811758,"$ 6,400,000",10,29 años
101781,Adriana Navarro Castro,5000000,4118163,6400000,5,42
101668,Diego Jiménez Rodríguez,"$ 3,500,000",1994510.00,12000000 COP,,32
101840,Diego Jorge Hernández Ortiz,35000000,14220123,$ 0,0 cuotas,28
101617,Joaquin Guzman Loera 'El Chapo',25000000,12272333,0.00,0,79
100311,Gabriel Restrepo Martínez,$5000000,3268321,0,0 cuotas,75
103149,"ZAMBADA GARCIA, Ismael",5000000,3475265,1200000 COP,10.0,36
100725,Fernando Gabriel Suárez Jiménez,"$ 25,000,000",21800138,1200000 COP,4,53 años
103069,Gabriel Juan González Ramírez,25000000 COP,"$ 20,136,342",,0 cuotas,20
100399,Javier Natalia Valencia Sánchez,9500000,7091446,$ 0,0.0,33
103576,"MADURO MOROS, Nicolas",50000000.00,34377169,0.00,0,16.5
100497,"MADURO MOROS, Nicolas",50000000 COP,29790035 COP,12000000 COP,6.0,29
100722,José Pérez Moreno,18000000,10838142,$ 0,0,66
100656,Valentina Arias Mendoza,$2500000,,0 COP,0,
100869,Alejandro Lucía González Navarro,"$ 9,500,000",7461502.00,$500000,5,37
101586,Luis Jorge Mejía Ospina,2500000,1667865,$12000000,1,
101702,HEZBOLLAH,$12000000,"$ 8,855,211",$ 0,0,52
102435,China Aerospace Science & Tech Corp,"$ 5,000,000",3271863,$6400000,3,50
101007,Mahmoud Khaled Zahhar,,6188268,0 COP,0,24.5
102723,Jorge María Navarro Jiménez,35000000,28368856,0 COP,0,15
101263,Felipe Torres Morales,"$ 18,000,000",7747229,0 COP,,74 años
100464,José Camilo González Romero,50000000,36010528 COP,500000,5,15
102384,Tareck Zaidan El Aissami,$5000000,4467713,0,0,71
100411,Luis Gonzalo López Restrepo,$3500000,"$ 1,784,804",0.00,0,43
102409,Mariana Pérez Hernández,"$ 3,500,000",2449244 COP,0.00,0,57
100335,Laura Díaz Mendoza,3500000,1898871,0.00,0 cuotas,65 años
101670,Juan Andrés Díaz Gutiérrez,"$ 18,000,000",13323561 COP,$ 0,0,57
100864,Valentina Gabriel Martínez Restrepo,7200000,5820208.00,0 COP,0,
101020,Esteban Mateo Mendoza Rojas,7200000,3133887,0,0,26
102361,Diana Valentina Chávez Ramírez,18000000,,,7 cuotas,65
100945,Mahmoud Khaled Zahhar,7200000 COP,3337614,$1200000,,84 años
103399,Claudia Carlos Morales Sánchez,18000000,12737887,0,0,69
103558,China Aerospace Science & Tech Corp,12000000,5062547,$ 0,0.0,30
101446,Mariana Felipe Morales Suárez,2500000,1489139,1200000,11,
101898,Claudia Patricia Gómez Restrepo,7200000,5045976,$ 0,0,73
100576,Fernando Sánchez Mendoza,2500000,1773232 COP,0.00,0.0,44
101241,Camilo Ospina Moreno,50000000,21460438.00,0,0,18
101794,Ana Ramírez Mendoza,2500000,"$ 1,771,824",1200000,,49 años
100449,Nicolas Maduro Moros,18000000.00,9742216,0 COP,0,17.5
102323,Camilo Esteban Rodríguez García,$5000000,3135557,1200000 COP,7 cuotas,58
100080,Camilo Verónica Gómez Torres,9500000,"$ 4,483,922",0.00,0.0,19
103000,HEZBOLLAH,2500000 COP,$1932187,3500000,5,39
102743,Camilo Chávez Morales,25000000 COP,13139015,$ 0,0,72
101930,Gabriel Jiménez Moreno,18000000,"$ 10,990,265",0 COP,0,58
101682,Luis Ramírez Ortiz,35000000,17603513,12000000 COP,6,60
101807,"AL-ASSAD, Bashar",9500000,4814189,$ 0,0.0,44
100047,Miguel A. Treviño Morales,,$1566930,0.00,0,
100383,Sofía Gutiérrez Sánchez,7200000.00,3661841,0 COP,0,85
102822,Bashar Al Assad,,"$ 36,674,838",0.00,0,62
103346,"TREVIÑO MORALES, Miguel Angel",2500000,"$ 1,461,149",0.00,0,23
103085,Claudia Moreno Moreno,18000000,"$ 10,048,416",,0,69
100959,Ismael Zambada Garcia,3500000 COP,2965884,0 COP,0,68
101887,Luis Andrés Gómez Mendoza,18000000.00,$10995067,3500000.00,5,49 años
101501,Bashar Al Assad,7200000,"$ 6,351,349",500000 COP,4 cuotas,14
101940,Natalia Suárez Mejía,18000000,10111148,0.00,0 cuotas,52
100299,Mateo Díaz Morales,"$ 2,500,000",,$500000,,57
103630,Miguel A. Treviño Morales,7200000,3987222.00,,0,30
101065,Mariana Mariana Rojas Hernández,$35000000,16796717,12000000,7,36
101210,Ricardo Castro Navarro,2500000,2215699,1200000,9 cuotas,82
103689,"MADURO MOROS, Nicolas","$ 7,200,000",6394049,,0,
101616,María Suárez Silva,$7200000,"$ 3,565,958",6400000,,
102082,Juliana Andrés Gutiérrez Martínez,2500000 COP,1732719,0.00,0,42
102201,"LUKASHENKO, Aleksandr",50000000,28595720,0.00,0,17.5
102009,Gonzalo Rojas Valencia,,"$ 12,867,842",0.00,0,47
102559,"MADURO MOROS, Nicolas","$ 3,500,000","$ 3,137,569",,0,43.5
100135,Gonzalo Claudia Jiménez Rodríguez,50000000,44589272.00,,0,68
100338,Juan Díaz Pérez,35000000,29824897,1200000,12,50
101447,Juliana Ana Rodríguez Torres,25000000,18242631,0,0,20
102459,Patricia Juan Moreno López,5000000,"$ 2,894,361",$ 0,0,16
101286,Luis Mendoza López,25000000,"$ 14,750,211",$ 0,0,17
100011,"ZAHHAR, Mahmoud Khaled",12000000,5594040,3500000,5,68
101547,Natalia Claudia Torres Navarro,$12000000,9968874,500000,4,69
101270,Gonzalo Martínez Romero,3500000,2911458,0,0,69
100217,Felipe Restrepo Jiménez,$50000000,$21844257,3500000,3,21
100264,Paula Juan Vargas Ramírez,12000000,9516789,0.00,0.0,73.5
102562,Camilo Gómez Chávez,"$ 3,500,000",1406721,500000,7,29
102941,Verónica Gabriel Castro Suárez,25000000,17568222,0,0,30
100579,Jamileh Abdullah Al-Shanti,$7200000,3827741.00,"$ 500,000",12,
103602,Ricardo Santiago Rodríguez Gutiérrez,$5000000,2986669,$ 0,0,
101892,Laura Chávez Pérez,$35000000,"$ 14,122,203",1200000,2,40
103230,Natalia María Vargas Navarro,"$ 18,000,000","$ 7,919,564",500000.00,6.0,21
101684,Juan Javier Suárez Silva,"$ 3,500,000",2396101,0 COP,0,61
102277,Juan Laura Romero Gutiérrez,7200000,"$ 3,701,201",0 COP,0,49
101186,Andrés Ana Jiménez López,25000000,"$ 15,652,205",0,0 cuotas,43
100855,Ricardo Chávez Silva,50000000.00,42238627,1200000 COP,10,35
103301,Diana Ortiz Torres,5000000,"$ 2,998,545",0.00,0,42.5
102584,Diana Valentina Gutiérrez Pérez,18000000,11450594,0.00,0,31
102962,Lucía Javier Gutiérrez Chávez,25000000 COP,10911398 COP,0,0,74
103190,Gonzalo Laura Ospina Arias,"$ 7,200,000",4631525,0.00,0,84
103320,Mohammed Abu Teir,"$ 3,500,000",3067663.00,$12000000,8,
101934,Camilo Gabriel Suárez Jiménez,"$ 12,000,000",8582754,,9,16
102497,Mateo Juan Ortiz Ramírez,18000000,7842538,12000000,6,41 años
103566,,,44260767,0.00,,73
103432,"PURI, Genaro",7200000,"$ 5,083,393",0,,44
100983,Santiago Adriana Torres García,25000000.00,19835076.00,0.00,0.0,73.5
103060,Rafael Caro-Quintero,7200000.00,"$ 4,206,347",0 COP,0,51
101755,Ziad Al Zaza,7200000.00,$5429177,$12000000,8,85.5
100172,"ABU TEIR, Mohammed",50000000.00,28041373,$ 0,0,42
102805,José Juan Suárez Torres,9500000,"$ 7,181,561",0.00,0,30
100213,Sofía Jiménez Moreno,35000000,16557103,0.00,,
101189,Verónica Felipe Morales Chávez,"$ 9,500,000",7283744,$ 0,0,56
101832,"LUKASHENKO, Aleksandr",2500000,1372721,6400000,,62 años
100957,Camilo López Morales,35000000,16747122,0 COP,0,83
102312,Mariana Juan Martínez Romero,50000000 COP,23213392,0 COP,0,47
103140,Mariana Santiago Navarro Arias,2500000.00,1786112,0,0,64
102192,Camila Mejía Vargas,$5000000,2091827,0.00,0.0,46 años
101205,China Aerospace Science & Tech Corp,"$ 35,000,000",14977535,500000,3,
103437,Valentina Valentina González Vargas,12000000,10633916,0 COP,0,33
101630,Ana Juan Jaramillo Torres,18000000.00,13451279,"$ 1,200,000",2 cuotas,17
100712,HEZBOLLAH,35000000.00,"$ 14,423,940",0,0,21
101334,Alex Nain Saab Moran,5000000,"$ 3,251,459",0,0,27.5
103391,Daniela Jiménez Torres,3500000 COP,"$ 2,449,767",,0,15
102418,Fernando Diana Navarro Romero,9500000,4606865,0,0,20
101566,Tareck Zaidan El Aissami,25000000 COP,13461300,0.00,0,26
103139,Carlos Lucía González Torres,18000000,12150279.00,12000000,8,19
100985,Patricia Claudia Navarro Torres,5000000,,$ 0,0,41
103410,Ziad Al Zaza,18000000.00,7793634,,0,25
100478,Lucía Daniela García Martínez,7200000,5595017,0 COP,0,42
101536,,2500000 COP,1014556.00,0 COP,0 cuotas,75.5
101670,Juan Andrés Díaz Gutiérrez,"$ 18,000,000",13323561 COP,$ 0,0,57
102611,Mateo Ana Romero Ortiz,35000000,27475291,0,,19
102973,Esteban Valencia Ramírez,"$ 9,500,000",$7756416,$ 0,0,
103055,Juan Daniela Vargas Rojas,9500000,5807017 COP,500000 COP,7,64
102315,"SAAB MORAN, Alex Nain",2500000,$1086817,$ 0,0,14
100812,Camilo Patricia García Castro,9500000,4829828,$ 0,0,32
103751,Paula Santiago Castro Moreno,25000000.00,22302868,$ 0,0,
102777,Aleksandr Lukashenko,$50000000,25514313,0 COP,0,17
100974,Jamileh Abdullah Al-Shanti,3500000.00,,$12000000,6,54
101832,"LUKASHENKO, Aleksandr",2500000,1372721,,2,62 años
103541,China Aerospace Science & Tech Corp,3500000,2176604,0.00,0,67
101850,Laura Fernando Martínez Gutiérrez,$3500000,2947721.00,$ 0,0.0,33
100307,Felipe Verónica Díaz Vargas,5000000,2243081.00,$ 0,0,42
102127,Juliana Laura Castro Chávez,2500000,2123152,0.00,0,19
103582,Mariana Restrepo Ortiz,25000000,"$ 12,182,266",$ 0,0,61
103026,Gonzalo Alejandro Ortiz Valencia,5000000,2538688,6400000,8.0,48
102867,Mariana Lucía Mendoza Jaramillo,3500000,3100589,6400000,4,31
101540,Fernando Verónica Gutiérrez Hernández,$9500000,7481786,0,0,25
101343,Rafael Caro-Quintero,,7172033,3500000,4,20
102812,Esteban Andrés Chávez Gómez,,1884333.00,0,0,36
102325,Camila Jiménez Mendoza,18000000,9904508 COP,0.00,0,60
100648,Claudia Mendoza Rodríguez,"$ 18,000,000","$ 12,230,499",0,0,14 años
102078,Mateo Juan Mendoza Rojas,$35000000,27554210 COP,0,0,63
101420,Fernando Juliana Ramírez Jaramillo,35000000,25281760,$ 0,0,
103783,María Mariana Pérez Moreno,25000000,16807384 COP,0.00,,16
101125,,"$ 18,000,000",8380738,"$ 500,000",9,70
102219,CHINA AEROSPACE SCIENCE AND TECHNOLOGY CORPORATION,$9500000,"$ 5,791,700",$ 0,0.0,74
102023,Felipe Andrés Hernández Castro,18000000 COP,"$ 10,548,989",6400000.00,11,44
102848,Esteban Gabriel Romero Martínez,5000000,2832010,0.00,0 cuotas,56
100125,Daniela Alejandro Ospina López,5000000.00,$3496981,12000000 COP,3,73.5
102144,Diana Martínez Castro,$25000000,18104706,0 COP,0,51
102799,Fernando Gutiérrez Ramírez,18000000 COP,15126507.00,0,0,43
100673,Nicolas Maduro Moros,"$ 7,200,000",4867485,$ 0,0,63
101593,Alejandro Javier Vargas Jiménez,12000000,$7735079,0 COP,0,28
100915,Jorge Romero González,,13390208,0.00,0 cuotas,32
102125,Juliana Camilo Mejía García,5000000,3382130,$ 0,0,16
100031,Verónica Fernando Chávez Ortiz,35000000,27998866 COP,$ 0,0,
100675,,,3065213,$1200000,3,70
100352,Mahmoud Khaled Zahhar,"$ 18,000,000",15703871,$ 0,0,17.5
102985,,,"$ 17,940,245",0 COP,0,45
103487,Gonzalo Luis Mendoza Silva,25000000,13571854,3500000,12,71
103179,Laura Pérez López,"$ 18,000,000",13976261,$ 0,0.0,17 años
100027,"ZAMBADA GARCIA, Ismael",35000000,25428720,0 COP,0,42.5
101704,Paula Andrés Jiménez Restrepo,25000000,19488118,$1200000,12,19
100566,Mariana Claudia Silva Díaz,7200000,5052991,0 COP,0,17
103226,Diego Ortiz Chávez,25000000 COP,11517826.00,1200000.00,5,36
100557,Diana Lucía Jiménez Rodríguez,"$ 50,000,000",41567917 COP,0.00,0,18
102632,Jorge Gutiérrez Ramírez,35000000,25439790.00,0 COP,0,42 años
102275,Javier Morales Restrepo,,"$ 6,655,321",0,0,72
102046,Camilo Daniela Mejía Torres,5000000,3931156,0 COP,,18
101500,Daniela Camilo Chávez Martínez,9500000,4236549 COP,$ 0,,32
103018,Camilo Vargas González,3500000,"$ 1,577,691",0,0,62.5
102567,Mohammed Abu Teir,35000000,29709565.00,0,0,
100655,Camilo Chávez Mejía,3500000 COP,1859857,0.00,0.0,45
103223,Nicolas Maduro Moros,12000000.00,5421603,0,,36
101332,Lucía Ramírez González,25000000.00,15283715,"$ 6,400,000",1,42
101607,Diego Gutiérrez González,"$ 3,500,000",2398236,$ 0,0,25
100719,CHINA AEROSPACE SCIENCE AND TECHNOLOGY CORPORATION,5000000,2495051 COP,0.00,0,29
100744,Daniela Mejía Hernández,12000000,5906182 COP,0,0,48
103610,Jong-Un Kim,50000000.00,30331394,"$ 1,200,000",12,68
103672,Luis Gabriel Torres Gutiérrez,9500000,,$1200000,8,14
101711,Juliana Silva Rojas,5000000.00,2969643.00,0.00,0,48
101012,Jorge Navarro Mendoza,3500000 COP,2235954,6400000,11,27 años
102472,Verónica Diana Vargas Valencia,"$ 2,500,000",2088335,$ 0,0,
101356,"ZAHHAR, Mahmoud Khaled",5000000 COP,3198414.00,0.00,0,73
102373,Diana Hernández Ramírez,18000000,12598396.00,0.00,0,49
102986,,,18127085,$ 0,0.0,16
102002,"MADURO MOROS, Nicolas","$ 12,000,000","$ 9,818,562",$ 0,0,85
102733,Mariana Morales Romero,$18000000,14016759.00,0.00,0,48
100967,,,23047457,,5,17.5
103571,"GUZMAN LOERA, Joaquin",2500000,1976534 COP,,0,55
101240,Santiago Paula Rodríguez Pérez,50000000 COP,24781664,0 COP,0,38.5
103734,Tareck Zaidan El Aissami,50000000,"$ 42,263,759",3500000.00,12,60
101629,Verónica Sánchez Torres,$3500000,2668037.00,$3500000,3 cuotas,
101679,,12000000,9643627,0,0,65
100428,,,8229298,500000,5,43
100810,Miguel A. Treviño Morales,$18000000,15818173.00,0,0,82
103181,Alejandro Silva Hernández,25000000,,12000000,2,27
100093,"ZAMBADA GARCIA, Ismael",7200000,5803168,$ 0,0,
102442,Carlos Gonzalo Ramírez Torres,18000000,12853014,$ 0,0,35
101433,Rafael Caro-Quintero,2500000,1051293,0.00,0,41
103191,Javier Mariana Vargas Suárez,5000000,3826236,$ 0,0,
100485,Aleksandr Lukashenko,2500000.00,2114139,$ 0,0,61
103466,Natalia Ramírez Morales,50000000 COP,38793164,500000.00,,32
101973,Nicolas Maduro Moros,35000000 COP,24785191,$ 0,0 cuotas,70
101138,Carlos Santiago Restrepo Jiménez,5000000,3745348,$ 0,0,69 años
100532,"EL AISSAMI MADDAH, Tareck Zaidan",2500000,1075613,$ 0,0,33
102872,Patricia Santiago Gómez Ortiz,7200000.00,$3751288,$ 0,0,33 años
103657,Paula José López Díaz,$7200000,4465281,500000,10,32
101008,Paula Restrepo Vargas,50000000,41239738,0 COP,0,37
103150,Lucía López Martínez,50000000,"$ 38,767,354",,7,65 años
101131,Mateo Laura Valencia Navarro,18000000.00,14743970,,0,49
103327,CHINA AEROSPACE SCIENCE AND TECHNOLOGY CORPORATION,"$ 18,000,000",$9667275,,0.0,31
101403,CHINA AEROSPACE SCIENCE AND TECHNOLOGY CORPORATION,$3500000,2191430,,0,54
101360,Laura Ospina Ortiz,3500000,2165384,$ 0,0,46.5
100467,Claudia Valentina Navarro Vargas,$35000000,$24484341,$ 0,0,72
102441,Camilo Mariana Restrepo Restrepo,3500000.00,2477037,$ 0,0,63.5
103433,Valentina Santiago Valencia Chávez,5000000,2572721.00,500000,10,
100077,"AL-ZAZA, Ziad","$ 25,000,000",14067463,$ 0,0,16
102567,Mohammed Abu Teir,35000000,29709565.00,0,0,62
100080,Camilo Verónica Gómez Torres,9500000,"$ 4,483,922",0.00,0.0,19
101021,Mahmoud Khaled Zahhar,25000000 COP,14157868,6400000,5,29
103737,Lucía Mateo Ospina Rodríguez,5000000.00,,6400000 COP,5.0,
101565,,,2720607,500000.00,4,73.5
100201,Daniela Morales Suárez,50000000,35268785.00,0,0 cuotas,67
101789,Miguel A. Treviño Morales,"$ 5,000,000",3334883.00,0.00,0,35 años
100274,Patricia Torres Jaramillo,$25000000,21514530.00,0 COP,0,20
102111,Andrés Ospina Martínez,"$ 12,000,000",9932443.00,12000000,1,33
102706,Felipe Mateo Suárez Gutiérrez,18000000,$11471306,"$ 6,400,000",7.0,52
102803,Juliana José Gutiérrez Romero,50000000.00,40856997,1200000,12,72
100091,Mariana Diana Pérez Valencia,18000000,8423138.00,0 COP,0,66
103662,"ZAHHAR, Mahmoud Khaled",,"$ 4,677,485",6400000.00,12,42
101792,Paula Jorge Valencia Romero,35000000.00,"$ 20,193,871",$ 0,0,74
103449,Mateo Javier Pérez Vargas,5000000,4012096.00,$ 0,0,50 años
100646,"AL-SHANTI, Jamileh Abdullah",12000000,"$ 4,943,255",,,42
102292,,18000000,7642928,0,0,72
102411,Juan Moreno Gutiérrez,"$ 5,000,000",2683175 COP,0.00,0 cuotas,62
101734,,,9400426,0 COP,0,59
101450,Camila Jorge Jiménez Suárez,25000000 COP,11630176,500000,5,41 años
102875,"ABU TEIR, Mohammed",9500000 COP,6268518,0 COP,0,
102505,Santiago Silva Restrepo,50000000,38839446,$ 0,0,27 años
100626,"ABU TEIR, Mohammed",18000000,$7903111,0,,74
100001,,,5960875,0.00,0,48
100563,Juliana Jorge López Restrepo,7200000,,0 COP,0,21
100302,Carlos Diego Mendoza Díaz,$3500000,1570085,0 COP,0,37.5
103361,Diosdado Cabello Rondon,$35000000,"$ 24,248,370",0,0,41
103761,Carlos Gutiérrez López,3500000,$3147627,0 COP,0,65
102029,Juan Natalia Rojas Silva,7200000,3215482,3500000 COP,1,27
101646,Valentina Claudia Rodríguez Arias,5000000.00,3067278 COP,$500000,3,44
102239,Camila Ricardo Díaz Ospina,12000000,10128168,$ 0,0.0,
100326,Joaquin Guzman Loera 'El Chapo',5000000,4312054,,0,22
102236,Gonzalo Esteban Suárez Chávez,9500000.00,6540956 COP,,0,83.5
102852,Ziad Al Zaza,$35000000,"$ 25,945,525",500000,7,71
103291,Mariana Camila Ospina Sánchez,"$ 2,500,000",1758877.00,0.00,0 cuotas,
101009,Camila Jaramillo Romero,18000000.00,,1200000,9,49.5
101730,"AL-SHANTI, Jamileh Abdullah","$ 5,000,000",,0 COP,0,33
101682,Luis Ramírez Ortiz,,17603513,12000000 COP,6,
100101,Ana Gómez Martínez,50000000 COP,32029341,0,0,23
101536,,2500000 COP,1014556.00,0 COP,,75.5
101073,"ZAMBADA GARCIA, Ismael","$ 35,000,000",21970217.00,0.00,0,74.5
102339,Natalia Mariana Jiménez Rodríguez,2500000,1417232,0 COP,,27
103272,Juan Gabriel Romero Chávez,7200000.00,3911283,3500000,10,31
102591,Alejandro Ana González Navarro,18000000,11633836 COP,0.00,0.0,14
100656,Valentina Arias Mendoza,$2500000,2020735,0 COP,0,
101643,Mariana Javier Jaramillo Silva,9500000,"$ 8,472,580",$ 0,0,15
102904,"GUZMAN LOERA, Joaquin",12000000 COP,5399827,"$ 500,000",4 cuotas,15 años
103114,Juliana Daniela Martínez Gómez,$50000000,27285710,0.00,0,
100708,Verónica Andrés Castro Pérez,35000000.00,"$ 15,682,103",3500000,11,34
102942,Carlos Claudia Valencia Ramírez,18000000 COP,"$ 10,961,726",$ 0,0,50
103766,,,1502809,0.00,0,63
102852,Ziad Al Zaza,$35000000,"$ 25,945,525",500000,,71
101268,Santiago Chávez Vargas,50000000,25981351,$ 0,0.0,16
100128,Patricia Rojas Martínez,12000000,5739185,,7,48
100573,Alejandro Valentina García Sánchez,$12000000,"$ 7,497,673",$ 0,0.0,43
103691,Verónica José Valencia Valencia,2500000,2086467,3500000,,73
102806,Santiago Juan Castro Suárez,7200000,"$ 5,474,823",$ 0,0 cuotas,49.5
103386,Ana Luis Suárez Gutiérrez,35000000,"$ 17,529,981",$ 0,0,18
102556,Gonzalo Sofía Castro Morales,"$ 12,000,000",7088235,3500000 COP,1 cuotas,33.5
102108,CHINA AEROSPACE SCIENCE AND TECHNOLOGY CORPORATION,"$ 50,000,000","$ 24,916,525",12000000,9.0,55
101040,Lucía Vargas Rojas,18000000 COP,12503882,0 COP,0.0,36
100861,"AL-ASSAD, Bashar",12000000,9808813,0,0 cuotas,56
100063,China Aerospace Science & Tech Corp,9500000,3820353,0.00,,55
102057,Gabriel Diana Torres Ospina,$9500000,6342473 COP,"$ 3,500,000",10,22 años
101253,Diana Juan Mejía Morales,"$ 25,000,000",13555287.00,,0,44
102789,Juan Felipe Chávez Ospina,50000000.00,43478856.00,$ 0,0,48
101096,Juliana Daniela Chávez Vargas,$9500000,7503455 COP,$ 0,0,52
100461,Camilo González Torres,3500000,1975355,"$ 3,500,000",3,18
100687,Sofía Camilo Martínez Morales,"$ 5,000,000",2903574,0,0,75
100066,Mateo Ortiz Torres,9500000,5230373,,0,42
102080,Adriana Camilo Díaz Martínez,35000000.00,26311948 COP,0,0,28
100775,Daniela Pérez Mendoza,2500000,"$ 2,191,981",$ 0,0.0,25 años
103220,Felipe Santiago Gutiérrez Navarro,"$ 12,000,000",$10362477,$12000000,12,
103548,"ZAHHAR, Mahmoud Khaled",50000000,24993734.00,6400000,5,14
101872,"ABU TEIR, Mohammed","$ 35,000,000",27404996,"$ 12,000,000",5,
103698,Daniela Luis Jiménez Rodríguez,7200000,4843096,0,,
101225,Ana Camila Mejía Navarro,25000000,10843918 COP,0.00,0,74
100006,Jong-Un Kim,7200000,6466914 COP,0,0,16
101504,José Daniela Rojas Valencia,7200000,,0.00,0,71
102485,,7200000,4308027,$ 0,0,39
100125,Daniela Alejandro Ospina López,5000000.00,$3496981,12000000 COP,3,73.5
103673,Fernando Natalia González López,25000000 COP,"$ 20,374,793",0.00,,16
101557,,3500000,2376435,0.00,0,39
101374,Natalia Luis Ospina Romero,35000000 COP,"$ 17,397,982",$ 0,0 cuotas,39
101577,José Andrés Mejía Mendoza,35000000,27577587,0 COP,0,45
101784,Felipe Navarro Ramírez,7200000 COP,"$ 5,884,240",,0,22.5
103752,María Camila Jaramillo Valencia,35000000,27350271 COP,0.00,0,48
103460,María Ramírez Gómez,2500000,1566136,$ 0,0,30 años
100899,Juan Ana García Navarro,12000000,$9972041,0,0,71
101140,Esteban Restrepo Mejía,$3500000,2965820 COP,0,0.0,72
102130,,,"$ 5,518,518",0.00,0,53.5
101595,José Arias García,3500000,1496097 COP,,7,36
102500,Andrés Claudia Restrepo Morales,3500000.00,2046264.00,0 COP,0 cuotas,48
103046,Ricardo Mariana Mendoza Torres,18000000.00,9570385 COP,0.00,0 cuotas,18
100557,Diana Lucía Jiménez Rodríguez,"$ 50,000,000",41567917 COP,0.00,0,18
103711,Carlos Jaramillo Chávez,12000000,5250669,3500000,6,22.5
101692,Adriana Suárez Silva,12000000,6207031,12000000,,62.5
101693,Gabriel Torres Ortiz,35000000,23861422 COP,0.00,0,61.5
100873,Javier Silva Pérez,3500000,2034431,0,0,51
101918,Esteban Vargas García,$2500000,1345643.00,0,0 cuotas,69
101723,Patricia Gabriel Jiménez Torres,35000000.00,19201112,0,0,54 años
102219,CHINA AEROSPACE SCIENCE AND TECHNOLOGY CORPORATION,$9500000,"$ 5,791,700",$ 0,0.0,74
102212,"MADURO MOROS, Nicolas",9500000,6106150.00,6400000,7 cuotas,34.5
101443,Ana Valencia Jiménez,9500000,7320198,0,0,23
102433,Mohammed Abu Teir,18000000,12077679.00,0.00,0,48 años
102576,Camilo Valentina Pérez Rodríguez,2500000 COP,$2235298,0,0,82
100408,"SAAB MORAN, Alex Nain",3500000,2503968,0.00,0,59.5
100582,"ABU TEIR, Mohammed",18000000.00,7247578,,0,61
100688,"CABELLO RONDON, Diosdado",18000000.00,8932246,0 COP,0.0,45
102861,Joaquin Guzman Loera 'El Chapo',3500000,2637082.00,500000.00,7,33
100043,,,22999430,1200000,12,54
101381,Jorge Castro Restrepo,7200000,3395116,"$ 1,200,000",10,48
101157,Camilo Juliana Navarro Castro,2500000,1205032,0.00,0.0,54
102637,Diego Ana Moreno Romero,"$ 3,500,000","$ 2,405,505",0,0,31
101179,Paula Lucía Rodríguez Díaz,50000000,40320618.00,0,0,47
100485,Aleksandr Lukashenko,2500000.00,2114139,,0,
102074,Mahmoud Khaled Zahhar,3500000,2920401,$ 0,,46
101417,Laura Alejandro Vargas Moreno,$18000000,$10378603,0 COP,0,58
102332,Luis Arias Mejía,18000000,$11372242,6400000,9,21
101955,Andrés Lucía Navarro Restrepo,"$ 50,000,000",26707734,0,0,40 años
102335,"ZAHHAR, Mahmoud Khaled",2500000,2134921.00,,,36
101544,José Valentina Martínez Rojas,18000000.00,,0,0,
101282,Diego Diego Jiménez Pérez,2500000.00,1740663,500000,8,17
102709,Diana María Moreno Restrepo,9500000,"$ 5,256,459",0.00,0,40
102634,Luis López López,5000000,"$ 3,065,380",,0,27
100057,,,7787472,0 COP,0.0,46
101368,Carlos Jiménez Ospina,18000000 COP,,0,0,15
100686,,,7894511,0,0,34
101448,Andrés Alejandro Sánchez Arias,"$ 50,000,000",31502422,0,0,38
100372,Natalia Ramírez Mejía,5000000,,1200000,11,32.5
102868,Jong-Un Kim,"$ 9,500,000","$ 7,646,123",0.00,0,33 años
103714,Esteban Diego Ramírez Rodríguez,18000000,13153692.00,6400000,,76
102316,"CARO QUINTERO, Rafael","$ 2,500,000",1409220.00,0,0,76
101361,Rafael Caro-Quintero,$18000000,9460509.00,,,64
101563,Diego Javier Díaz González,12000000,5074820,3500000,8.0,30 años
102493,Gabriel Sofía García Suárez,$5000000,2578261,0,0,14
102692,Claudia Silva Martínez,5000000,2551830,500000,10.0,84
100727,Mahmoud Khaled Zahhar,7200000 COP,3216538.00,3500000.00,10,
101032,Claudia Daniela Moreno Ospina,18000000,11730028,"$ 3,500,000",,37
102364,Gonzalo Javier Rojas Jiménez,25000000.00,18744520.00,0.00,0,62
101134,Carlos Morales Martínez,"$ 9,500,000","$ 6,370,106","$ 6,400,000",4 cuotas,20
101527,Verónica Daniela Valencia Morales,35000000,"$ 16,918,185",0.00,0 cuotas,32
101038,Mateo Martínez Arias,"$ 9,500,000",3800441 COP,0.00,0,15.5
101457,Jorge Mariana Ospina Ospina,7200000,"$ 3,499,445",0.00,0 cuotas,14
101923,Juan José Arias García,25000000,12820314,0.00,0,36
100488,,,,0,0,66
102324,Luis Esteban Díaz Torres,"$ 18,000,000",8176719,500000,7 cuotas,15
101886,Juliana Ortiz Gutiérrez,18000000 COP,14455509,1200000,4,50 años
103293,"LUKASHENKO, Aleksandr",35000000 COP,$30624420,$ 0,0 cuotas,51
101767,Patricia López Valencia,50000000,,0 COP,0,56
100685,Mateo Silva Suárez,2500000,"$ 1,245,337",,0 cuotas,
100886,Diana Torres Chávez,7200000.00,$5533212,,0.0,15.5
102781,Gonzalo Torres González,2500000.00,1647443,$500000,,65 años
102966,Camila Adriana Chávez Díaz,,2219557,0 COP,0,41
101887,Luis Andrés Gómez Mendoza,18000000.00,$10995067,3500000.00,5,49 años
100828,Andrés Valentina Moreno Rojas,3500000,2191772.00,6400000,4,69
101514,Camilo Juan Romero Rojas,35000000,15636889.00,0,0,
101476,Diego Claudia Jiménez Castro,7200000,5395591,0 COP,,31
101764,Daniela Adriana Suárez García,25000000,$12057932,"$ 500,000",1,65
102080,Adriana Camilo Díaz Martínez,35000000.00,26311948 COP,0,0,28
100744,Daniela Mejía Hernández,12000000,5906182 COP,0,0,48
103182,Rafael Caro-Quintero,"$ 12,000,000",5789543.00,1200000 COP,8,64
100215,"ZAMBADA GARCIA, Ismael","$ 2,500,000",1984332.00,$ 0,0,52
103629,Santiago Diana Silva Hernández,9500000,7374514,0 COP,0,68.5
102187,,,4060892.00,6400000,8,67
101508,Santiago Sánchez Pérez,9500000,8007515.00,12000000.00,,14
101773,Ana Ricardo Chávez Valencia,$12000000,6717856,0 COP,0,53
102632,Jorge Gutiérrez Ramírez,35000000,,0 COP,0,42 años
101895,Alejandro Felipe Ortiz Valencia,9500000 COP,6230492,"$ 3,500,000",3,33
102644,Valentina Diana Rojas Martínez,2500000,1508414.00,0 COP,0,
102658,Juliana Romero Hernández,35000000,17233412,500000,7,19
102987,Diosdado Cabello Rondon,9500000,$6771497,$6400000,8,51
100928,Felipe Ortiz Rodríguez,$3500000,"$ 2,761,028",6400000,6,62.5
100498,José Santiago López Castro,35000000,,0.00,0,63
102357,Esteban Rodríguez Vargas,"$ 35,000,000","$ 23,999,857",0.00,0,36
102520,"CARO QUINTERO, Rafael",$12000000,9133496,3500000,2,66
100929,Javier Felipe Navarro Ortiz,7200000,6401144,,6,14.5
101489,Ismael Zambada Garcia,12000000,,0.00,0,58
100375,José María Jaramillo Navarro,35000000,25955709 COP,0,0,61
101561,Andrés Jiménez Navarro,"$ 7,200,000",6276771.00,0 COP,0,16
100910,"AL-ASSAD, Bashar",9500000.00,7899649 COP,0,0,37
102728,"KIM, Jong Un",$35000000,23078070,0.00,0,41
100536,Esteban Gonzalo Valencia Chávez,"$ 12,000,000",5025245,0.00,0,21
102599,Felipe Díaz Rodríguez,7200000,5862692,0 COP,0,66 años
101658,Felipe Camila Vargas Moreno,3500000,2644784,0,0,69
100992,Juan Jiménez Jiménez,9500000.00,4705551,$ 0,0,70
101129,Juliana Navarro Mejía,3500000,2504028,$ 0,0.0,30
103639,Ricardo Gonzalo Torres Gómez,3500000 COP,3073368.00,$ 0,0.0,17 años
102690,,"$ 2,500,000",1449076,0 COP,0,32
102564,Natalia García Vargas,35000000,29606918,0,0,17
101112,Luis Alejandro Jiménez Restrepo,5000000.00,4093991,$ 0,0,44
103296,Sofía Mariana Mejía Moreno,"$ 50,000,000",22992523,12000000,11,34
101780,"CABELLO RONDON, Diosdado",3500000,1944648,$ 0,0,26 años
100300,,,14286878,0.00,0,32
102319,,,16587940,0,0,31
101793,Jorge Vargas Ramírez,9500000.00,4417749 COP,3500000,11,62
100971,Camilo Javier Arias Moreno,2500000,,0,0.0,43
101346,Ricardo Pérez Suárez,35000000,29486403,0,0,73.5
100187,Alejandro Sánchez Torres,7200000,3239804,$ 0,0,22
103274,Sofía García González,"$ 18,000,000",9020863,0.00,0 cuotas,18.5
102033,Diego Silva Restrepo,50000000.00,22719342,0.00,0,53
101747,José Valentina Suárez Moreno,2500000,1144785.00,0 COP,0,80
100815,Valentina Natalia López Rodríguez,35000000,18922947.00,"$ 500,000",7 cuotas,31
102331,Juan Gutiérrez Díaz,9500000,,0,0,48.5
100451,Daniela Diana Mejía Díaz,35000000.00,17936363 COP,0,0,59
102505,Santiago Silva Restrepo,50000000,38839446,,0,27 años
103087,Miguel A. Treviño Morales,35000000.00,26891517,"$ 3,500,000",10,33
103415,Ricardo Esteban Gutiérrez Gutiérrez,2500000,1757102,0,0 cuotas,46
100598,Claudia Patricia Rodríguez Díaz,25000000.00,22398676,0 COP,0,29.5
101020,Esteban Mateo Mendoza Rojas,7200000,3133887,0,,26
101961,Ana Diana Jaramillo López,9500000.00,"$ 7,743,840",0 COP,0,42 años
103519,Mateo Jaramillo Ramírez,12000000.00,8275677.00,12000000,2,27
102963,Ricardo García Torres,$7200000,6311838,0.00,0,54
103005,Paula Sánchez Morales,35000000,,12000000,8,45
100009,Esteban Jiménez Jaramillo,2500000,1802419,0.00,0,44.5
100774,Luis Romero Silva,$12000000,8701137.00,0,0 cuotas,60
100196,Rafael Caro-Quintero,18000000,15185544,0 COP,0,76 años
100137,Nicolas Maduro Moros,18000000,"$ 12,514,609",,0,72
102925,Jorge Mendoza Ramírez,12000000,10085436,0,0 cuotas,21.5
102330,Juliana María Hernández Torres,18000000 COP,12873175,,0,54
100263,José Verónica Valencia Mendoza,7200000,5786036,0,0,74
100669,Javier Arias Vargas,,10185841,$ 0,0,31
100546,Natalia Mariana Gutiérrez López,,"$ 3,875,135",0 COP,0,84
101643,Mariana Javier Jaramillo Silva,9500000,"$ 8,472,580",$ 0,0,15
101038,Mateo Martínez Arias,"$ 9,500,000",,0.00,0,15.5
103505,Lucía Natalia Gómez Valencia,"$ 5,000,000",2601501,0,0 cuotas,
101138,Carlos Santiago Restrepo Jiménez,5000000,3745348,$ 0,0,69 años
103009,Alex Nain Saab Moran,"$ 7,200,000",2883521.00,0 COP,0,28
101109,Paula Alejandro Moreno Ospina,7200000,5131854,12000000,2,14.5
103315,"PURI, Genaro",3500000,1542124.00,0,0,17
101198,Nicolas Maduro Moros,9500000.00,4180496,0,0,14
103406,"ABU TEIR, Mohammed",50000000 COP,,0,0,30
101582,Laura Camila Chávez Martínez,,6018626.00,0,0,73
100637,Camilo Santiago López Suárez,25000000,15343896,12000000,5,26 años
103747,,,15508119,"$ 6,400,000",3,35
103253,Jamileh Abdullah Al-Shanti,,"$ 4,916,774",0 COP,0.0,26
102103,HEZBOLLAH,"$ 50,000,000",21669852,$ 0,0,28
103534,Ana Luis Ospina Martínez,3500000 COP,3040172,0.00,0,
101443,Ana Valencia Jiménez,9500000,7320198,0,0,23
100707,,18000000 COP,11749000,0,0,19
101477,Jorge Camila Díaz Rodríguez,35000000,30225419,0.00,0,43
103031,Patricia Daniela Castro Castro,3500000,$1783024,$ 0,0,15
102057,Gabriel Diana Torres Ospina,,6342473 COP,"$ 3,500,000",10,22 años
100085,HEZBOLLAH,18000000,8291377,$ 0,0,54.5
103227,"AL-ZAZA, Ziad",5000000 COP,"$ 2,689,124","$ 6,400,000",10 cuotas,33
102599,Felipe Díaz Rodríguez,7200000,5862692,0 COP,0,66 años
101942,Jorge Valencia Mejía,50000000,28075566,0,0,64.5
103628,,,5335375,0.00,,21
102345,Ana Camilo Arias Jaramillo,"$ 7,200,000",$4560112,0,0,40
101293,Mateo Torres Hernández,5000000,$4287926,,0 cuotas,49
100175,Felipe Camila Mendoza Vargas,7200000 COP,,$ 0,0,70
100913,Alejandro Morales González,25000000,$12923306,0.00,0 cuotas,64
100724,Jorge Santiago García Pérez,12000000,7250551.00,0,0,29
103562,Felipe María Ramírez Jiménez,5000000 COP,3570620.00,0 COP,0,64
101073,"ZAMBADA GARCIA, Ismael","$ 35,000,000",21970217.00,0.00,0,
102334,Carlos Suárez Vargas,18000000 COP,10825032,0,0,52
101154,Laura Carlos Morales Castro,50000000,28695913.00,0.00,0,65.5
102500,Andrés Claudia Restrepo Morales,3500000.00,2046264.00,0 COP,0 cuotas,48
102826,Ismael Zambada Garcia,35000000,"$ 27,648,002",0,0,33.5
101152,China Aerospace Science & Tech Corp,5000000,"$ 2,559,770",$6400000,11,60 años
103380,Diana Valencia Torres,3500000,2601808,1200000 COP,2,52.5
103012,Fernando Chávez Moreno,25000000,19460352 COP,1200000,7,32 años
100805,Santiago Ana Gómez Moreno,2500000.00,"$ 1,696,908",12000000.00,10,47
100015,,50000000 COP,31152585,$ 0,0,33
102252,Alex Nain Saab Moran,"$ 2,500,000",2063590 COP,0.00,0,28
101630,Ana Juan Jaramillo Torres,18000000.00,13451279,"$ 1,200,000",2 cuotas,17
102757,Claudia Patricia Silva Arias,"$ 3,500,000","$ 2,570,658",$3500000,12,39
102600,HEZBOLLAH,"$ 5,000,000","$ 2,298,607",3500000.00,9 cuotas,21
101015,HEZBOLLAH,"$ 9,500,000",4378902,$ 0,0.0,68
103686,Valentina Díaz Castro,9500000,6209965,$ 0,0 cuotas,64
103019,Jorge Vargas Ospina,,1896240.00,0,0,53
100389,Natalia Gonzalo Restrepo Sánchez,18000000.00,,0 COP,0,15
101013,Santiago González Rojas,7200000,6102705,1200000 COP,1,40.5
102373,Diana Hernández Ramírez,18000000,12598396.00,0.00,0,49
101543,Camila Juan Torres Navarro,"$ 3,500,000",2658965,0 COP,0,22.5
101261,Laura Valencia Morales,"$ 18,000,000",11752249,$ 0,0,57
103023,Jorge Lucía Gómez Valencia,35000000.00,19569442,1200000,6,65
102417,Ricardo Laura Moreno Vargas,9500000,"$ 3,949,378",1200000.00,,34
101044,Carlos Diego Silva Mejía,18000000.00,"$ 10,628,452",0,0,16
101683,Luis Valentina Silva Sánchez,12000000,9914889,0 COP,0,75
101199,Natalia Luis Restrepo García,25000000,16156305.00,0.00,0,49
101338,Santiago Adriana Navarro Gómez,50000000.00,27354096.00,12000000.00,12,40 años
100160,Aleksandr Lukashenko,7200000 COP,4846255.00,6400000,3,73
100733,Santiago Andrés Valencia Díaz,18000000,10533397.00,6400000,7 cuotas,59
101351,Carlos Juliana Castro López,,9134525,0 COP,0,29
101703,Javier González Moreno,7200000,6006003.00,$ 0,0,43.5
102783,Luis Claudia Moreno Navarro,5000000,3538787.00,3500000,4,42
101199,Natalia Luis Restrepo García,25000000,16156305.00,0.00,,49
102332,Luis Arias Mejía,,$11372242,6400000,9,21
102174,Mateo Ramírez Romero,5000000.00,"$ 4,468,818",500000,3,35 años
101751,"EL AISSAMI MADDAH, Tareck Zaidan",18000000,,0 COP,0.0,50
101982,Patricia López Navarro,25000000,19662540,3500000.00,11 cuotas,19
100580,Lucía Vargas Pérez,"$ 5,000,000",$2812219,0 COP,0,49
100754,Javier Restrepo Vargas,3500000.00,2999290,3500000,10,70
101258,Fernando Juan Chávez Mejía,9500000,4218984,0.00,0,16
103473,Jorge Gonzalo Díaz González,7200000,$5823139,0.00,0,41
101177,"MADURO MOROS, Nicolas",$50000000,"$ 26,643,860",0,0,38
100523,Ana Gutiérrez Navarro,12000000,5863948.00,0 COP,0,
102026,Javier Torres Ospina,25000000,10084081,$ 0,0,71
100741,Javier Gonzalo Sánchez Ramírez,"$ 18,000,000",12886922 COP,500000,4,72
100415,Mariana Camila Mendoza Silva,"$ 5,000,000",2692134.00,$ 0,0,35
102167,Mariana Jiménez Martínez,18000000 COP,$10944747,0 COP,0,39
102615,Ricardo Ortiz Romero,"$ 5,000,000",2345547.00,,0,46
101459,Fernando Ospina Sánchez,12000000,"$ 9,579,614",0.00,0,55
102091,Fernando Luis López González,,"$ 2,952,893",0 COP,0,33
100153,Javier González Silva,,5735947,0.00,0.0,70
102225,Luis Vargas Jaramillo,3500000,2821731,,1 cuotas,57.5
101283,China Aerospace Science & Tech Corp,7200000,4385991,3500000.00,4.0,70
100415,Mariana Camila Mendoza Silva,"$ 5,000,000",2692134.00,$ 0,0,35
100358,Fernando Suárez Mejía,7200000,,0,0,32
100859,Esteban Luis Silva Ortiz,12000000,6839578,0.00,0,22
102496,Lucía Jiménez Martínez,35000000,24795899.00,0.00,0,36 años
102439,"AL-ASSAD, Bashar",25000000,18992009,0.00,0,32
102717,,3500000,1898990,$ 0,0,60
101794,Ana Ramírez Mendoza,2500000,"$ 1,771,824",1200000,12.0,49 años
103451,Alejandro Paula Ramírez Sánchez,12000000 COP,6527479,1200000.00,12 cuotas,65
102166,Juliana Luis Ramírez Silva,5000000,$2500452,3500000,10,30 años
103751,Paula Santiago Castro Moreno,25000000.00,22302868,$ 0,0,42
100339,Lucía Santiago Navarro González,18000000,"$ 9,561,513",0,0,14
102497,Mateo Juan Ortiz Ramírez,18000000,7842538,12000000,6,41 años
101916,Juan Santiago González Valencia,3500000,2564025,0 COP,0,43
102572,Lucía Jorge Romero Pérez,9500000,,$ 0,0,41
100518,Diego Carlos Hernández Castro,35000000,18219056,0 COP,0.0,17
101259,José Ramírez Jaramillo,"$ 7,200,000","$ 3,593,956",0.00,,29
103504,Esteban Mendoza Mendoza,5000000.00,,0 COP,0,
102927,Tareck Zaidan El Aissami,5000000.00,3441620.00,0.00,0.0,38
103747,,25000000.00,15508119,"$ 6,400,000",3,35
102884,Gabriel Gutiérrez Martínez,50000000,21884071.00,"$ 1,200,000",6,69
102726,Verónica Camila Moreno Ortiz,5000000,4085270 COP,0,0,17
100414,Verónica Paula Moreno Sánchez,35000000.00,,0 COP,0,54 años
103433,Valentina Santiago Valencia Chávez,5000000,,500000,10,
101405,Juliana Daniela Arias Gómez,7200000,3461622,$3500000,5,65 años
103658,Carlos Mejía Ramírez,18000000.00,"$ 14,381,682",0.00,0,37
103392,Sofía Silva Arias,3500000,$1715805,0 COP,0,83
100554,Mohammed Abu Teir,"$ 2,500,000",1413887.00,0 COP,0,46
103511,Nicolas Maduro Moros,12000000 COP,5629652 COP,0.00,0,63 años
103795,Verónica Natalia Martínez Suárez,3500000 COP,2080737,$ 0,0,17
102071,"AL-ASSAD, Bashar",35000000 COP,$31317388,500000,2,16 años
103404,Gonzalo Paula Sánchez Gutiérrez,5000000,"$ 3,983,084",0.00,0,66.5
102628,Valentina Diego Pérez Morales,50000000.00,"$ 43,915,615",0 COP,0 cuotas,26
100853,Ana Ricardo Hernández Rodríguez,$7200000,4217700,0.00,0,23
100878,Javier Paula Ortiz Ortiz,25000000 COP,,0 COP,0,34
100790,Jorge Carlos Sánchez Moreno,12000000,8804087,0,0,65
101428,"MADURO MOROS, Nicolas",2500000,1252493,0,0 cuotas,68.5
102966,Camila Adriana Chávez Díaz,2500000,2219557,0 COP,0,41
100408,"SAAB MORAN, Alex Nain",3500000,2503968,0.00,0,
100243,Jamileh Abdullah Al-Shanti,$25000000,10830105,12000000,2,54
100115,Felipe Rojas Ospina,"$ 50,000,000",38731956,$3500000,11,67.5
100320,Mateo Vargas Romero,50000000,30389610,0,0,15.5
102185,Sofía González González,5000000,3829388,0 COP,0,17
100611,Daniela Jaramillo Gómez,"$ 50,000,000",39284422,0,0,26
101601,Jong-Un Kim,7200000,6135731.00,0 COP,0,14
102477,Ismael Zambada Garcia,5000000,"$ 4,203,540",0 COP,0 cuotas,28.5
102520,"CARO QUINTERO, Rafael",$12000000,9133496,3500000,2,66
102319,,35000000,16587940,0,0,31
103564,,,"$ 1,558,113",0 COP,0.0,25
101862,Miguel A. Treviño Morales,12000000.00,$9007729,6400000,8,55.5
103111,Alex Nain Saab Moran,7200000.00,3013282,0,0,57
100380,,3500000,1538445,$ 0,0,43 años
101249,Claudia Felipe Rodríguez Rojas,9500000,"$ 7,489,081",500000,2,74
102627,María Juan Pérez López,25000000,"$ 13,921,156",0 COP,0 cuotas,14
101107,José Ricardo Rodríguez Ramírez,12000000.00,9959063,12000000,5,58
100435,CHINA AEROSPACE SCIENCE AND TECHNOLOGY CORPORATION,12000000,10767402,0,0 cuotas,30
103102,Diego Natalia Arias Jaramillo,$50000000,35073051,0.00,0,21
100876,Javier Adriana Arias Ramírez,"$ 12,000,000",5569219,500000 COP,4,60
103362,Ricardo Juan Ortiz Valencia,35000000,19716181,0.00,0 cuotas,45.5
102538,"ZAMBADA GARCIA, Ismael",5000000 COP,2064113 COP,$ 0,0,22 años
103414,Juliana Felipe Arias González,35000000,26614698,3500000,8,68
100917,Esteban Juliana González Valencia,3500000 COP,2962808.00,$6400000,11 cuotas,45
100688,"CABELLO RONDON, Diosdado",18000000.00,8932246,0 COP,0.0,45
103598,Felipe Paula Jiménez Gómez,2500000.00,1207939,,0,53
102431,Gabriel Esteban Ospina Gutiérrez,5000000,"$ 2,316,206",,0,19
103269,José Sánchez Navarro,"$ 2,500,000",1277296,500000.00,1.0,78 años
101870,Felipe Andrés Mejía Castro,$25000000,14607076,"$ 6,400,000",10.0,49
102225,Luis Vargas Jaramillo,3500000,2821731,500000,1 cuotas,57.5
103773,"ABU TEIR, Mohammed",$7200000,3784612,0 COP,0,45 años
100393,Laura Gabriel Valencia Pérez,35000000,$16146144,0 COP,0,14
100614,Claudia Silva Castro,35000000,"$ 16,957,232",3500000.00,9,64
100833,"CARO QUINTERO, Rafael",3500000,2255722,"$ 500,000",12,17
101769,Patricia Rojas Navarro,"$ 3,500,000",3104852,500000,7,19 años
103318,"ZAHHAR, Mahmoud Khaled",25000000,"$ 14,091,116",,0,74
103648,Jorge Fernando Gómez Torres,2500000,2016246 COP,0 COP,0,32
102821,"GUZMAN LOERA, Joaquin",7200000.00,2969244,$ 0,0,29
101861,Valentina Santiago Ortiz Moreno,2500000.00,1255702,0.00,0,56
102812,Esteban Andrés Chávez Gómez,3500000,1884333.00,0,0,36
103618,Juan Navarro Sánchez,$25000000,$21524615,0.00,0,69.5
102300,Mateo Pérez Ramírez,5000000,3748693,0 COP,0,51
100281,Camila Ramírez Restrepo,"$ 2,500,000",1943870,0 COP,0,16
103077,Camila Esteban Arias Moreno,2500000,1691759 COP,$ 0,0,17
102683,Ana Rojas Castro,"$ 3,500,000",,$1200000,2,15
102547,Mateo Natalia Jaramillo Díaz,18000000,"$ 7,607,328",0 COP,0,29
101062,Sofía Ricardo Mejía Torres,9500000.00,6581431 COP,$12000000,12,19
103069,Gabriel Juan González Ramírez,25000000 COP,"$ 20,136,342",0,0 cuotas,20
102862,Carlos Mateo Suárez Moreno,3500000,1954165,0,0 cuotas,18
103236,Mariana Mateo Valencia Rojas,25000000,21615762.00,0.00,0,71
102617,Gabriel Suárez Silva,,1863353,$ 0,0,14 años
101242,"LUKASHENKO, Aleksandr",3500000,2823914.00,,,55
103539,"TREVIÑO MORALES, Miguel Angel",50000000,26654353,0.00,0,
101377,Daniela Diana Torres Pérez,50000000.00,27227647,0,,50
101637,Paula Vargas Rodríguez,18000000 COP,14833093,500000,9.0,34
102175,Laura Verónica Castro Pérez,"$ 2,500,000","$ 2,051,284",,0,24
101381,Jorge Castro Restrepo,7200000,3395116,"$ 1,200,000",10,
102198,Camila Camilo Rojas Arias,"$ 3,500,000","$ 1,811,618",0 COP,0.0,52.5
100659,,7200000,6168358,$ 0,0 cuotas,23
102900,Camila Rodríguez Sánchez,2500000.00,1913695.00,0,0 cuotas,23.5
100239,Verónica Mendoza Morales,3500000.00,2340860,0,0 cuotas,54.5
100054,,,"$ 5,244,541",$ 0,0,52.5
103061,Bashar Al Assad,25000000,22156489 COP,0,0 cuotas,32
102800,Laura Daniela Torres Moreno,12000000,$7639651,0 COP,0,20
103773,"ABU TEIR, Mohammed",$7200000,3784612,0 COP,0,45 años
103779,"MADURO MOROS, Nicolas","$ 35,000,000",$17782913,0,0,63
101916,Juan Santiago González Valencia,3500000,2564025,0 COP,0,43
102772,Javier Felipe Ramírez Castro,3500000.00,3034760,$ 0,,43
100165,Diana Verónica Jiménez Ortiz,"$ 35,000,000",16632647,0 COP,0,45
102240,"ZAMBADA GARCIA, Ismael",7200000,"$ 5,448,175",0 COP,0,14
102740,Adriana Díaz Chávez,7200000,$3517305,0.00,0,49 años
102396,Camila Sánchez Navarro,$25000000,"$ 17,262,921",0.00,0,24
101593,Alejandro Javier Vargas Jiménez,12000000,$7735079,0 COP,0,28
101318,Adriana Ospina Vargas,2500000,1155954,"$ 500,000",5,69
100018,Jamileh Abdullah Al-Shanti,9500000,7766661.00,0 COP,0,17
102878,Camilo Santiago Mendoza Morales,25000000.00,10145190,"$ 3,500,000",10 cuotas,37
102061,Ismael Zambada Garcia,2500000.00,"$ 1,628,166",12000000.00,7,52
100603,Luis Gonzalo Ortiz López,9500000,5677145 COP,0,0,74
102735,Patricia Alejandro Hernández Torres,$35000000,26947538,0,0.0,39
103359,"ABU TEIR, Mohammed",$3500000,1775290.00,0.00,0,
101935,Verónica Lucía Sánchez Hernández,$5000000,"$ 4,496,447","$ 1,200,000",8 cuotas,56
101349,Andrés Luis Valencia Mejía,9500000.00,5325783,0,0.0,33
101541,,,11808057,0,0 cuotas,35
100077,"AL-ZAZA, Ziad","$ 25,000,000",14067463,,0,16
100578,Natalia Lucía Ospina Ospina,$50000000,30409771,,0,
100501,,"$ 9,500,000",4796000,0,0,81
101993,Mateo Daniela Restrepo Vargas,18000000,13446279,500000,2 cuotas,25.5
101214,Aleksandr Lukashenko,50000000.00,38825204.00,0,0 cuotas,34
101063,Adriana Martínez Romero,"$ 12,000,000",$9575835,$ 0,0,61
100187,Alejandro Sánchez Torres,7200000,3239804,$ 0,0,22
103521,Daniela Felipe Jaramillo García,9500000,4178192.00,0.00,0 cuotas,53
100892,,,6393096.00,0.00,0,43
103265,"ABU TEIR, Mohammed",25000000.00,13895197.00,0,0,62
103184,Jorge Jiménez Romero,2500000.00,"$ 1,138,307",0,0 cuotas,38 años
102441,Camilo Mariana Restrepo Restrepo,3500000.00,2477037,$ 0,0,63.5
101685,Miguel A. Treviño Morales,18000000,15202384,0 COP,0,
103483,Alejandro Díaz Restrepo,12000000 COP,6291317.00,12000000,5,17
100860,Patricia Vargas Jaramillo,50000000.00,$36401599,12000000,5,18
100435,CHINA AEROSPACE SCIENCE AND TECHNOLOGY CORPORATION,12000000,10767402,0,0 cuotas,30
100234,Diana Laura Restrepo Díaz,"$ 9,500,000",7531206.00,0 COP,,42
100719,CHINA AEROSPACE SCIENCE AND TECHNOLOGY CORPORATION,5000000,2495051 COP,0.00,0,29
102329,China Aerospace Science & Tech Corp,$2500000,$2169267,500000,10,
102237,Claudia Luis Martínez Restrepo,2500000 COP,2025239,0 COP,0,45
103302,,,19781460,12000000,10,75
102806,Santiago Juan Castro Suárez,7200000,"$ 5,474,823",$ 0,0 cuotas,49.5
102365,Gabriel Esteban Mejía Torres,50000000,23817011,0.00,0,58
102305,Mariana Gabriel Gómez Ortiz,"$ 18,000,000",$15082970,"$ 6,400,000",6,41
102522,Rafael Caro-Quintero,12000000,"$ 6,173,412",0.00,0 cuotas,39
102870,Gabriel Hernández Navarro,7200000,2951740,0.00,0,14
101222,,5000000 COP,,6400000,1,74
102264,,,"$ 15,352,274",0 COP,0,15
101234,Luis Ana Valencia Martínez,18000000.00,,500000,9,39
102314,Esteban Navarro Ospina,35000000 COP,"$ 14,643,390",0,0,73
101061,Ricardo Gabriel López Rojas,3500000,1538363 COP,12000000.00,5,22
100026,Paula Gabriel Morales Vargas,35000000,14262745.00,0 COP,0.0,21
102532,Alejandro Martínez Sánchez,50000000 COP,34888109,0,0.0,73
102847,María Navarro Mendoza,$18000000,14332754.00,0.00,0,26.5
100541,Ziad Al Zaza,3500000.00,"$ 3,008,560",$ 0,0,18
100370,Sofía Diego Chávez Sánchez,12000000,"$ 5,157,335",$500000,9.0,69 años
100584,María Pérez Rojas,3500000,2022271 COP,12000000,11,78.5
101572,,,4886835,,12,21
100740,Natalia Patricia Gutiérrez Mejía,9500000,7388548,$ 0,0,40
101939,Esteban Restrepo Rojas,12000000.00,10642217,12000000,3,21
103646,China Aerospace Science & Tech Corp,$5000000,"$ 2,661,164",3500000,10,60
102429,Andrés Morales López,9500000,,12000000.00,2 cuotas,57.5
102888,Andrés Castro Díaz,,"$ 10,071,899",,,66
100411,Luis Gonzalo López Restrepo,$3500000,"$ 1,784,804",0.00,0,43
101987,HEZBOLLAH,12000000,"$ 6,511,241",0,0,34
100382,Camila García Castro,18000000,$13068829,$ 0,0,
103014,Felipe Mejía Restrepo,25000000,10665277,"$ 3,500,000",3,72.5
103102,Diego Natalia Arias Jaramillo,$50000000,35073051,0.00,0,
100234,Diana Laura Restrepo Díaz,"$ 9,500,000",7531206.00,0 COP,0,42
103011,Natalia Natalia Torres Hernández,2500000,1799535,0,0,42
103229,"TREVIÑO MORALES, Miguel Angel",7200000,"$ 2,957,195",0 COP,0,45
103190,Gonzalo Laura Ospina Arias,"$ 7,200,000",4631525,0.00,0,
102275,Javier Morales Restrepo,9500000,,0,,72
101444,"CABELLO RONDON, Diosdado",25000000.00,,0 COP,0,27.5
103607,Ricardo Mateo Castro Chávez,"$ 25,000,000","$ 15,479,854",3500000.00,11,70.5
102433,Mohammed Abu Teir,18000000,12077679.00,0.00,0,48 años
100162,Aleksandr Lukashenko,"$ 35,000,000",$23430679,$ 0,0,19
100758,Ana Natalia Restrepo Castro,3500000,2461795,3500000.00,12,21 años
101006,Valentina Hernández Ospina,35000000,"$ 28,949,263",0 COP,0,37
103490,Esteban María Moreno Valencia,50000000 COP,,0.00,0,
102699,Carlos López Mendoza,12000000,7104224 COP,500000,2,43.5
103564,,"$ 2,500,000","$ 1,558,113",0 COP,0.0,25
101896,Carlos Hernández Ortiz,12000000.00,9115119,,0,68.5
103221,Felipe Diana Morales Castro,"$ 3,500,000",2300728,$ 0,0,37
102930,José Ricardo Ramírez Castro,5000000,"$ 2,697,135",$ 0,0,17
101883,Esteban María Restrepo Rodríguez,"$ 9,500,000",8396558,0,0,27.5
103236,Mariana Mateo Valencia Rojas,25000000,21615762.00,0.00,0,71
100409,"KIM, Jong Un","$ 12,000,000",5024265,0 COP,0,15
103613,Valentina Vargas López,12000000,8930604.00,0,0,31 años
101414,Luis Santiago Ortiz Rojas,12000000.00,,$ 0,0 cuotas,66.5
103580,"AL-ZAZA, Ziad",25000000,12022928,0.00,0,46
100708,Verónica Andrés Castro Pérez,35000000.00,"$ 15,682,103",3500000,11,34
101973,Nicolas Maduro Moros,35000000 COP,24785191,$ 0,0 cuotas,70
103421,Gabriel Pérez Sánchez,7200000,2887909.00,$ 0,0,46
103018,Camilo Vargas González,3500000,"$ 1,577,691",0,0,62.5
102980,Claudia Martínez Navarro,50000000.00,30639623.00,12000000,1.0,69
100538,Claudia Castro González,2500000,$1237312,$ 0,0,17
102127,Juliana Laura Castro Chávez,2500000,,0.00,0,19
101947,HEZBOLLAH,$25000000,"$ 11,308,176",$1200000,1 cuotas,62
100083,,,13594253,12000000,11,84
100933,"ZAHHAR, Mahmoud Khaled",3500000,1664158.00,0,0,33
102727,Sofía Jaramillo Valencia,5000000.00,3292702,0.00,0,74
101722,José Ortiz Silva,3500000,2559345.00,"$ 500,000",9,18
103158,Daniela Diana Gutiérrez Suárez,9500000.00,5332350,0,0,53
102769,Miguel A. Treviño Morales,$5000000,2575048,0 COP,0,70
100098,Lucía Juan Morales Vargas,5000000,"$ 2,657,344",,0,64
102338,José Lucía Sánchez Castro,18000000 COP,11405992,$ 0,0,34
100121,Lucía Luis Navarro Valencia,35000000.00,$28722313,0 COP,0,20.5
102366,"CABELLO RONDON, Diosdado",9500000,4699416,1200000,9,53
100491,Adriana José Díaz Mejía,2500000,"$ 1,982,710",0.00,0,23
103368,,,3049072.00,0 COP,0,20 años
102940,,,9792345,$500000,8,73.5
102814,José Gabriel Hernández Silva,9500000 COP,8281427.00,0,0,41 años
102526,,,10998736,$ 0,0,20
102299,Camilo Rojas Ortiz,7200000,6432413,0 COP,0,14
101931,Daniela Natalia González Ortiz,35000000.00,"$ 17,877,120",$ 0,0,55
101554,Rafael Caro-Quintero,25000000,$18419071,0 COP,0,62
101838,,25000000.00,16596437.00,0,0,25
100174,Ismael Zambada Garcia,50000000.00,31735844,0.00,,55
101860,"AL-SHANTI, Jamileh Abdullah",18000000.00,12008662.00,"$ 12,000,000",8,36
103081,Camila Fernando Silva Hernández,50000000.00,,0,0,53
100363,Alejandro Camila Ospina Rojas,12000000,7521205,0.00,,55
101605,Daniela Santiago Jaramillo Navarro,12000000 COP,7527312.00,0.00,0,26
100491,Adriana José Díaz Mejía,2500000,"$ 1,982,710",0.00,0,
100894,Valentina Patricia Rojas Rojas,2500000 COP,1951315.00,0,,23
100731,"MADURO MOROS, Nicolas",35000000 COP,,3500000,3,16.5
103793,Natalia Rodríguez Pérez,3500000,"$ 2,205,998",0.00,0,50
102498,Claudia Esteban Martínez Gutiérrez,"$ 3,500,000",2348168.00,"$ 500,000",10,29
100172,"ABU TEIR, Mohammed",50000000.00,28041373,$ 0,0,42
102783,Luis Claudia Moreno Navarro,5000000,3538787.00,3500000,4,42
102041,Adriana Diana Moreno Valencia,5000000,,$500000,12.0,35
101561,Andrés Jiménez Navarro,"$ 7,200,000",6276771.00,0 COP,0,16
103732,Luis Silva Mejía,5000000.00,,0,0,64
100755,Ziad Al Zaza,$50000000,23538398,0,0.0,26
103655,Luis Mateo Vargas Castro,12000000 COP,7260052,,5,17
103078,Camilo Camilo Moreno Navarro,"$ 3,500,000",1422620,0.00,0,34.5
100050,Verónica Camila Romero Restrepo,"$ 50,000,000","$ 28,202,458",500000.00,8.0,28.5
100819,Patricia Gabriel González Hernández,9500000,7206114,0 COP,,29
101648,Nicolas Maduro Moros,2500000,1601837,0,0,68
101633,HEZBOLLAH,25000000,$21073857,1200000,,18
101230,,$9500000,,0 COP,0 cuotas,32
103411,Juliana María Restrepo Hernández,25000000.00,10665501,500000.00,7,32.5
102543,Andrés Gómez Jiménez,3500000.00,2935198,$ 0,0,17
101753,,,15165054,$ 0,0,69
101647,Andrés Juliana López Romero,18000000,14726991.00,0.00,0.0,
102155,,,"$ 1,773,130",3500000,1,37 años
103257,Fernando Carlos Silva Gutiérrez,$5000000,2171801,$ 0,0,43
102689,Ricardo Morales Torres,,"$ 7,342,572",500000.00,9.0,51
102032,Esteban Daniela Jiménez Vargas,12000000,10408427 COP,$ 0,0 cuotas,37
103103,Paula Arias Pérez,12000000,10028142.00,$ 0,0.0,74 años
100860,Patricia Vargas Jaramillo,50000000.00,$36401599,12000000,5,18
102252,Alex Nain Saab Moran,"$ 2,500,000",2063590 COP,0.00,0,28
100269,Juliana Andrés Ortiz Hernández,7200000,,3500000.00,,65
102847,María Navarro Mendoza,$18000000,14332754.00,0.00,0,26.5
101570,"CARO QUINTERO, Rafael","$ 18,000,000",15490236.00,0 COP,0.0,81 años
102985,,25000000.00,"$ 17,940,245",0 COP,,45
100192,Esteban Gabriel Sánchez Navarro,25000000 COP,"$ 20,203,805",0 COP,0,39
103654,"AL-SHANTI, Jamileh Abdullah",50000000,"$ 40,511,329",3500000.00,8,56
100333,Fernando Torres Jiménez,35000000.00,30453954,0.00,0,15 años
102803,Juliana José Gutiérrez Romero,50000000.00,40856997,1200000,12,72
100644,Juliana Navarro Hernández,5000000,$2514974,$ 0,0.0,41.5
100541,Ziad Al Zaza,3500000.00,"$ 3,008,560",$ 0,0,
101996,Ziad Al Zaza,$35000000,20013273.00,0,0.0,49
102215,María María Sánchez Pérez,"$ 9,500,000",7270444.00,0,0.0,20
102788,"EL AISSAMI MADDAH, Tareck Zaidan",18000000 COP,8052792,,0,83
100987,Felipe Vargas Jaramillo,,2276387,0,0,68.5
103271,HEZBOLLAH,5000000,"$ 2,420,475",0.00,0,42
102777,Aleksandr Lukashenko,$50000000,,0 COP,0,17
100327,,12000000,"$ 6,838,933",$ 0,0,49 años
103292,,12000000,4968293.00,"$ 12,000,000",1,16
100564,Daniela Natalia Ortiz Gómez,3500000 COP,$2594528,0.00,0,35
103329,Luis Mariana Sánchez Moreno,35000000,29107254,0.00,0.0,63
100170,Adriana Sofía Vargas Sánchez,9500000,"$ 8,205,869",0.00,0,51
103633,"LUKASHENKO, Aleksandr",,10031537,0,0,68.5
102407,"AL-ASSAD, Bashar",5000000,"$ 4,266,263",$ 0,0,15 años
100240,"CABELLO RONDON, Diosdado",$9500000,4008172,0.00,0 cuotas,39
101388,Mariana Gómez Ospina,,"$ 3,442,730",0 COP,0,17
101607,Diego Gutiérrez González,"$ 3,500,000",2398236,$ 0,0,25
101428,"MADURO MOROS, Nicolas",2500000,1252493,0,0 cuotas,68.5
102840,Andrés Mendoza Mendoza,12000000.00,9049781,,11,53
100494,"AL-ASSAD, Bashar",50000000,"$ 25,405,795",12000000,2,17
101663,,,"$ 1,633,102",12000000.00,5.0,74
102027,"SANCHEZ CEREN, Salvador",50000000 COP,42297672,0.00,0.0,81 años
101268,Santiago Chávez Vargas,50000000,25981351,$ 0,0.0,16
100805,Santiago Ana Gómez Moreno,2500000.00,"$ 1,696,908",12000000.00,10,47
102782,Valentina Luis Valencia Ortiz,12000000,7127534,0,0,39
100221,Gabriel Claudia Hernández González,9500000,7777354,,7,
100307,Felipe Verónica Díaz Vargas,5000000,2243081.00,$ 0,0,42
102785,Andrés Luis Valencia Ospina,2500000,1171295,0.00,,50
103106,Felipe Daniela Díaz Valencia,"$ 35,000,000",29717356,500000.00,6,58.5
101352,Adriana Torres Suárez,"$ 7,200,000",3875876,$ 0,0,40.5
102240,"ZAMBADA GARCIA, Ismael",7200000,"$ 5,448,175",0 COP,0,14
103504,Esteban Mendoza Mendoza,5000000.00,2797564,,0,
102827,Ricardo Rojas Arias,$12000000,6839105.00,0,0,67
101184,Ziad Al Zaza,35000000.00,"$ 15,028,821",0,0,45.5
101057,Santiago Diego Suárez Vargas,5000000 COP,"$ 3,791,641",$ 0,0,48
100559,Jorge Alejandro Torres López,2500000,1003473,0.00,0,41 años
103117,Carlos Castro Ortiz,2500000,1091098,6400000,3,15
103275,Santiago Mendoza García,5000000.00,4483541 COP,$ 0,0,59
103747,,25000000.00,15508119,"$ 6,400,000",3,35
100905,Laura Rodríguez Hernández,$50000000,$36519411,0,0,18
103168,Jorge Martínez Rodríguez,"$ 18,000,000",9106840.00,6400000,2,60
103631,Juan Díaz Silva,$50000000,43234089,500000,2,17
100849,Ricardo Juan Valencia Gómez,5000000.00,"$ 3,653,728",1200000,5,55
102581,Gonzalo Silva Ramírez,18000000,14750372,0 COP,0,14
100075,Ricardo Andrés Mejía Rojas,3500000,1554675,$500000,5,
102331,Juan Gutiérrez Díaz,9500000,6754102,0,0,
100781,Felipe Gabriel López Sánchez,3500000,,$ 0,0,33
101158,Mateo Rojas Gómez,50000000 COP,"$ 27,478,856",$ 0,0,46.5
103449,Mateo Javier Pérez Vargas,5000000,4012096.00,$ 0,0,50 años
100585,Gonzalo Carlos Mendoza Morales,50000000 COP,33912088,0.00,0,83
103658,Carlos Mejía Ramírez,18000000.00,,0.00,0,37
102522,Rafael Caro-Quintero,12000000,"$ 6,173,412",0.00,0 cuotas,39
100747,,,4595563 COP,$1200000,1,
101229,Gonzalo Javier Romero Mejía,12000000.00,"$ 4,936,317",0.00,0 cuotas,61
100839,Verónica Torres Ramírez,9500000,5994232,0,0.0,51
102138,Juliana Fernando García Suárez,7200000.00,,0.00,0,16 años
100100,Natalia Diego Rojas Navarro,3500000 COP,"$ 2,017,000",0 COP,0,
103507,Jorge Claudia Gutiérrez Restrepo,"$ 2,500,000",1654145,"$ 12,000,000",,27
100243,Jamileh Abdullah Al-Shanti,$25000000,10830105,12000000,2,54
101321,"TREVIÑO MORALES, Miguel Angel",50000000.00,"$ 21,621,826",$ 0,0,17
101342,Gabriel Valentina Mendoza Torres,"$ 18,000,000",12202115,0,0,14
102145,Claudia Martínez Suárez,3500000.00,2752404,,0,54
100292,Gabriel Romero Arias,"$ 7,200,000",$4555355,0 COP,0,18
103529,Joaquin Guzman Loera 'El Chapo',"$ 25,000,000",12093492,0,0,54
102167,Mariana Jiménez Martínez,18000000 COP,$10944747,0 COP,0,39
103361,Diosdado Cabello Rondon,$35000000,"$ 24,248,370",0,0,41
100186,Tareck Zaidan El Aissami,50000000,41452002 COP,0.00,0,33
100248,Jong-Un Kim,35000000 COP,18831942,500000,9,75
100870,Sofía Luis Mejía Martínez,,5411135,0,0,51
101378,Luis Navarro González,25000000 COP,12160987 COP,0.00,0,15
101900,Patricia Diana Martínez Díaz,35000000 COP,25154922,$ 0,0,20
102622,Camilo Martínez Vargas,25000000,"$ 15,299,286",0 COP,0,81
100690,,,17740650,0.00,0,18
101360,Laura Ospina Ortiz,,2165384,$ 0,0,46.5
100629,Ismael Zambada Garcia,9500000 COP,"$ 5,124,036",0,0,21
100465,,50000000,35722697,$ 0,0.0,
103436,,,"$ 5,403,962",0.00,0,81
101002,Claudia Arias Díaz,5000000,"$ 2,547,543",0.00,0,21
101881,Natalia Daniela Rojas Díaz,"$ 2,500,000",2123138.00,0,0,16
101650,Fernando Navarro Ramírez,12000000.00,7874875,6400000,9 cuotas,
102215,María María Sánchez Pérez,"$ 9,500,000",7270444.00,0,,
100625,Javier Ortiz Ortiz,25000000,17889102,$3500000,5,44
100933,"ZAHHAR, Mahmoud Khaled",3500000,1664158.00,0,,33
100227,Lucía Rojas Valencia,"$ 2,500,000",1430542,0 COP,0,18
102033,Diego Silva Restrepo,50000000.00,22719342,0.00,0,53
101895,Alejandro Felipe Ortiz Valencia,9500000 COP,6230492,"$ 3,500,000",3,33
101658,Felipe Camila Vargas Moreno,3500000,2644784,,0,69
102806,Santiago Juan Castro Suárez,7200000,"$ 5,474,823",$ 0,0 cuotas,
103023,Jorge Lucía Gómez Valencia,35000000.00,19569442,1200000,,65
103340,Luis Fernando Moreno Moreno,"$ 2,500,000",,0 COP,0 cuotas,
100898,Mateo Juliana Ortiz Mejía,"$ 7,200,000",3153587.00,3500000.00,11,42
102488,Jorge Restrepo Silva,"$ 35,000,000","$ 17,924,286",0,0,55
101385,Diego Mateo Ortiz Castro,3500000,2221933.00,0.00,0,61.5
101348,Santiago Sofía González Hernández,$2500000,"$ 1,329,588",0,0,79
102530,María Pérez Jaramillo,7200000,6259989,$6400000,9.0,27
102085,Claudia Silva Romero,"$ 2,500,000",1478955 COP,12000000,7,43
102654,Javier Laura Torres Ortiz,9500000,5227389 COP,0.00,0,67
103355,Laura Romero Jiménez,25000000,$22048335,0.00,0,15
100950,Mariana Juliana Martínez Torres,50000000,30420806.00,0 COP,0,30
100101,Ana Gómez Martínez,50000000 COP,32029341,0,0,23
100895,Luis Andrés Hernández Jaramillo,3500000 COP,1554804,,0.0,42
102713,Verónica Díaz Torres,12000000,"$ 6,399,330",0,0,59
102290,Sofía Andrés Pérez Jiménez,50000000.00,22452152,$ 0,0.0,56.5
101229,Gonzalo Javier Romero Mejía,,"$ 4,936,317",0.00,0 cuotas,61
101911,Patricia Lucía Suárez Rodríguez,18000000,9573027,1200000 COP,12.0,60
103043,Daniela Sánchez Moreno,2500000,1455838,0,0 cuotas,29 años
100260,Verónica Sánchez Restrepo,12000000.00,9890036,$ 0,0,23
101656,China Aerospace Science & Tech Corp,50000000,"$ 36,878,487",,0,64
102734,Laura Silva Rojas,7200000,4177773,$ 0,0,58
103014,Felipe Mejía Restrepo,25000000,10665277,"$ 3,500,000",3,72.5
103492,Gabriel Juan Torres Restrepo,18000000,15860476,500000,3,56
101702,HEZBOLLAH,$12000000,"$ 8,855,211",$ 0,0,52
101283,China Aerospace Science & Tech Corp,7200000,4385991,3500000.00,4.0,70
102785,Andrés Luis Valencia Ospina,2500000,1171295,0.00,,50
102970,Alejandro Carlos Ospina Navarro,12000000,7260576,500000.00,2,14
101341,Juan Valencia García,50000000,42926625,0 COP,0,18
100256,Juan Sofía Gutiérrez Moreno,18000000,9918783,0,0,41
102251,"KIM, Jong Un",25000000,21245176,500000.00,10,60
103204,"KIM, Jong Un",9500000,$6928685,0 COP,,19
103484,Santiago Verónica Valencia Suárez,50000000,44682478,$ 0,0,78
101406,Diego Juliana Díaz López,$9500000,"$ 6,444,203","$ 500,000",12,
100739,María Juan Jiménez Restrepo,2500000,1491582 COP,12000000 COP,1.0,67
101548,,,24885333,0,,34
102853,Felipe Sánchez Chávez,2500000,"$ 1,566,006",0,0.0,37
100057,,9500000 COP,7787472,0 COP,0.0,46
100244,Laura Ana Romero Martínez,3500000.00,2267444,500000,2,19
101329,Jong-Un Kim,"$ 2,500,000",,0,0 cuotas,71
102247,Laura Carlos Mejía García,7200000 COP,4185893,0 COP,0 cuotas,16
103436,,"$ 7,200,000","$ 5,403,962",0.00,0,81
103366,Jong-Un Kim,25000000,10607617.00,500000.00,12,47
100734,"ZAHHAR, Mahmoud Khaled",2500000,1109651,0.00,,74
102057,Gabriel Diana Torres Ospina,$9500000,6342473 COP,"$ 3,500,000",10,22 años
103034,José Morales Arias,50000000,,0 COP,0,73
101309,Juan Santiago Martínez Torres,5000000,3454136,$ 0,0,19 años
100555,Lucía Sofía Torres Ramírez,25000000,15784988,0 COP,0,70
101525,Diego Diana Rodríguez Gutiérrez,3500000,1626460,0 COP,0,28
102188,María Diana Morales Chávez,2500000,"$ 1,807,131",0.00,0 cuotas,25
103262,Natalia Suárez Sánchez,12000000.00,6752901 COP,$1200000,8,22
101246,Mateo Alejandro Ramírez Morales,25000000 COP,18282100,,4,
101758,Lucía Camila Chávez Restrepo,"$ 35,000,000",28107152,500000,4,31
102560,Ziad Al Zaza,5000000,2335693,0 COP,0,44
101370,Javier Paula Navarro Pérez,"$ 18,000,000",8784092.00,6400000,4,63
101514,Camilo Juan Romero Rojas,35000000,15636889.00,,0,14
101020,Esteban Mateo Mendoza Rojas,7200000,3133887,0,0,26
102731,Claudia Esteban Restrepo Hernández,7200000,6154360,0 COP,0,81 años
100631,Mateo Jiménez Gutiérrez,50000000,$24357658,0.00,0,75
100335,Laura Díaz Mendoza,3500000,1898871,0.00,,65 años
100870,Sofía Luis Mejía Martínez,7200000,5411135,0,0,51
101212,,7200000,"$ 3,687,515",0.00,,39
101451,Juliana Luis Arias González,3500000 COP,2287732,500000 COP,9,32
101002,Claudia Arias Díaz,5000000,"$ 2,547,543",0.00,0,21
103174,"CABELLO RONDON, Diosdado",$3500000,$2737859,500000,2,56
102350,Mariana Natalia Valencia García,$12000000,9205198 COP,3500000.00,9,27
100753,Sofía Adriana Torres Díaz,35000000,25260847,0,0,28
103074,Santiago Mendoza Moreno,35000000 COP,"$ 17,889,574",0.00,0,40
102071,"AL-ASSAD, Bashar",35000000 COP,$31317388,500000,2,16 años
101849,"PURI, Genaro",$18000000,10019514,,1,14.5
102457,Laura Santiago Chávez González,25000000,20789603,0.00,0.0,15 años
102995,Claudia Jaramillo García,"$ 7,200,000",3630992,$ 0,0,19 años
100882,Ana Díaz Martínez,18000000,14655841,$ 0,0,43
102185,Sofía González González,5000000,3829388,0 COP,0,17
102459,Patricia Juan Moreno López,5000000,"$ 2,894,361",$ 0,0,16
100042,Mariana Arias González,18000000,15204572,0 COP,0,16
100194,"ABU TEIR, Mohammed","$ 18,000,000",15507385.00,6400000,8,83
102301,"LUKASHENKO, Aleksandr",7200000 COP,6415748,12000000.00,1,27
100591,Luis María Gutiérrez Mendoza,,23857074 COP,0.00,0,27
100808,Patricia Ana Morales Hernández,5000000.00,4052632 COP,500000,7 cuotas,82
100240,"CABELLO RONDON, Diosdado",$9500000,,0.00,0 cuotas,39
102387,Verónica Ramírez González,7200000.00,3120008.00,6400000,5,48 años
102740,Adriana Díaz Chávez,7200000,$3517305,0.00,0,49 años
103486,Fernando Ramírez Ospina,"$ 35,000,000","$ 30,621,113",0,0 cuotas,38
101558,,,1635897,0 COP,0,17
102517,José Mejía Silva,25000000,10562911.00,0,0,38
101426,Bashar Al Assad,18000000,"$ 10,576,550",0 COP,0,54
101591,Alejandro Restrepo Vargas,3500000 COP,,0,0,64
100718,Miguel A. Treviño Morales,50000000.00,44619148,,0,54
101159,Rafael Caro-Quintero,9500000 COP,"$ 4,601,454",6400000,2,69
102476,Diana Pérez López,18000000,9885270,0.00,0,48.5
101849,"PURI, Genaro",$18000000,10019514,6400000,1,14.5
101866,Andrés Ospina González,"$ 9,500,000",7051270,,3,47
100092,Camilo Rojas Castro,35000000,16045331.00,3500000,2,75
103527,,9500000,8287648,,0,50
102217,Laura Carlos Arias Arias,"$ 50,000,000",26091272 COP,,0,22.5
100690,,,17740650,0.00,0,18
100741,Javier Gonzalo Sánchez Ramírez,"$ 18,000,000",12886922 COP,500000,4,72
100005,Felipe Paula Silva López,35000000,22304913,0.00,0,43
101008,Paula Restrepo Vargas,50000000,41239738,0 COP,0,37
103138,"CABELLO RONDON, Diosdado",25000000,$12902264,,0,67
102279,,,18150428,0 COP,0,67
100070,"AL-ASSAD, Bashar","$ 7,200,000",6266536 COP,$ 0,0,33 años
103570,Camila Pérez Chávez,5000000,"$ 2,072,186",$ 0,0,24 años
102255,Javier Diego Mendoza Ramírez,12000000,6652600.00,$ 0,0,58
102038,Santiago Suárez Gutiérrez,3500000,"$ 2,511,956",0,0,57
102734,Laura Silva Rojas,7200000,4177773,$ 0,0,58
102442,Carlos Gonzalo Ramírez Torres,18000000,12853014,$ 0,0,
100764,Verónica Ricardo Rodríguez Rojas,$50000000,"$ 21,731,327",0 COP,0,20
100060,Ana Paula Torres Restrepo,"$ 9,500,000",,0 COP,0,58
103660,Andrés Arias Ospina,2500000.00,"$ 2,222,791",6400000,12,52
101713,"SAAB MORAN, Alex Nain",25000000.00,15011421.00,0,0,60
100900,"CARO QUINTERO, Rafael",2500000,1321164,3500000,12,74
101234,Luis Ana Valencia Martínez,18000000.00,,500000,9,39
103690,Carlos Camila Gutiérrez Torres,50000000,30665616,12000000,11,42.5
101861,Valentina Santiago Ortiz Moreno,2500000.00,1255702,0.00,0,56
102459,Patricia Juan Moreno López,5000000,"$ 2,894,361",$ 0,0,16
100061,Juan Mejía Suárez,,8361386,0.00,0,38
102767,Sofía Torres Jiménez,9500000,4915161,$12000000,10 cuotas,61
103774,"AL-ASSAD, Bashar",9500000,5766250,$ 0,0 cuotas,57
101812,Andrés Esteban Vargas Pérez,"$ 9,500,000","$ 7,167,924",0,0,36
100108,Nicolas Maduro Moros,"$ 50,000,000",$26061451,6400000,5 cuotas,55
101471,Alejandro Andrés Jiménez Mejía,"$ 2,500,000",1079170,0.00,0.0,74
100516,Javier Carlos Navarro Ortiz,35000000,16998403.00,0.00,0,34
100757,Gabriel Claudia Morales Martínez,"$ 18,000,000",$14582382,6400000,3 cuotas,
102633,"SAAB MORAN, Alex Nain",$35000000,25244541.00,0,0,31.5
102902,Alejandro Hernández Silva,2500000,$2139202,0.00,0,26.5
101542,Miguel A. Treviño Morales,50000000,31138576,0,0,14.5
102373,Diana Hernández Ramírez,18000000,12598396.00,0.00,0,49
101577,José Andrés Mejía Mendoza,35000000,27577587,0 COP,0,45
103006,,,3913435,0.00,0 cuotas,72
102744,José Mateo Jiménez Hernández,"$ 12,000,000",$9268230,0.00,0,67
100274,Patricia Torres Jaramillo,$25000000,21514530.00,0 COP,0,20
103265,"ABU TEIR, Mohammed",25000000.00,13895197.00,0,0,62
102577,Esteban Mariana Rodríguez Suárez,9500000,5121153,0.00,0,
100504,"PURI, Genaro",9500000,,,10.0,
100903,Esteban Suárez Suárez,3500000,1620198 COP,$ 0,0 cuotas,62
103400,Juan Gutiérrez Ospina,$5000000,,0.00,0,21 años
101063,Adriana Martínez Romero,"$ 12,000,000",$9575835,$ 0,0,61
100423,Sofía Jaramillo Chávez,12000000.00,7972590,0 COP,0.0,72
100168,Luis Alejandro Morales Ramírez,3500000.00,3014721 COP,3500000,9,45.5
101199,Natalia Luis Restrepo García,25000000,16156305.00,0.00,0,49
100749,Natalia Torres Mejía,3500000.00,,$ 0,0 cuotas,42
103077,Camila Esteban Arias Moreno,2500000,1691759 COP,$ 0,0,17
103334,Fernando Santiago Díaz Rojas,5000000,2083713,,,44
102324,Luis Esteban Díaz Torres,"$ 18,000,000",8176719,500000,,15
103548,"ZAHHAR, Mahmoud Khaled",50000000,24993734.00,6400000,,14
101054,Jorge Juan Valencia Morales,"$ 50,000,000","$ 30,392,130",0,0,60
103558,China Aerospace Science & Tech Corp,12000000,5062547,$ 0,0.0,30
101890,Bashar Al Assad,5000000,"$ 3,422,702",0.00,0 cuotas,59
100476,Verónica Diego Ramírez Romero,25000000,,500000,5,59
100383,Sofía Gutiérrez Sánchez,7200000.00,3661841,0 COP,0,85
102840,Andrés Mendoza Mendoza,12000000.00,9049781,"$ 1,200,000",11,53
100807,Esteban Mariana Gómez Navarro,12000000,$10483495,$ 0,0,52
100566,Mariana Claudia Silva Díaz,7200000,5052991,0 COP,0,17
101588,Camilo Rojas Ramírez,5000000,2497425 COP,0.00,0,46
102042,Daniela Díaz Navarro,$3500000,1777170,3500000,7,16
100098,Lucía Juan Morales Vargas,5000000,"$ 2,657,344",0 COP,0,64
103127,Diana Felipe Chávez Romero,$25000000,14565001,0 COP,0,60.5
101603,Carlos Jiménez Mendoza,2500000.00,1216950,"$ 1,200,000",4,70
101170,Ana Ana Morales López,"$ 2,500,000",1270981 COP,1200000,9,49
101661,Rafael Caro-Quintero,"$ 2,500,000",1113583 COP,0.00,0,85 años
101955,Andrés Lucía Navarro Restrepo,"$ 50,000,000",26707734,0,0,40 años
100422,"ABU TEIR, Mohammed",18000000,$15446626,,0 cuotas,
102248,HEZBOLLAH,12000000,9749041.00,0.00,0.0,58
103237,Aleksandr Lukashenko,7200000 COP,,0.00,0,16
100437,,$35000000,"$ 19,556,725",0,0.0,20
101796,Lucía Jaramillo Suárez,$12000000,8392783.00,0 COP,0,22
100268,"AL-ASSAD, Bashar","$ 25,000,000",16834726,0 COP,0,16
101460,Lucía Morales González,,26153919,6400000 COP,11,38
101013,Santiago González Rojas,7200000,6102705,1200000 COP,1,40.5
103708,Daniela Felipe González Ospina,35000000,26682374,1200000.00,8.0,63
100017,,,3113821,0.00,,24
100732,Nicolas Maduro Moros,"$ 5,000,000",$4134573,500000,1.0,59
100285,Laura Camila Silva Navarro,,16640697.00,3500000.00,5.0,15
100436,Esteban Silva Chávez,"$ 25,000,000",17993437,0 COP,0,17
102616,Santiago Adriana Silva Sánchez,9500000.00,4765849 COP,0,0,26
100574,Aleksandr Lukashenko,,25582747,"$ 500,000",10,47
101812,Andrés Esteban Vargas Pérez,"$ 9,500,000","$ 7,167,924",0,,36
100887,,,21249915 COP,,8,84
102776,Mariana Laura Restrepo Sánchez,12000000 COP,5421414.00,0.00,0,32
103152,Ismael Zambada Garcia,9500000.00,8092737,3500000,9,
100065,Jamileh Abdullah Al-Shanti,3500000,2070171,0,0,16 años
103196,Luis Navarro Ramírez,5000000,4480869 COP,0 COP,0,73 años
100087,Luis Gabriel Gómez Ospina,25000000,11275295 COP,$ 0,0,75
100152,Alejandro Diana Pérez Jiménez,12000000,9942930,$3500000,11,29
101643,Mariana Javier Jaramillo Silva,9500000,"$ 8,472,580",$ 0,0,15
101183,Alejandro Sofía Ortiz Hernández,7200000,5544136.00,3500000,5 cuotas,72.5
100441,"CABELLO RONDON, Diosdado",35000000.00,22734175 COP,$6400000,,37
103494,Gabriel Adriana Arias Suárez,35000000,"$ 25,976,207",0 COP,0,61
101733,José Verónica Ramírez Arias,18000000,12911947 COP,$ 0,0,75
101188,Mateo Torres Rodríguez,12000000,9597172,6400000,10.0,29
100353,Felipe Navarro Martínez,25000000,13986334 COP,0,0,
102291,"ABU TEIR, Mohammed",5000000,"$ 4,023,803",0.00,0,40
102988,"EL AISSAMI MADDAH, Tareck Zaidan",18000000,9165296,0 COP,0,22
103325,Mateo Sofía Suárez Castro,5000000,3614381.00,1200000,1,60
102134,Camilo Gabriel García Valencia,35000000,"$ 19,943,742",12000000,1,57
102863,Claudia Ana Hernández Ospina,25000000,$20932676,12000000,8,
102892,Ana Jorge Martínez Chávez,5000000.00,2160580,1200000,2,32
100574,Aleksandr Lukashenko,35000000,25582747,,10,47
103570,Camila Pérez Chávez,,"$ 2,072,186",,0,24 años
102788,"EL AISSAMI MADDAH, Tareck Zaidan",18000000 COP,8052792,$ 0,0,83
100571,Lucía Valentina Valencia Mendoza,$12000000,8029958.00,0 COP,0,74
102483,Jong-Un Kim,9500000,,0.00,0 cuotas,14
102826,Ismael Zambada Garcia,35000000,"$ 27,648,002",0,,33.5
102222,"LUKASHENKO, Aleksandr",5000000.00,3425043 COP,0 COP,0,20
101883,Esteban María Restrepo Rodríguez,"$ 9,500,000",,0,0,27.5
101833,Adriana Adriana Gómez Castro,18000000,,0,0,38
101193,,9500000,5848744 COP,12000000,6,41 años
101398,Adriana Carlos Sánchez Jiménez,18000000,15550109.00,$ 0,0,75
103736,Javier Gonzalo Vargas Ospina,"$ 7,200,000",5622694.00,0 COP,0,48
103761,Carlos Gutiérrez López,3500000,$3147627,0 COP,0,
103370,,,2279482 COP,0.00,0,31
103446,"MADURO MOROS, Nicolas",3500000,"$ 2,400,639",$ 0,0,
101104,María Vargas Chávez,2500000.00,1355402.00,0,0,37
102565,Verónica Ospina Martínez,"$ 50,000,000",39312140,0 COP,0,50.5
102994,CHINA AEROSPACE SCIENCE AND TECHNOLOGY CORPORATION,"$ 50,000,000",26942127,"$ 1,200,000",2,55
102709,Diana María Moreno Restrepo,9500000,"$ 5,256,459",0.00,0,40
100688,"CABELLO RONDON, Diosdado",18000000.00,8932246,0 COP,0.0,
103327,CHINA AEROSPACE SCIENCE AND TECHNOLOGY CORPORATION,"$ 18,000,000",$9667275,0 COP,0.0,31
101488,Ricardo Sofía Ospina Jiménez,$35000000,14565361,0.00,0,16
101601,Jong-Un Kim,,6135731.00,0 COP,0,14
103231,Patricia Suárez Mejía,"$ 2,500,000","$ 1,921,875","$ 3,500,000",4,45
102967,Mariana Juan Suárez Moreno,5000000.00,3981153.00,0 COP,0.0,45 años
102075,Mateo Castro Rojas,3500000.00,1406735,$1200000,,43
103408,Paula Lucía Díaz Arias,$5000000,4312262.00,,0,16
101494,Gabriel Ospina Jaramillo,25000000 COP,$19453581,$12000000,4,62
101231,Santiago Mateo Morales Chávez,7200000,3652164 COP,3500000,11,61
103275,Santiago Mendoza García,5000000.00,,$ 0,0,59
100807,Esteban Mariana Gómez Navarro,12000000,$10483495,$ 0,0,52
102854,,"$ 12,000,000",7515698 COP,6400000,5,24
101104,María Vargas Chávez,2500000.00,1355402.00,0,0,37
102290,Sofía Andrés Pérez Jiménez,50000000.00,22452152,$ 0,0.0,56.5
102694,Carlos Jiménez Rodríguez,18000000,8793298,0,0,69
103074,Santiago Mendoza Moreno,35000000 COP,"$ 17,889,574",0.00,0,40
100457,Mariana Javier Jiménez Romero,5000000.00,4103563,0,0,35
100610,Ana Chávez Valencia,7200000,3774863,0.00,0 cuotas,44
102031,Paula Martínez Romero,5000000,2502812.00,"$ 12,000,000",9,15
103269,José Sánchez Navarro,"$ 2,500,000",1277296,500000.00,,78 años
101409,Santiago García Mejía,"$ 3,500,000",2070868 COP,0,0,47
101702,HEZBOLLAH,$12000000,"$ 8,855,211",$ 0,0,52
101733,José Verónica Ramírez Arias,18000000,12911947 COP,,0,75
100117,Camilo Alejandro Vargas Silva,$35000000,24734996.00,0,0,32 años
102338,José Lucía Sánchez Castro,18000000 COP,11405992,$ 0,0,34
103050,Gabriel Alejandro García Restrepo,3500000,2324621 COP,0,0,47
101805,Andrés Verónica Sánchez Arias,,3864945 COP,0.00,0,56.5
102056,Diego José Navarro Romero,35000000,22808261,$12000000,9 cuotas,56
101641,Gonzalo Luis Silva Ospina,18000000,,500000 COP,12,45
100438,Alex Nain Saab Moran,2500000.00,1528114,0,0,49
102942,Carlos Claudia Valencia Ramírez,18000000 COP,"$ 10,961,726",$ 0,0,50
101785,Alejandro Silva Romero,,7066425.00,0,0,55
102721,"CABELLO RONDON, Diosdado",9500000,4974970,0 COP,0,51
102477,Ismael Zambada Garcia,5000000,"$ 4,203,540",0 COP,0 cuotas,28.5
100875,,,30474981.00,$ 0,0,62
100641,Ana Verónica Ortiz Torres,5000000,"$ 3,753,738",0 COP,0,65
101813,"TREVIÑO MORALES, Miguel Angel",3500000,1642140,0.00,0,40
100004,Paula Valencia Mejía,"$ 2,500,000",$1954995,0,0,35
101041,José Castro Martínez,18000000 COP,11007462,0 COP,0,27
103040,"AL-ZAZA, Ziad","$ 25,000,000",13837419,$ 0,0,53
102060,Ricardo Ana Díaz Hernández,35000000,28822148,6400000 COP,9,15 años
101671,,,"$ 15,869,312",$ 0,0,55
100182,Felipe Restrepo González,$35000000,28108561,500000,3.0,15
103569,Diego Jaramillo Ramírez,7200000 COP,6144641,0.00,,59
100654,"ZAMBADA GARCIA, Ismael",50000000,42543295.00,3500000.00,6,17
100711,Alex Nain Saab Moran,2500000,$1412350,0 COP,0,15 años
103445,Daniela Mateo Ortiz Arias,18000000,16058231,$ 0,0.0,24
101005,"KIM, Jong Un","$ 12,000,000",9121223,$ 0,0,15
100189,Ricardo Lucía Jaramillo Vargas,"$ 3,500,000",2376426,$ 0,0,16
101776,Ana Carlos Ospina Sánchez,2500000.00,1817034,0,0,50
100887,,50000000 COP,21249915 COP,500000,8,84
101488,Ricardo Sofía Ospina Jiménez,$35000000,14565361,0.00,0,16
100320,Mateo Vargas Romero,,30389610,0,0,15.5
102394,Adriana Felipe Restrepo Gutiérrez,3500000,,$ 0,0,31
102025,Mariana Juan Romero Romero,9500000 COP,,$ 0,0,20
100890,Fernando María Díaz Ramírez,5000000 COP,2292072.00,0 COP,0,42
100720,Luis Navarro Suárez,5000000,2312210,$ 0,,67
103191,Javier Mariana Vargas Suárez,,3826236,$ 0,0,29
100848,Ziad Al Zaza,50000000,30600393,0 COP,0,27
100886,Diana Torres Chávez,7200000.00,,0 COP,0.0,15.5
100900,"CARO QUINTERO, Rafael",2500000,1321164,3500000,12,74
102708,Mateo Diana Gutiérrez Jaramillo,12000000,"$ 6,715,894",$ 0,0,78
101544,José Valentina Martínez Rojas,18000000.00,"$ 7,971,247",0,0,29
102124,,,"$ 9,932,165",0.00,0,
102153,Esteban Javier Jiménez Valencia,7200000,4803759,1200000,5,24 años
103556,Luis Natalia Jaramillo Restrepo,50000000,"$ 30,901,712",0,0,16
103651,Alejandro Paula González González,"$ 7,200,000",4299791 COP,0,0.0,14
100819,Patricia Gabriel González Hernández,9500000,7206114,0 COP,0.0,29
102444,"KIM, Jong Un",,7188204,,8.0,54
102172,José Sofía Martínez Navarro,5000000,3583268,0.00,0,33.5
101744,Daniela Alejandro López Mendoza,7200000.00,"$ 4,822,681",0.00,0,26.5
103286,Alejandro Rodríguez Rodríguez,12000000,,$ 0,0,29
102514,Felipe Diana Pérez Mejía,7200000,3480877,0,0,62
103419,"SAAB MORAN, Alex Nain",2500000.00,1008265,$ 0,0,17
102846,Natalia Alejandro Ortiz Jiménez,35000000,"$ 19,682,670","$ 3,500,000",3,63
102472,Verónica Diana Vargas Valencia,,2088335,$ 0,0,21
101321,"TREVIÑO MORALES, Miguel Angel",50000000.00,"$ 21,621,826",$ 0,0,17
103354,Patricia Mateo Vargas González,12000000,8489686,0,0,50
101618,José Valencia Suárez,$25000000,21473774,0,0,68
101595,José Arias García,3500000,1496097 COP,3500000 COP,7,36
102849,Esteban Alejandro López Restrepo,9500000,5078913,1200000,5,34
101887,Luis Andrés Gómez Mendoza,,,3500000.00,5,49 años
103593,José Adriana García García,25000000.00,"$ 11,488,531",0 COP,0,64
102690,,"$ 2,500,000",1449076,0 COP,0,32
103320,Mohammed Abu Teir,"$ 3,500,000",3067663.00,$12000000,8,
101263,Felipe Torres Morales,"$ 18,000,000",7747229,0 COP,0 cuotas,74 años
102741,Santiago Verónica Sánchez Pérez,"$ 35,000,000","$ 25,345,020",0.00,0 cuotas,53
101684,Juan Javier Suárez Silva,"$ 3,500,000",2396101,0 COP,0,
100422,"ABU TEIR, Mohammed",18000000,$15446626,0,0 cuotas,21
101229,Gonzalo Javier Romero Mejía,12000000.00,"$ 4,936,317",0.00,0 cuotas,61
100111,Juliana Lucía Moreno Mejía,3500000,2742451,0.00,,59.5
100144,Alejandro Fernando Mendoza Díaz,9500000,3867464,0.00,0,35
100949,Lucía Santiago Moreno Ortiz,2500000,1416712.00,500000,9,75
103204,"KIM, Jong Un",9500000,$6928685,0 COP,0,19
100519,Ismael Zambada Garcia,35000000 COP,30072772,6400000.00,,62
100783,Camila Valentina Rojas Arias,5000000,3199797,0 COP,0,22
103021,Patricia Romero González,25000000,$18643868,3500000,12 cuotas,38
103178,HAMAS,50000000,"$ 41,586,924",3500000,7,21
102271,Nicolas Maduro Moros,50000000.00,40226804,0.00,0 cuotas,42.5
102493,Gabriel Sofía García Suárez,$5000000,2578261,,0,14
102461,Lucía Morales Hernández,18000000,12861944 COP,0,0,56
102142,Javier Sofía Torres Rojas,2500000,$1606326,$ 0,0,52
101166,Andrés Diego Morales Rojas,50000000 COP,$20424047,,0,16
100067,Lucía Juliana Chávez Ospina,35000000,"$ 19,083,914",$ 0,0,52
102393,Natalia Esteban Navarro Chávez,3500000,2383467 COP,0,0,25
103107,"ABU TEIR, Mohammed",25000000,17285486.00,0 COP,0,71
103396,Mariana Navarro Jaramillo,"$ 5,000,000",$4363619,1200000,2,40
101574,Juliana Lucía Rodríguez González,3500000,2835002.00,0 COP,0 cuotas,
102501,Sofía Morales Romero,,19236852 COP,$ 0,0,39
103201,Mateo Felipe García Jaramillo,9500000,5351915,$ 0,0,26
101273,,,3307680.00,1200000,11,49
103283,Lucía Díaz Jiménez,3500000.00,2756881.00,0,0,45 años
103094,Gabriel Verónica Restrepo Vargas,2500000.00,1922360 COP,0.00,0 cuotas,54
103520,Gabriel Fernando Gutiérrez Arias,$12000000,5686841 COP,0.00,0 cuotas,54
103482,Juan José Rodríguez Pérez,12000000.00,9267081,0,0,58 años
102656,"SANCHEZ CEREN, Salvador","$ 18,000,000",7379776,12000000,,
102147,Lucía Camila González González,"$ 5,000,000",3788090,0 COP,0,
101245,Gonzalo Camilo Valencia Ospina,25000000.00,$15725088,$ 0,0,51 años
102200,Felipe Gómez Navarro,12000000,"$ 9,703,420",0,0,32
103615,Mateo Martínez Valencia,25000000.00,13842172,6400000.00,1,72
101589,Luis Jorge Chávez Arias,2500000,1273523,0,0,48.5
102511,Diego Ramírez Hernández,12000000,5774965,3500000.00,5,30 años
101827,Alejandro Moreno Castro,35000000,26550630,$ 0,0,52
101950,Tareck Zaidan El Aissami,2500000 COP,1681351,12000000 COP,1,25
101913,Felipe Jaramillo Arias,"$ 12,000,000",,6400000 COP,3,43
102669,,,12315149,0,0,50
101526,María Claudia López Arias,18000000.00,8013128,0,,73.5
101496,Patricia Camila Suárez Suárez,18000000,$13064183,$ 0,0,41
101065,Mariana Mariana Rojas Hernández,$35000000,16796717,12000000,7,36
103337,,,32183585,0,0,70
100329,José Adriana Navarro Hernández,5000000 COP,,500000.00,3,61
103225,Mateo Gabriel Rojas Díaz,35000000 COP,"$ 26,020,000",6400000 COP,2.0,18
102739,Lucía Adriana Arias Mejía,12000000,,$ 0,,42
102916,Daniela Felipe Rodríguez Romero,2500000.00,"$ 2,116,626",$ 0,0,61
100277,Paula Mariana Sánchez Restrepo,9500000,7776779,0.00,0,17
101139,Camila Fernando Rodríguez Hernández,9500000,5745575 COP,,0,52 años
100885,"AL-ASSAD, Bashar",3500000,1992170,$ 0,0,15
101858,Alejandro Restrepo Díaz,"$ 25,000,000",,0.00,0,36
101155,Andrés Hernández Chávez,7200000,2909781,0,0,18
103207,Alex Nain Saab Moran,35000000,27212111,500000,10,35
101694,HAMAS,"$ 50,000,000",35667404,"$ 12,000,000",9,43
100578,Natalia Lucía Ospina Ospina,$50000000,30409771,0,0,35
102547,Mateo Natalia Jaramillo Díaz,18000000,"$ 7,607,328",0 COP,0,29
102891,Gonzalo Martínez Silva,12000000,$9326392,"$ 3,500,000",9,47
101413,Camilo Diana Suárez Ospina,7200000 COP,,0,,25
101274,"SAAB MORAN, Alex Nain","$ 9,500,000",7484383,0.00,0,71 años
100803,"ZAHHAR, Mahmoud Khaled",25000000,"$ 12,569,330",0.00,0,
102822,Bashar Al Assad,50000000,"$ 36,674,838",0.00,0,62
102109,Ana Laura Vargas García,25000000,10174057,500000 COP,10.0,36
100343,,5000000,,0,0,
103311,Gonzalo Castro Martínez,18000000,15923921,,3.0,50 años
102718,Laura Mateo Romero Silva,7200000.00,"$ 6,099,979",0 COP,0,15 años
103207,Alex Nain Saab Moran,35000000,27212111,,10,35
101256,Claudia Martínez Arias,2500000,1884095.00,0,0,35
100428,,9500000,8229298,500000,5,43
103666,"ZAHHAR, Mahmoud Khaled",7200000.00,5904679,$ 0,0,41.5
101656,China Aerospace Science & Tech Corp,50000000,"$ 36,878,487",$ 0,0,64
102592,Jamileh Abdullah Al-Shanti,9500000,6383934.00,0 COP,0,27
102033,Diego Silva Restrepo,50000000.00,,0.00,0,53
102016,Rafael Caro-Quintero,50000000,30171845,$ 0,0,34 años
100124,Camila Camila Torres Valencia,"$ 9,500,000",,$ 0,0,59 años
100500,Verónica Patricia Castro Ospina,7200000,3500608.00,0,,18
103741,María Rodríguez Torres,18000000,9136010,,0,45
100052,Juan Vargas Chávez,"$ 50,000,000",28380529,,0,67
101053,Esteban Alejandro López Rodríguez,50000000,20779431,0,0,44.5
100384,Esteban Patricia Morales López,50000000,44142421,0,0,39.5
102174,Mateo Ramírez Romero,,"$ 4,468,818",500000,3,35 años
101706,,,$2233810,0 COP,0 cuotas,59
100400,"AL-SHANTI, Jamileh Abdullah",$3500000,1443665,$ 0,0,49
100877,Claudia Mariana Pérez Gómez,5000000 COP,3367894,0 COP,0,49
102941,Verónica Gabriel Castro Suárez,25000000,17568222,0,0,30
103313,"CABELLO RONDON, Diosdado",50000000,24696200,0 COP,0,70
102410,"SAAB MORAN, Alex Nain","$ 5,000,000",4062631,0.00,0,21.5
100032,Fernando Ricardo Hernández Moreno,18000000,7387262,0.00,0,40
102821,"GUZMAN LOERA, Joaquin",7200000.00,2969244,$ 0,0,29
103113,Nicolas Maduro Moros,"$ 5,000,000",2452114.00,0 COP,0,56
102106,"LUKASHENKO, Aleksandr",5000000,2855803.00,,0.0,59
101140,Esteban Restrepo Mejía,$3500000,2965820 COP,0,0.0,72
101463,Alejandro Restrepo Moreno,,6149782.00,$ 0,0,50
102201,"LUKASHENKO, Aleksandr",50000000,28595720,0.00,0,17.5
102156,Daniela Lucía González Ramírez,$2500000,1178278.00,0,0,49
101053,Esteban Alejandro López Rodríguez,50000000,20779431,0,,44.5
102504,Paula Lucía Silva Sánchez,"$ 50,000,000",26789929,0.00,0,60
100249,Valentina Luis Ramírez Silva,"$ 18,000,000",12877487,0.00,0,16.5
100592,Gonzalo Felipe Vargas Rojas,12000000,6694837,0 COP,0,15
101964,Diosdado Cabello Rondon,5000000,"$ 2,675,870",$ 0,,
101124,,,1959420.00,0.00,0 cuotas,14
103565,"TREVIÑO MORALES, Miguel Angel",$9500000,$7279407,"$ 12,000,000",7.0,43.5
101336,Esteban Verónica González Moreno,25000000,14742114,$ 0,0,44
103505,Lucía Natalia Gómez Valencia,"$ 5,000,000",2601501,0,0 cuotas,35
103069,Gabriel Juan González Ramírez,25000000 COP,"$ 20,136,342",0,,20
101674,Luis Torres Moreno,35000000 COP,,$3500000,10,15
101314,María Pérez Moreno,"$ 50,000,000",38424426 COP,0.00,0,20
103744,,"$ 35,000,000","$ 20,881,816",$ 0,0,66
103065,Esteban Adriana Rojas Mendoza,12000000,10677884,0 COP,0.0,78 años
103400,Juan Gutiérrez Ospina,$5000000,4243097,0.00,0,21 años
101534,Laura Luis Ospina Jaramillo,50000000,44136605,500000,3,15
102753,Ricardo Santiago Jiménez Morales,5000000,4165549,0.00,0,49
101802,Gabriel Alejandro Jaramillo Rojas,9500000 COP,,0,0,17
102970,Alejandro Carlos Ospina Navarro,12000000,7260576,500000.00,2,14
100417,Jorge Lucía Jaramillo Mejía,3500000,"$ 1,612,306",500000.00,7,
102842,Carlos Castro Castro,2500000.00,1151803.00,0.00,0,62
100449,Nicolas Maduro Moros,18000000.00,9742216,0 COP,0,17.5
102517,José Mejía Silva,25000000,10562911.00,0,0,38
101918,Esteban Vargas García,$2500000,1345643.00,0,0 cuotas,69
103586,Verónica Navarro Jiménez,25000000,$12519269,0 COP,0,33
102197,,,13312599,0,0,79
102054,,,6601209 COP,0 COP,0,42
101681,Camilo Patricia Sánchez Castro,$2500000,2151699 COP,0.00,0,33
100416,Ricardo Ricardo Rodríguez Ospina,7200000,,$ 0,0,14
102742,Juan Fernando Mejía Rodríguez,"$ 25,000,000",11393375,12000000,8,53
100509,Alejandro García Chávez,50000000,,$ 0,0,55
102045,Valentina Suárez Gutiérrez,7200000,5475238.00,0.00,0,41
100318,Valentina Daniela González Rodríguez,9500000,5366198.00,0.00,0.0,59
101795,CHINA AEROSPACE SCIENCE AND TECHNOLOGY CORPORATION,2500000,"$ 1,085,516",6400000,,34 años
101285,María Lucía Vargas Hernández,50000000,42264269,0,0,56
101645,Natalia Gabriel Restrepo Valencia,"$ 2,500,000",2012641.00,12000000 COP,3,35 años
100186,Tareck Zaidan El Aissami,50000000,41452002 COP,0.00,0,33
100875,,$50000000,,$ 0,0,62
100776,"GUZMAN LOERA, Joaquin",9500000,$8398693,12000000.00,,56.5
103485,Ricardo Jorge Restrepo Navarro,25000000 COP,,3500000 COP,3,38.5
100802,Mariana Luis Rojas Rodríguez,3500000,"$ 1,679,073",$ 0,0,76
101596,Claudia Navarro Mendoza,$25000000,11748317,500000 COP,7,58 años
102898,José Camila López Gutiérrez,3500000,2056097 COP,$ 0,0,41
100803,"ZAHHAR, Mahmoud Khaled",25000000,"$ 12,569,330",0.00,0,75
103234,Gonzalo Daniela Martínez Romero,12000000,10205986,$ 0,0,26
101081,Laura Juliana Moreno Arias,7200000.00,5350745,$ 0,0,79
102811,Jorge Jaramillo Rodríguez,"$ 25,000,000",14024016,12000000,11.0,44 años
102726,Verónica Camila Moreno Ortiz,5000000,,0,0,17
102814,José Gabriel Hernández Silva,9500000 COP,,0,0,41 años
102101,Ana Navarro Romero,7200000,5641052.00,$ 0,0,54
100114,José Ramírez Díaz,5000000 COP,3965754,$6400000,2,17.5
100692,Ana Diana Vargas Valencia,18000000,10875586,1200000,8,32
102999,Esteban Diego Jaramillo López,,3419495.00,500000,3.0,29
100591,Luis María Gutiérrez Mendoza,$50000000,23857074 COP,0.00,0,27
100603,Luis Gonzalo Ortiz López,9500000,5677145 COP,0,0,74
100183,Ricardo Suárez Ortiz,25000000,19192856,$ 0,0,63
101222,,5000000 COP,2856832,6400000,1,74
103260,Jorge Juan Suárez Chávez,5000000 COP,4234584,$3500000,7,74
103335,Carlos Ramírez Jiménez,"$ 12,000,000",7795323.00,$3500000,8,39
100283,"AL-ASSAD, Bashar",18000000,12012822,"$ 1,200,000",8,44
101135,Jorge Torres Gómez,50000000,25653977.00,0,0,25
103259,Esteban Alejandro Díaz Navarro,18000000,13532331,0 COP,0.0,18
103246,Jorge Paula Moreno Mejía,18000000.00,12168944,0 COP,0,82
100786,Valentina Natalia Ortiz Silva,$50000000,41983026,$ 0,0,35.5
103761,Carlos Gutiérrez López,3500000,$3147627,0 COP,0,65
103716,Juan José Silva Martínez,5000000.00,3445452,500000,9,47 años
101388,Mariana Gómez Ospina,7200000,"$ 3,442,730",0 COP,0,
102049,,,9984566,,0 cuotas,78
101037,"CABELLO RONDON, Diosdado",25000000,22242774,0,,29
103129,Adriana Jiménez Rodríguez,25000000 COP,12885272,0,0,25
101146,,,$3615457,,0.0,14
103114,Juliana Daniela Martínez Gómez,$50000000,27285710,0.00,,49
103556,Luis Natalia Jaramillo Restrepo,50000000,,0,0,16
102217,Laura Carlos Arias Arias,,26091272 COP,0 COP,0,22.5
103288,Javier Romero Silva,3500000,1663927.00,$ 0,0,53
101187,Javier Valencia Romero,18000000,13139323,0,0,68
101212,,7200000,"$ 3,687,515",0.00,0,39
102493,Gabriel Sofía García Suárez,$5000000,2578261,0,0,14
102963,Ricardo García Torres,$7200000,6311838,0.00,0,54
103202,"AL-ZAZA, Ziad",,"$ 13,474,770",3500000,,15.5
103100,Diego Natalia Ospina López,35000000.00,23632546,6400000,4,49
102035,Alex Nain Saab Moran,"$ 35,000,000",,6400000,9,36
103110,Luis José Martínez Valencia,3500000 COP,,3500000,5,67
101666,Diosdado Cabello Rondon,"$ 18,000,000","$ 10,580,809",$ 0,0,46 años
100212,Natalia Romero Díaz,18000000,9220637 COP,0,0,72
102898,José Camila López Gutiérrez,3500000,2056097 COP,$ 0,0,41
103188,Mariana García Gutiérrez,18000000,9876904,,0,33 años
100135,Gonzalo Claudia Jiménez Rodríguez,50000000,44589272.00,0.00,0,68
100476,Verónica Diego Ramírez Romero,25000000,15476927,500000,,59
101483,"CABELLO RONDON, Diosdado",2500000,1148079,0 COP,0,15
101364,Mariana Ricardo Ramírez Romero,35000000 COP,20738384,1200000.00,2,
100936,Mariana Juan Vargas López,$2500000,1100227,$3500000,8,56.5
102294,Gonzalo Sánchez Gutiérrez,"$ 7,200,000",3494791.00,$ 0,0,29
103767,Andrés Javier Jaramillo Díaz,"$ 50,000,000",40565891.00,"$ 500,000",11 cuotas,49
102360,Santiago Natalia Arias Vargas,50000000 COP,"$ 44,444,232",12000000,11.0,40
102219,CHINA AEROSPACE SCIENCE AND TECHNOLOGY CORPORATION,$9500000,"$ 5,791,700",$ 0,,74
100732,Nicolas Maduro Moros,"$ 5,000,000",$4134573,500000,1.0,59
101478,Felipe Carlos Pérez Mejía,12000000.00,10327586,$ 0,0,51
101662,Jorge Andrés Moreno Morales,18000000,7357670.00,$ 0,0,29
101456,CHINA AEROSPACE SCIENCE AND TECHNOLOGY CORPORATION,25000000.00,"$ 21,532,799",0,0,
101971,Ana Navarro Martínez,7200000 COP,4564613,"$ 12,000,000",2,56
100580,Lucía Vargas Pérez,"$ 5,000,000",$2812219,0 COP,0,49
103258,"ZAHHAR, Mahmoud Khaled",50000000.00,41977881 COP,6400000.00,2,26 años
100309,Bashar Al Assad,18000000,12236923 COP,3500000,9,20
102958,Diana Jiménez González,"$ 9,500,000",7439459,0.00,0,48
100301,Esteban Rodríguez Arias,2500000,1666957.00,,0.0,25
102314,Esteban Navarro Ospina,35000000 COP,"$ 14,643,390",0,0,73
102398,,,14550861,0.00,0,68
103450,Natalia Diana García Restrepo,$5000000,2405673,"$ 6,400,000",10,74
103702,Mohammed Abu Teir,$25000000,"$ 10,249,038",0 COP,0,47
102387,Verónica Ramírez González,7200000.00,3120008.00,,5,48 años
101230,,$9500000,5797244,0 COP,0 cuotas,32
101966,Mariana López Moreno,25000000 COP,15450774 COP,$1200000,11,16
102472,Verónica Diana Vargas Valencia,"$ 2,500,000",2088335,$ 0,0,21
102512,Ricardo López Díaz,5000000,2223606,$ 0,0 cuotas,16
102380,Juan Andrés Mendoza Jaramillo,2500000,1271982 COP,$ 0,0 cuotas,18
101957,,5000000,4276634,0,0,63
103779,"MADURO MOROS, Nicolas","$ 35,000,000",$17782913,0,0,63
102780,Patricia Ricardo Vargas Restrepo,"$ 18,000,000","$ 7,560,116",12000000,10,36
100755,Ziad Al Zaza,$50000000,,0,0.0,26
102136,Alejandro Carlos Gómez García,$3500000,2485004.00,3500000,,72
100670,Camilo Claudia Valencia Silva,50000000,,0,0,24
103265,"ABU TEIR, Mohammed",25000000.00,13895197.00,0,0,62
103150,Lucía López Martínez,50000000,"$ 38,767,354","$ 6,400,000",7,65 años
102880,Ana Martínez Gómez,18000000,10854293,1200000.00,4 cuotas,58
101233,Mohammed Abu Teir,25000000,11100248,0,0,17 años
100721,Jorge Daniela Moreno Vargas,2500000,1451036,0 COP,0,
103009,Alex Nain Saab Moran,"$ 7,200,000",,0 COP,0,28
102406,Ismael Zambada Garcia,25000000,13858430,,11,67
102285,Patricia Valentina Gutiérrez Rojas,35000000,29800542.00,,,54
100080,Camilo Verónica Gómez Torres,9500000,"$ 4,483,922",0.00,0.0,19
101270,Gonzalo Martínez Romero,3500000,2911458,0,0,69
100225,Juliana Ospina Díaz,"$ 12,000,000",9381904 COP,,0,
100392,Andrés Ramírez Hernández,50000000,,$3500000,1 cuotas,60 años
101119,Verónica Rojas Martínez,$5000000,3226459.00,0,0,49
102431,Gabriel Esteban Ospina Gutiérrez,5000000,,$ 0,0,19
102091,Fernando Luis López González,3500000,"$ 2,952,893",0 COP,0,33
102503,Bashar Al Assad,7200000,"$ 5,878,408",0,0 cuotas,47
100496,Verónica Gonzalo Moreno Mejía,"$ 3,500,000",1639427 COP,$ 0,,39
103440,Javier Suárez Romero,$18000000,"$ 14,941,374",0.00,0,78
102691,Mahmoud Khaled Zahhar,"$ 9,500,000",3884722.00,6400000,,
101184,Ziad Al Zaza,35000000.00,"$ 15,028,821",0,0,45.5
103593,José Adriana García García,25000000.00,"$ 11,488,531",0 COP,0,64
100180,,,32443763,$500000,11,55
100156,Sofía Verónica González Morales,9500000,"$ 7,537,147",,0,42
100362,,,2172700,,0,27
102571,"CARO QUINTERO, Rafael",25000000.00,16644483,0,0,34
102146,Juliana Daniela Jaramillo Vargas,35000000,14279050,$ 0,0,37.5
102965,Mohammed Abu Teir,18000000.00,7648294,0 COP,0,47
101720,Felipe Diego Morales Moreno,$5000000,3387501 COP,0 COP,0,27 años
102472,Verónica Diana Vargas Valencia,"$ 2,500,000",2088335,$ 0,0,21
101686,Laura Paula Mendoza Morales,5000000,$3195586,"$ 3,500,000",4.0,17
101552,"MADURO MOROS, Nicolas",7200000 COP,5077603,$ 0,0,35 años
101246,Mateo Alejandro Ramírez Morales,25000000 COP,18282100,3500000 COP,4,37
103793,Natalia Rodríguez Pérez,,"$ 2,205,998",0.00,0,50
100066,Mateo Ortiz Torres,9500000,5230373,,0,
102881,Alejandro Sofía Gutiérrez Jaramillo,12000000,8422452.00,0 COP,0,44
102816,"KIM, Jong Un",9500000 COP,6255809 COP,,,60
100051,Natalia Jaramillo Torres,7200000,3814949,0.00,0,67
101401,Fernando Rodríguez Martínez,12000000,8377087 COP,$ 0,0,65
100970,Sofía Verónica Navarro Ospina,2500000.00,$1920931,$ 0,,
102155,,"$ 3,500,000","$ 1,773,130",3500000,1,37 años
100072,Andrés Jaramillo García,"$ 3,500,000",1977544,0.00,0,48
102097,Gonzalo Mateo Suárez Torres,"$ 2,500,000",1301550,0 COP,0,72
101852,Daniela Jiménez Torres,"$ 7,200,000",3528944,0 COP,0,71
100919,Nicolas Maduro Moros,12000000,8707492.00,0,0,71
102124,,18000000,"$ 9,932,165",0.00,0,17
100284,Patricia Patricia Vargas Valencia,"$ 3,500,000",2997066,,12,31
100890,Fernando María Díaz Ramírez,5000000 COP,2292072.00,0 COP,0,42
100339,Lucía Santiago Navarro González,18000000,"$ 9,561,513",,0,14
100592,Gonzalo Felipe Vargas Rojas,12000000,6694837,0 COP,0,15
103556,Luis Natalia Jaramillo Restrepo,50000000,"$ 30,901,712",0,0,16
103430,Jamileh Abdullah Al-Shanti,35000000,$20509105,,0,16
100026,Paula Gabriel Morales Vargas,35000000,14262745.00,0 COP,0.0,21
103004,Carlos María López Jaramillo,9500000.00,7115761.00,$500000,10,20
100185,Luis Verónica Morales Gómez,,5627002,0.00,0,71
100454,HAMAS,50000000,31890725,3500000,12,59
102605,Daniela Mateo Pérez González,,,0.00,0,65
103245,María Mateo Gómez Rojas,50000000.00,$20196590,1200000,12.0,24 años
100428,,9500000,8229298,500000,5,43
101863,Natalia Claudia Ospina Gutiérrez,25000000,19480744,$ 0,0,55
102475,Rafael Caro-Quintero,18000000,12514823,6400000,7,16
100290,Fernando Navarro Silva,9500000,4675827,6400000,9,53
101424,Paula García López,7200000,5782404 COP,0,0 cuotas,74
102468,Gonzalo Mejía Ospina,$5000000,3518623,1200000,10,69
101622,Alex Nain Saab Moran,7200000,3631242,3500000.00,7 cuotas,20
102083,Camilo Ricardo Suárez Rojas,,7516968,0.00,0.0,46
100103,Patricia Lucía Moreno Vargas,2500000,"$ 1,725,672",0 COP,,25
103313,"CABELLO RONDON, Diosdado",50000000,24696200,0 COP,0,70
100149,Mariana Restrepo Martínez,12000000,6360657,$ 0,0,17
101833,Adriana Adriana Gómez Castro,18000000,$12940252,0,0,38
100937,"ZAHHAR, Mahmoud Khaled","$ 3,500,000",$1506072,1200000.00,4,61
101475,Paula Felipe Mejía Arias,,14618796.00,0,0,22
100878,Javier Paula Ortiz Ortiz,25000000 COP,$17582249,,0,34
102326,Diego Ospina Morales,5000000,"$ 3,155,043",,3,65
103513,Juliana Luis Torres Ramírez,$12000000,10474390,$ 0,0,72
103790,,25000000 COP,14743193.00,$ 0,0 cuotas,
101496,Patricia Camila Suárez Suárez,18000000,$13064183,$ 0,0,41
100558,Diego Diana Sánchez Suárez,9500000.00,8430965,6400000,12,40
100854,Natalia Esteban Silva Navarro,5000000,3382411 COP,$ 0,0,28
102454,Gonzalo Gómez Ortiz,2500000.00,1632081,"$ 6,400,000",6 cuotas,41
101483,"CABELLO RONDON, Diosdado",2500000,1148079,0 COP,0,15
100196,Rafael Caro-Quintero,18000000,15185544,,0,76 años
100302,Carlos Diego Mendoza Díaz,$3500000,1570085,0 COP,0,37.5
100359,Jorge Sánchez Mendoza,"$ 12,000,000",9723159,0,0,14.5
102174,Mateo Ramírez Romero,5000000.00,"$ 4,468,818",500000,3,35 años
103492,Gabriel Juan Torres Restrepo,,15860476,500000,3,56
102725,"GUZMAN LOERA, Joaquin",$3500000,2388828,1200000 COP,2,14
102968,Gabriel Mateo Romero Hernández,50000000,20814360.00,$1200000,3,74 años
100873,Javier Silva Pérez,3500000,2034431,0,0,51
100258,"AL-ZAZA, Ziad",5000000,,$ 0,0,31
101693,Gabriel Torres Ortiz,35000000,23861422 COP,0.00,,61.5
103471,Valentina García Arias,7200000,"$ 6,441,518",0,0,77
102920,Tareck Zaidan El Aissami,2500000,2074544,0.00,0,14
100716,Felipe Esteban Ospina González,"$ 35,000,000",18984648.00,0.00,0,50 años
100757,Gabriel Claudia Morales Martínez,"$ 18,000,000",,6400000,3 cuotas,16
103572,Gabriel Lucía Restrepo Sánchez,5000000,$3480238,"$ 12,000,000",,72
102301,"LUKASHENKO, Aleksandr",7200000 COP,6415748,12000000.00,1,27
102173,Ana Daniela Díaz Jaramillo,9500000,$7375128,3500000,10.0,26 años
100064,Claudia María Vargas Hernández,35000000 COP,16638036,$500000,2,61
100731,"MADURO MOROS, Nicolas",35000000 COP,23735653,3500000,3,16.5
100296,Ismael Zambada Garcia,2500000,1147380,6400000,8,57
102464,Verónica Jorge Ospina Castro,50000000,39371849,,6,18
101043,,$18000000,"$ 11,045,978",0,0.0,19
102910,Sofía Diego Gómez Morales,3500000,2630233,0.00,0.0,29
102275,Javier Morales Restrepo,9500000,"$ 6,655,321",,0,72
103043,Daniela Sánchez Moreno,2500000,1455838,0,0 cuotas,29 años
100161,Andrés Jorge Díaz Sánchez,5000000.00,3669449 COP,"$ 500,000",3 cuotas,35
100940,Aleksandr Lukashenko,7200000.00,2975218,$ 0,0,46 años
100026,Paula Gabriel Morales Vargas,35000000,14262745.00,0 COP,0.0,21
101037,"CABELLO RONDON, Diosdado",25000000,22242774,0,0,29
100271,Jorge Gonzalo Navarro Rojas,12000000,7206988 COP,$ 0,0,32 años
100075,Ricardo Andrés Mejía Rojas,3500000,1554675,$500000,5,
100851,Mateo Pérez Torres,18000000,,0.00,0,46
103054,Ricardo Esteban Chávez Gómez,,2040549.00,$ 0,0,54 años
101355,Santiago Gabriel Vargas Díaz,35000000 COP,$20960027,$ 0,0 cuotas,
103540,Lucía Castro Pérez,12000000 COP,"$ 10,031,643",$ 0,0,64
102507,HAMAS,"$ 3,500,000",$1509890,$ 0,0,21
101041,José Castro Martínez,18000000 COP,11007462,0 COP,0,27
100125,Daniela Alejandro Ospina López,5000000.00,$3496981,12000000 COP,3,73.5
101667,Claudia Alejandro Romero Restrepo,$18000000,7490398 COP,$ 0,0,61
102401,María Carlos Gutiérrez Ramírez,9500000,7285940.00,0 COP,0,36
100500,Verónica Patricia Castro Ospina,7200000,3500608.00,0,,18
100545,Diosdado Cabello Rondon,50000000,"$ 35,996,181",6400000 COP,8,67
103773,"ABU TEIR, Mohammed",$7200000,3784612,0 COP,0,45 años
102440,Esteban Jiménez Castro,"$ 5,000,000",$2935904,500000.00,9,47
101896,Carlos Hernández Ortiz,12000000.00,9115119,0.00,,68.5
101131,Mateo Laura Valencia Navarro,18000000.00,14743970,0 COP,0,49
100482,Ricardo José Ramírez Hernández,7200000,4596504,0,0,63
102877,Andrés Ortiz Romero,35000000.00,"$ 27,846,296",$ 0,0,69
103016,Juan Gabriel Ortiz Ramírez,"$ 7,200,000","$ 3,683,558",0,0,19
102426,José Castro Valencia,18000000,14665633,1200000.00,10,20
100359,Jorge Sánchez Mendoza,"$ 12,000,000",9723159,0,0,14.5
102700,Diego María González Moreno,2500000,1207411.00,,5,40 años
101878,Aleksandr Lukashenko,9500000,4568563.00,0 COP,0,23
101150,,,23282084.00,$ 0,0,68
102594,Javier Andrés Ospina González,5000000.00,,12000000,3.0,48
102102,Diana Javier Valencia Romero,2500000.00,1114697,0.00,0,43
102356,Adriana Juliana Chávez Gutiérrez,12000000.00,5280918,1200000,6,58 años
102405,Adriana Torres Rodríguez,2500000,2202707.00,0 COP,0,
103561,Ricardo Gonzalo Ospina Chávez,$18000000,8712023,6400000.00,4,64
101166,Andrés Diego Morales Rojas,50000000 COP,$20424047,$ 0,0,16
101396,Alejandro Patricia Morales Rodríguez,7200000,4286880,"$ 500,000",4,16.5
101845,Ana Lucía Romero Hernández,5000000,3982297,12000000.00,3,
101255,Luis Silva Morales,5000000,4078688,$ 0,,59
102671,HEZBOLLAH,50000000,29032662,,0,70 años
102629,,,"$ 2,406,111",0.00,0,22
100055,Felipe Hernández Mendoza,$50000000,"$ 25,554,819",0,,47
101364,Mariana Ricardo Ramírez Romero,35000000 COP,20738384,1200000.00,2,49
100649,Andrés Esteban Hernández Castro,12000000,7199845 COP,0,0,49
100771,Ana Ana Silva Suárez,2500000,1596680,0.00,0.0,72
101507,Alejandro Gabriel Moreno Hernández,"$ 7,200,000",,3500000,,26
101683,Luis Valentina Silva Sánchez,12000000,9914889,0 COP,0,75
103137,Natalia Javier Navarro Sánchez,"$ 5,000,000",4143474,0.00,0,46 años
100121,Lucía Luis Navarro Valencia,35000000.00,$28722313,0 COP,0,20.5
102687,Nicolas Maduro Moros,,$14185932,0 COP,0,74
101519,Patricia Suárez Vargas,$18000000,11819531 COP,0 COP,0.0,61
100869,Alejandro Lucía González Navarro,"$ 9,500,000",7461502.00,$500000,5,37
101999,José Claudia Romero Ospina,3500000,1942796 COP,1200000 COP,2,58
101639,Mateo Vargas Gutiérrez,3500000,3088745 COP,0 COP,0,16
100613,Lucía Juan Vargas Vargas,7200000,"$ 4,535,160",$ 0,,36
101875,CHINA AEROSPACE SCIENCE AND TECHNOLOGY CORPORATION,7200000.00,5724140,$ 0,0 cuotas,66
101395,Nicolas Maduro Moros,3500000,1549987.00,0.00,0,27
101787,Patricia López Ospina,12000000.00,5400520,6400000.00,10,48
102257,Jamileh Abdullah Al-Shanti,5000000,2717577,0,0,29
103033,,,9576783,12000000,1 cuotas,35
100101,Ana Gómez Martínez,50000000 COP,32029341,0,0,23
101820,Carlos Romero Castro,18000000,8193025,0,0,25
103648,Jorge Fernando Gómez Torres,2500000,2016246 COP,0 COP,0,32
101726,Camilo Juan Pérez Díaz,18000000,14778600.00,,3,41
102011,Joaquin Guzman Loera 'El Chapo',,4885120 COP,,0,38
102845,Lucía Patricia Valencia Torres,2500000,$1744525,$ 0,0,22
102242,Mariana Patricia Jaramillo Mejía,"$ 9,500,000",4913665.00,0,0,
103176,Sofía Mariana Moreno Navarro,"$ 50,000,000",,,0.0,61
101633,HEZBOLLAH,25000000,$21073857,1200000,7 cuotas,18
100489,Esteban Luis Suárez Chávez,18000000,7649198.00,0,0,52
101737,"LUKASHENKO, Aleksandr",7200000,4525331,0 COP,0 cuotas,51
101251,Valentina Navarro Suárez,$9500000,8056462,0.00,0,81 años
103116,Camilo Sánchez Vargas,3500000,"$ 2,043,550",0,0.0,75.5
100347,Claudia Navarro Rodríguez,5000000,"$ 3,442,161",0,0,48.5
100004,Paula Valencia Mejía,"$ 2,500,000",$1954995,0,0,35
101914,Laura López Jaramillo,2500000,1362569,0,0,71
102998,,18000000,8945384,12000000.00,8,17
100275,Mateo Martínez Hernández,18000000,,0 COP,0,15
100208,"KIM, Jong Un",3500000,"$ 2,358,988",0 COP,0.0,17
100196,Rafael Caro-Quintero,18000000,15185544,,0,76 años
100048,Jorge Camila López Pérez,2500000,1963871.00,0.00,0,67
102621,Javier Ospina Jiménez,,1484013.00,,12,56 años
100619,Ricardo Díaz Moreno,$18000000,"$ 7,416,633",0,0 cuotas,66
101164,Juan Gómez Ospina,"$ 18,000,000",13380896 COP,0,0,36
100380,,3500000,1538445,$ 0,0,43 años
102185,Sofía González González,5000000,3829388,0 COP,0,17
101233,Mohammed Abu Teir,25000000,11100248,0,,17 años
102409,Mariana Pérez Hernández,"$ 3,500,000",,0.00,0,57
101819,Adriana Fernando López Moreno,3500000,2615321.00,0,0,54
101299,Sofía Romero Gutiérrez,18000000,10716787,1200000 COP,10,64
103731,Adriana Sánchez Morales,7200000.00,"$ 4,448,838",3500000,8,59
103352,Patricia Lucía Hernández Ortiz,"$ 50,000,000",34533858.00,0.00,0,48
100214,Laura Silva Valencia,18000000,15105490,0.00,0,69.5
100605,Luis Felipe Torres Hernández,"$ 5,000,000",4155008,,0,60 años
102239,Camila Ricardo Díaz Ospina,12000000,10128168,,0.0,17
101927,Natalia Arias Romero,9500000 COP,$7202261,0 COP,0,31
100424,Alejandro Esteban Ramírez Suárez,7200000,"$ 4,256,846",6400000.00,6,53 años
101876,Camila Restrepo Pérez,7200000,5661414,,0,44
103540,Lucía Castro Pérez,12000000 COP,"$ 10,031,643",$ 0,0,64
101141,Juliana Javier Jiménez Mendoza,,3013062,0.00,,37
102957,Gabriel Sánchez Ramírez,9500000.00,"$ 7,063,667",3500000.00,10,15.5
102717,,3500000,1898990,$ 0,0,60
103226,Diego Ortiz Chávez,25000000 COP,11517826.00,1200000.00,5,36
101677,,,2479627,3500000.00,10.0,17
103323,Mahmoud Khaled Zahhar,9500000,6928772,"$ 500,000",8,53.5
100537,Gonzalo Laura Suárez López,18000000 COP,12906159,$500000,6,73.5
103428,,,1128695,0.00,0.0,66.5
101164,Juan Gómez Ospina,"$ 18,000,000",13380896 COP,,0,36
102226,Laura García Morales,"$ 7,200,000",,12000000,3,23
100317,Camilo Gabriel Rojas Valencia,18000000,9470443,$ 0,0,74
102902,Alejandro Hernández Silva,2500000,$2139202,0.00,0,26.5
100701,Juliana Díaz Torres,"$ 50,000,000",34440859.00,12000000,7,59
103416,"TREVIÑO MORALES, Miguel Angel",35000000,25009317.00,0,0,21
101839,Ricardo Díaz Mendoza,"$ 18,000,000","$ 12,152,410",$ 0,0,51
103336,Diosdado Cabello Rondon,35000000.00,22883741,0 COP,0,14
100851,Mateo Pérez Torres,18000000,$13757449,0.00,0,46
100762,Javier Andrés Restrepo Jiménez,"$ 18,000,000","$ 15,633,532",0 COP,0 cuotas,17
100612,"SAAB MORAN, Alex Nain",5000000,2038889,12000000,2,48
101792,Paula Jorge Valencia Romero,35000000.00,"$ 20,193,871",$ 0,0,74
100994,Mateo Camilo Ramírez Suárez,12000000,4977753 COP,$ 0,0,56
101354,Mariana María Martínez Chávez,9500000,,0.00,0,44
103178,HAMAS,50000000,"$ 41,586,924",3500000,7,21
103341,Rafael Caro-Quintero,25000000,,0.00,0,51
101356,"ZAHHAR, Mahmoud Khaled",5000000 COP,3198414.00,,0,73
101200,Nicolas Maduro Moros,3500000 COP,,0 COP,,66.5
103561,Ricardo Gonzalo Ospina Chávez,$18000000,8712023,6400000.00,4,64
101140,Esteban Restrepo Mejía,$3500000,2965820 COP,0,0.0,72
102825,Jorge Vargas García,50000000,20464183 COP,0 COP,0,41
100979,Mariana Restrepo Díaz,18000000 COP,14606262,0 COP,,16
101999,José Claudia Romero Ospina,3500000,1942796 COP,1200000 COP,2,
102942,Carlos Claudia Valencia Ramírez,18000000 COP,"$ 10,961,726",$ 0,0,
100988,Claudia Camilo Castro Pérez,50000000,43728141,0 COP,0,14
101014,HAMAS,"$ 35,000,000","$ 29,334,095",6400000,2,30
101499,Luis Rodríguez Sánchez,"$ 12,000,000","$ 5,597,745","$ 3,500,000",4,36
100678,Diego Valencia Mejía,"$ 25,000,000",19872160,$1200000,7,23
101447,Juliana Ana Rodríguez Torres,25000000,18242631,0,0,20
100548,Juan Gonzalo Gutiérrez Suárez,"$ 3,500,000",2016486,$ 0,0,50
102824,Fernando Jorge Moreno Díaz,7200000,6338628,0 COP,0,44
101856,Mahmoud Khaled Zahhar,50000000,21842253,0.00,0,51
100379,Esteban Laura García Vargas,35000000,20771652,0,0,16
100165,Diana Verónica Jiménez Ortiz,"$ 35,000,000",16632647,0 COP,0,45
100232,Diego Torres Silva,50000000,,0.00,0,47.5
103017,Santiago Fernando Mendoza Gómez,35000000,18339095.00,,0,68.5
103369,Juan José Vargas Pérez,"$ 5,000,000",2930422,3500000,9,49
103789,Gonzalo Ana Rodríguez Mendoza,7200000,3224324.00,12000000,2,34 años
100033,Fernando Navarro Rojas,12000000 COP,8066795,0.00,0.0,24.5
101937,Sofía Jorge Chávez Romero,"$ 9,500,000","$ 5,213,081",0 COP,,14 años
100760,Jamileh Abdullah Al-Shanti,9500000,6443087,0.00,0,66
103167,"ABU TEIR, Mohammed","$ 9,500,000",$7320658,0,0,65.5
102295,Jorge Mendoza Silva,50000000,,0.00,0,15
103315,"PURI, Genaro",3500000,1542124.00,0,0,17
101314,María Pérez Moreno,"$ 50,000,000",38424426 COP,0.00,0,20
102003,Felipe Restrepo Navarro,"$ 18,000,000","$ 9,874,104",$ 0,0.0,45
102532,Alejandro Martínez Sánchez,50000000 COP,34888109,0,0.0,73
100093,"ZAMBADA GARCIA, Ismael",7200000,,$ 0,,43
101412,"AL-SHANTI, Jamileh Abdullah",5000000 COP,3779522.00,0.00,0,36 años
103096,Diego García Suárez,2500000,$1648237,,7.0,63
103156,Adriana José Martínez Hernández,50000000 COP,30016969.00,0,0,16
101634,Daniela Sofía Martínez Restrepo,"$ 2,500,000",1106468,0 COP,0,43
103136,,,"$ 10,669,024",$ 0,,51
102141,Juliana Restrepo Gómez,3500000.00,1768867,0,0,
100885,"AL-ASSAD, Bashar",3500000,1992170,$ 0,0,15
102552,Juliana Fernando Mendoza Castro,9500000,6131074,500000,11,15
102018,"PURI, Genaro",2500000,1620250.00,3500000,1,43
101295,Jorge Arias Valencia,5000000.00,3904878,0 COP,0,64 años
101754,Ricardo Felipe Romero Hernández,,14685840,1200000 COP,9,15
102178,Esteban Valentina Torres Gutiérrez,2500000,1183265.00,0,0,60
102118,,3500000,1490786.00,12000000,9,38
100533,Claudia Mejía Suárez,"$ 5,000,000","$ 4,117,401",0 COP,0 cuotas,67 años
101467,Mariana María Sánchez Chávez,"$ 2,500,000",$1237346,$ 0,0,
102228,Patricia Natalia Valencia Vargas,9500000,"$ 6,143,565",0.00,0,53
102207,HAMAS,2500000,1864785,0,0,22.5
103065,Esteban Adriana Rojas Mendoza,12000000,10677884,,0.0,78 años
102051,Daniela Patricia Vargas Navarro,"$ 12,000,000",5338970 COP,12000000,10,62
100812,Camilo Patricia García Castro,9500000,4829828,$ 0,0,32
100945,Mahmoud Khaled Zahhar,,3337614,,1,84 años
103276,Mateo Felipe Gutiérrez Díaz,12000000 COP,7418363,0.00,0,40
103046,Ricardo Mariana Mendoza Torres,18000000.00,9570385 COP,0.00,0 cuotas,18
103235,Ana Gonzalo Valencia Rodríguez,3500000,2377102,0,0,34
100285,Laura Camila Silva Navarro,25000000,16640697.00,3500000.00,5.0,15
100773,Juan Chávez Rojas,"$ 25,000,000",13257150.00,0.00,0,38 años
101248,Verónica Alejandro Jiménez Sánchez,25000000,20265727,0,0,17
103038,Lucía Fernando Ramírez Pérez,9500000 COP,8477382,0.00,0,37
100459,Andrés Santiago Gómez Gómez,"$ 50,000,000","$ 29,565,473",0,0,19
101282,Diego Diego Jiménez Pérez,2500000.00,,500000,,17
101730,"AL-SHANTI, Jamileh Abdullah","$ 5,000,000",4315129.00,0 COP,0,33
101905,María Valencia Gómez,18000000,13360434 COP,0 COP,0,70
103507,Jorge Claudia Gutiérrez Restrepo,"$ 2,500,000",1654145,"$ 12,000,000",1,27
102923,Diosdado Cabello Rondon,25000000,11042327.00,6400000.00,5,30
103520,Gabriel Fernando Gutiérrez Arias,$12000000,5686841 COP,0.00,0 cuotas,54
101698,Nicolas Maduro Moros,50000000,37445362 COP,6400000.00,12 cuotas,17
103423,José Ramírez García,5000000 COP,2500218.00,$ 0,0 cuotas,39
102980,Claudia Martínez Navarro,50000000.00,30639623.00,12000000,1.0,69
100422,"ABU TEIR, Mohammed",18000000,$15446626,0,,21
100871,Ricardo Silva Mejía,18000000.00,,0,0,50.5
102291,"ABU TEIR, Mohammed",5000000,"$ 4,023,803",0.00,0,40
101369,Diana Alejandro Gutiérrez Vargas,$50000000,$22316410,$ 0,0 cuotas,14
101978,Juan Juliana Mendoza Silva,35000000,"$ 17,628,479",$ 0,0.0,21
103729,Juan Restrepo Romero,5000000,4026892,$ 0,0,15
103104,Natalia Mateo Silva Navarro,5000000,"$ 3,645,348","$ 6,400,000",11,
100773,Juan Chávez Rojas,"$ 25,000,000",13257150.00,,0,38 años
102161,Juan Gabriel Mejía Martínez,25000000,18476506 COP,$ 0,0,15
102042,Daniela Díaz Navarro,$3500000,1777170,3500000,7,16
102432,Joaquin Guzman Loera 'El Chapo',"$ 35,000,000",25880681,0.00,0,68
100242,Mariana Camila Arias Moreno,3500000.00,"$ 2,840,029",0 COP,0 cuotas,36
101476,Diego Claudia Jiménez Castro,,,0 COP,0,31
102365,Gabriel Esteban Mejía Torres,50000000,23817011,0.00,0,58
100735,Andrés Ana Vargas Restrepo,,,0 COP,0.0,42.5
102716,"AL-ZAZA, Ziad",18000000.00,7863051,,0,18
103086,Gabriel López Ospina,12000000,10368758,0.00,0,51
101904,Alejandro Torres Rojas,35000000,29524239.00,500000.00,10,14
103442,Javier Juan Martínez Moreno,3500000,"$ 3,129,764",0.00,0,55
100889,Valentina Restrepo Ortiz,7200000,5642613,$ 0,0,16
102036,Adriana Santiago Gutiérrez Mendoza,,8751779 COP,0.00,0,
103317,"SAAB MORAN, Alex Nain","$ 2,500,000",,6400000 COP,6.0,15.5
101028,Carlos Ricardo Torres Morales,9500000.00,8462041,$ 0,0,60
102796,Laura Juan Martínez Martínez,9500000,5031931,$ 0,0,30
101503,Joaquin Guzman Loera 'El Chapo',3500000.00,2375516,0 COP,0,32
100413,Daniela José Ramírez Silva,$9500000,"$ 6,184,904",0 COP,0,19
103660,Andrés Arias Ospina,2500000.00,"$ 2,222,791",6400000,12,52
102004,Ricardo Felipe González Romero,9500000,7419923,$ 0,,31
100123,Alejandro Gonzalo Ospina Mejía,50000000,,$ 0,0,67
102139,Jong-Un Kim,18000000,$10618975,6400000,3,49
102603,Claudia Camilo Ortiz Silva,2500000.00,1121052,,0.0,18
100093,"ZAMBADA GARCIA, Ismael",7200000,5803168,$ 0,0,43
100523,Ana Gutiérrez Navarro,12000000,5863948.00,0 COP,0,23
100914,Camilo María Navarro Ospina,5000000 COP,3894423,3500000,2,36
103647,Jorge Mejía Martínez,2500000,1522214 COP,0,0,27.5
101561,Andrés Jiménez Navarro,"$ 7,200,000",6276771.00,0 COP,,16
102443,Mariana Arias Ortiz,"$ 3,500,000",,6400000,2,15
102305,Mariana Gabriel Gómez Ortiz,"$ 18,000,000",$15082970,"$ 6,400,000",6,41
102103,HEZBOLLAH,"$ 50,000,000",21669852,$ 0,0,28
103015,"MADURO MOROS, Nicolas",,2448106,$ 0,0,54
100839,Verónica Torres Ramírez,9500000,5994232,0,0.0,51
101745,Mariana Morales García,9500000,7276633,0 COP,0,63
101238,"ABU TEIR, Mohammed",3500000 COP,2727324.00,,0.0,47
100851,Mateo Pérez Torres,18000000,$13757449,0.00,0,46
102580,Valentina Adriana Moreno Romero,,$25370201,0.00,0 cuotas,72
101198,Nicolas Maduro Moros,9500000.00,4180496,0,,14
101433,Rafael Caro-Quintero,2500000,1051293,0.00,0,
102820,Santiago Carlos Restrepo Castro,7200000,,500000,8.0,61
101593,Alejandro Javier Vargas Jiménez,12000000,$7735079,0 COP,0,28
101822,Ricardo Mariana Pérez Gutiérrez,35000000.00,22050106,0,0,49
101618,José Valencia Suárez,$25000000,21473774,0,0,68
100910,"AL-ASSAD, Bashar",9500000.00,7899649 COP,0,0,37
101592,Diana González Moreno,3500000,2348606,0.00,0,83 años
102547,Mateo Natalia Jaramillo Díaz,18000000,,0 COP,0,29
101882,Sofía Patricia Valencia Rojas,$7200000,"$ 3,562,753",0 COP,0,45
103090,Camila Jiménez López,18000000,$9801862,$ 0,0,31
103226,Diego Ortiz Chávez,,11517826.00,1200000.00,5,36
103461,Nicolas Maduro Moros,$25000000,"$ 14,700,775",6400000 COP,8,43.5
102111,Andrés Ospina Martínez,"$ 12,000,000",9932443.00,12000000,1,33
103217,Miguel A. Treviño Morales,12000000,8710233,12000000,2.0,
103506,Juan Mendoza Moreno,5000000,3290664,500000.00,10,15
100776,"GUZMAN LOERA, Joaquin",9500000,,12000000.00,6,56.5
100333,Fernando Torres Jiménez,,30453954,0.00,0,15 años
102629,,3500000,"$ 2,406,111",0.00,0,22
100342,Natalia González Restrepo,$12000000,9719269,$3500000,3,69
102304,Claudia Santiago Ramírez López,50000000,35558393 COP,$500000,,38
101929,,,3933642.00,0.00,0,79
100279,Patricia Daniela Navarro González,"$ 3,500,000","$ 2,124,793",6400000 COP,7,31
102661,Valentina Sofía Jaramillo Torres,5000000,2971257.00,0.00,0,19 años
100451,Daniela Diana Mejía Díaz,35000000.00,17936363 COP,0,0,59
100801,Felipe Fernando Suárez Valencia,,10741735.00,0.00,0 cuotas,45
103227,"AL-ZAZA, Ziad",5000000 COP,"$ 2,689,124","$ 6,400,000",10 cuotas,33
103610,Jong-Un Kim,50000000.00,30331394,"$ 1,200,000",12,68
100668,Camila Gonzalo Jaramillo Mejía,7200000,,0.00,0,56
102822,Bashar Al Assad,50000000,"$ 36,674,838",,0,62
101051,María Luis Mejía González,35000000,"$ 20,326,358",$ 0,0,17
100047,Miguel A. Treviño Morales,3500000,$1566930,0.00,0,69
101074,Adriana Ramírez Ospina,$9500000,4202868.00,$ 0,0,37
101056,HEZBOLLAH,9500000,6094842,0 COP,0,72
103520,Gabriel Fernando Gutiérrez Arias,$12000000,5686841 COP,0.00,0 cuotas,54
101860,"AL-SHANTI, Jamileh Abdullah",18000000.00,12008662.00,"$ 12,000,000",8,36
100569,María Mendoza Mejía,"$ 18,000,000",11459185.00,0 COP,0,49
103204,"KIM, Jong Un",9500000,$6928685,0 COP,0,19
101783,Diana Daniela Ramírez Navarro,18000000,14673658,0.00,0 cuotas,18 años
100511,Esteban Mateo Jaramillo López,"$ 18,000,000",15147343 COP,$ 0,0,40
103366,Jong-Un Kim,25000000,10607617.00,500000.00,12,47
100620,Claudia Castro Jiménez,50000000.00,25221644,0 COP,0,56
101853,Sofía Chávez Romero,3500000,"$ 1,865,949",0,0,84
103143,Carlos Jorge Jiménez Castro,50000000,39739836 COP,0,0,63
102719,Gonzalo Javier Morales Castro,3500000,2799634,6400000,1 cuotas,
100348,Valentina María Gutiérrez Rojas,5000000,3643907.00,,12,18
103247,China Aerospace Science & Tech Corp,2500000.00,$2083469,6400000,7,38 años
102845,Lucía Patricia Valencia Torres,2500000,$1744525,$ 0,0,22
103097,"PURI, Genaro",12000000 COP,"$ 5,196,694",6400000 COP,11,73
100888,Jamileh Abdullah Al-Shanti,18000000,"$ 8,112,863",0,0,55
100616,Gabriel Verónica Castro Gutiérrez,"$ 2,500,000",2119705,$ 0,0,38
101849,"PURI, Genaro",$18000000,,6400000,1,14.5
103067,Adriana Juliana Torres Castro,35000000,30323748,0.00,0,39
100829,Miguel A. Treviño Morales,5000000,2343676.00,$ 0,0.0,62.5
101031,Camila Alejandro López Gutiérrez,"$ 5,000,000","$ 2,852,519",0,0 cuotas,70 años
101624,Tareck Zaidan El Aissami,25000000.00,,12000000.00,2,14
102894,José Vargas Pérez,12000000,6510387,0 COP,0,20
101283,China Aerospace Science & Tech Corp,7200000,4385991,3500000.00,4.0,70
101622,Alex Nain Saab Moran,7200000,3631242,,,20
100015,,50000000 COP,31152585,$ 0,0,33
101443,Ana Valencia Jiménez,9500000,7320198,,0,
103482,Juan José Rodríguez Pérez,12000000.00,9267081,0,0,
103633,"LUKASHENKO, Aleksandr",12000000,,0,0,68.5
103056,Diego Rodríguez López,5000000.00,2512573.00,$ 0,0,51
102567,Mohammed Abu Teir,35000000,29709565.00,0,,62
101500,Daniela Camilo Chávez Martínez,9500000,4236549 COP,$ 0,0,
103767,Andrés Javier Jaramillo Díaz,"$ 50,000,000",40565891.00,"$ 500,000",11 cuotas,49
100056,Camila Luis Rodríguez García,12000000,$10356251,0 COP,0,79
101268,Santiago Chávez Vargas,50000000,25981351,$ 0,0.0,16
100051,Natalia Jaramillo Torres,7200000,3814949,0.00,0,67
100492,Nicolas Maduro Moros,"$ 35,000,000",14865828 COP,3500000.00,10,80
101969,Juliana Rodríguez Valencia,35000000 COP,"$ 22,848,760",0 COP,0,
102956,Sofía Valentina Gómez Silva,"$ 9,500,000",5659221,0 COP,0,
103686,Valentina Díaz Castro,9500000,6209965,$ 0,0 cuotas,64
101033,,3500000,2402468,0,0,
101439,José Silva Restrepo,35000000,18225232.00,0.00,0,68
101257,Diana Fernando Ramírez Moreno,"$ 35,000,000","$ 23,709,126",,0,47
103023,Jorge Lucía Gómez Valencia,35000000.00,19569442,1200000,6,65
102046,Camilo Daniela Mejía Torres,5000000,3931156,0 COP,0,18
102002,"MADURO MOROS, Nicolas","$ 12,000,000","$ 9,818,562",$ 0,0,85
100854,Natalia Esteban Silva Navarro,5000000,3382411 COP,$ 0,0,28
101770,Juan Juliana Silva Vargas,2500000,1717412,0,0,21 años
100135,Gonzalo Claudia Jiménez Rodríguez,50000000,44589272.00,0.00,0,68
101690,,$18000000,14178603,0 COP,0,74 años
103277,Carlos Navarro González,25000000,18554797,0 COP,,75
102172,José Sofía Martínez Navarro,5000000,3583268,0.00,0,33.5
102392,,,5399256,0,0,40 años
101770,Juan Juliana Silva Vargas,2500000,1717412,0,0,21 años
100424,Alejandro Esteban Ramírez Suárez,,"$ 4,256,846",6400000.00,6,53 años
100485,Aleksandr Lukashenko,2500000.00,2114139,$ 0,0,61
100018,Jamileh Abdullah Al-Shanti,9500000,7766661.00,0 COP,0,17
100821,Patricia Camila Chávez Navarro,5000000,2776217,12000000,,75 años
101112,Luis Alejandro Jiménez Restrepo,,4093991,$ 0,0,44
103012,Fernando Chávez Moreno,25000000,19460352 COP,1200000,7,32 años
103448,Patricia José Moreno Moreno,$18000000,14475209,,7,46
103172,María Andrés Chávez Rodríguez,"$ 9,500,000",5035057.00,$ 0,0,15 años
102782,Valentina Luis Valencia Ortiz,12000000,7127534,0,0,39
101806,Patricia Rodríguez Gutiérrez,35000000.00,21114378,0.00,0 cuotas,71
100813,Camilo Jaramillo Silva,2500000.00,1457942,,0,62
101014,HAMAS,"$ 35,000,000","$ 29,334,095",6400000,2,30
101878,Aleksandr Lukashenko,9500000,4568563.00,0 COP,0,23
101287,Daniela Chávez Rodríguez,3500000 COP,2192111,$12000000,5,73
100827,Andrés Pérez Restrepo,"$ 7,200,000",$3419745,,0,75
103484,Santiago Verónica Valencia Suárez,50000000,44682478,,,78
102902,Alejandro Hernández Silva,,$2139202,0.00,0,26.5
102573,"CABELLO RONDON, Diosdado","$ 2,500,000",1216698,12000000.00,12,50
102424,Gonzalo Silva Chávez,"$ 3,500,000",1772034,0,0 cuotas,73
103535,Alex Nain Saab Moran,50000000,41940996,$ 0,0,49 años
103502,Natalia Jaramillo Morales,2500000 COP,1373530,0 COP,,57
102974,Camila Camila Ospina Rodríguez,2500000,1716296.00,3500000,,50.5
102607,,7200000.00,,0.00,0.0,70
102334,Carlos Suárez Vargas,18000000 COP,10825032,0,0,52
102040,Camilo Laura Morales Gutiérrez,5000000,3644652,$ 0,0,66
103461,Nicolas Maduro Moros,,"$ 14,700,775",6400000 COP,8,43.5
103118,Verónica Ospina Morales,7200000,6370008.00,0.00,0,72
101894,Lucía Ana Castro Romero,25000000.00,$13349199,0 COP,0.0,31
100756,Lucía José Navarro González,,"$ 10,449,518",,0,49
101006,Valentina Hernández Ospina,35000000,"$ 28,949,263",0 COP,0,37
102256,Adriana Patricia Rojas López,25000000,12390122,6400000,11,71 años
101888,Juan Vargas López,3500000,,0.00,0,41
100651,Lucía Ana Sánchez Romero,50000000.00,$28000000,$ 0,0,66
102459,Patricia Juan Moreno López,5000000,"$ 2,894,361",$ 0,0,16
103290,Carlos Juan Valencia Sánchez,$7200000,3485934,0 COP,0,33
100853,Ana Ricardo Hernández Rodríguez,,4217700,0.00,0,23
100090,"CABELLO RONDON, Diosdado",18000000,14706579,$ 0,0,72
103105,Mahmoud Khaled Zahhar,25000000.00,13656694,0.00,0,28
103581,"LUKASHENKO, Aleksandr",7200000.00,"$ 5,245,931",0,0,29 años
100890,Fernando María Díaz Ramírez,,,0 COP,0,42
103403,Sofía Camilo Torres Rojas,$18000000,14609958.00,0,0.0,36
100595,Natalia Juliana Díaz Mejía,5000000,2550158,0,0.0,33
103566,,50000000,44260767,0.00,0.0,
102423,Camilo José Jiménez Jiménez,"$ 50,000,000","$ 21,415,350",$ 0,0 cuotas,32
100423,Sofía Jaramillo Chávez,12000000.00,7972590,0 COP,0.0,72
102090,Fernando Diana Hernández Rodríguez,$25000000,10695360,0 COP,0,63
102439,"AL-ASSAD, Bashar",25000000,18992009,0.00,0,32
103517,,9500000,8299455.00,0 COP,0,19 años
102019,Alejandro Valencia Mejía,25000000,,0,,22
103487,Gonzalo Luis Mendoza Silva,25000000,13571854,3500000,12,
103580,"AL-ZAZA, Ziad",25000000,12022928,0.00,0,46
101746,Mateo Patricia González Restrepo,12000000,8299113.00,$ 0,,47
102400,Mohammed Abu Teir,5000000,"$ 2,686,921",0,0,19
101233,Mohammed Abu Teir,25000000,,0,0,17 años
103346,"TREVIÑO MORALES, Miguel Angel",2500000,"$ 1,461,149",0.00,0,
101377,Daniela Diana Torres Pérez,50000000.00,27227647,0,0,50
102286,Natalia Camila Sánchez Restrepo,35000000,17676712.00,0,0 cuotas,82
101235,"LUKASHENKO, Aleksandr",50000000,22123925,0,0,67.5
101517,Mateo Juan Díaz Hernández,50000000.00,26445913.00,0 COP,0,14
101871,"PURI, Genaro",5000000,2594488,12000000.00,1,83
102792,Javier Moreno Jiménez,$12000000,7719021,500000,4.0,42 años
100360,Camilo Juliana Moreno Rodríguez,50000000.00,36176017.00,0,0,14
100179,Natalia Adriana Valencia Mejía,5000000,"$ 4,228,242",0,0 cuotas,71
102898,José Camila López Gutiérrez,3500000,2056097 COP,$ 0,0,41
102726,Verónica Camila Moreno Ortiz,5000000,4085270 COP,0,0,17
102292,,,7642928,0,0,72
101770,Juan Juliana Silva Vargas,2500000,1717412,0,0,
101204,Carlos Ricardo Pérez Vargas,25000000,"$ 10,088,035",0,0 cuotas,69
101896,Carlos Hernández Ortiz,12000000.00,9115119,0.00,0,
102797,Lucía Mariana Hernández Pérez,5000000,3473699.00,0.00,,15
101253,Diana Juan Mejía Morales,"$ 25,000,000",13555287.00,0 COP,0,44
103309,HAMAS,"$ 2,500,000","$ 1,714,993",0,0,73
103136,,12000000,"$ 10,669,024",,0 cuotas,51
102361,Diana Valentina Chávez Ramírez,18000000,$9763261,$500000,7 cuotas,65
100760,Jamileh Abdullah Al-Shanti,9500000,6443087,0.00,0,66
100834,Tareck Zaidan El Aissami,$2500000,$1782240,0,0.0,84
103224,Gonzalo Gabriel Martínez Chávez,18000000.00,13152176,3500000,1,60.5
102300,Mateo Pérez Ramírez,5000000,3748693,0 COP,0,51
102617,Gabriel Suárez Silva,"$ 2,500,000",1863353,$ 0,0,
100149,Mariana Restrepo Martínez,12000000,6360657,$ 0,0,17
103275,Santiago Mendoza García,5000000.00,4483541 COP,$ 0,0,59
103544,Adriana Patricia Ospina González,7200000,6467557,0 COP,0,
101674,Luis Torres Moreno,35000000 COP,31087378,$3500000,10,15
100768,Gonzalo Pérez Chávez,7200000,3240540.00,$ 0,0,67
102750,Lucía Sofía Vargas Mejía,3500000.00,"$ 2,318,395",$ 0,0,40
100177,Carlos Adriana García Mejía,35000000,,"$ 6,400,000",1,20
102531,"CARO QUINTERO, Rafael",,4232793.00,500000 COP,5,29
103284,Paula Lucía González Sánchez,12000000,9904990.00,$ 0,0,32.5
102570,"PURI, Genaro",25000000 COP,10632971,0 COP,0,25
101753,,25000000.00,15165054,$ 0,0,69
103291,Mariana Camila Ospina Sánchez,"$ 2,500,000",1758877.00,0.00,0 cuotas,74
101816,María Pérez Ramírez,3500000.00,2701395,,0,67
101645,Natalia Gabriel Restrepo Valencia,"$ 2,500,000",2012641.00,12000000 COP,3,35 años
101385,Diego Mateo Ortiz Castro,3500000,2221933.00,0.00,0,61.5
101862,Miguel A. Treviño Morales,12000000.00,$9007729,6400000,8,55.5
101307,Lucía María Restrepo Gómez,9500000.00,7620408,$ 0,0,27
101494,Gabriel Ospina Jaramillo,25000000 COP,,$12000000,4,
101116,Rafael Caro-Quintero,7200000,$5829849,,0,69
101355,Santiago Gabriel Vargas Díaz,35000000 COP,$20960027,$ 0,0 cuotas,72
102892,Ana Jorge Martínez Chávez,5000000.00,2160580,1200000,2,32
102349,,12000000,5799763 COP,500000,9,49
103191,Javier Mariana Vargas Suárez,5000000,3826236,$ 0,0,29
103129,Adriana Jiménez Rodríguez,25000000 COP,12885272,0,0,25
100489,Esteban Luis Suárez Chávez,,7649198.00,0,0,52
103393,Gabriel Esteban Castro Navarro,,21568757.00,0 COP,0.0,70
100379,Esteban Laura García Vargas,35000000,20771652,0,0,16
100150,Diego Valencia Romero,25000000,"$ 12,732,872",$ 0,0,26
102808,Sofía Gabriel Romero González,"$ 12,000,000",10521555,500000,2,38
102411,Juan Moreno Gutiérrez,"$ 5,000,000",2683175 COP,0.00,0 cuotas,62
102884,Gabriel Gutiérrez Martínez,50000000,21884071.00,"$ 1,200,000",6,69
102338,José Lucía Sánchez Castro,18000000 COP,11405992,$ 0,0,34
100736,Daniela Carlos Chávez Navarro,"$ 5,000,000",3503549,0,0,46
101843,Diosdado Cabello Rondon,5000000,3412337.00,$ 0,0,79
102099,Daniela Luis Sánchez Restrepo,$9500000,"$ 4,229,733","$ 3,500,000",11,79
103336,Diosdado Cabello Rondon,35000000.00,22883741,0 COP,0,14
102046,Camilo Daniela Mejía Torres,5000000,3931156,0 COP,0,18
100346,Santiago Chávez López,25000000 COP,12446446,$ 0,0,22
102652,"SAAB MORAN, Alex Nain",3500000,2533491 COP,$3500000,7.0,14
101598,Mariana Hernández Romero,25000000,"$ 21,379,775",$ 0,0,69
103544,Adriana Patricia Ospina González,,6467557,,0,44 años
100183,Ricardo Suárez Ortiz,25000000,19192856,$ 0,0,
102217,Laura Carlos Arias Arias,"$ 50,000,000",26091272 COP,0 COP,0,22.5
102487,Mariana Claudia Hernández González,18000000,,0 COP,0,35
101527,Verónica Daniela Valencia Morales,35000000,"$ 16,918,185",0.00,0 cuotas,32
103166,Natalia Luis López Ortiz,7200000,5416458,$500000,4,73
103317,"SAAB MORAN, Alex Nain",,1061923,6400000 COP,6.0,15.5
100871,Ricardo Silva Mejía,18000000.00,11586438 COP,0,0,
102627,María Juan Pérez López,,"$ 13,921,156",0 COP,0 cuotas,14
100728,Natalia Jiménez Jiménez,50000000,28918414,$ 0,0,40
100763,Verónica Sánchez Sánchez,3500000,2173418 COP,0,0,57
100500,Verónica Patricia Castro Ospina,7200000,3500608.00,,0,18
100338,Juan Díaz Pérez,35000000,29824897,1200000,12,50
103426,Gabriel Claudia Valencia Romero,9500000,"$ 8,033,391",3500000,11,14
100834,Tareck Zaidan El Aissami,$2500000,$1782240,0,0.0,84
102825,Jorge Vargas García,50000000,20464183 COP,0 COP,0,41
103002,Patricia Ramírez Rojas,$50000000,26470516,6400000,3 cuotas,59
100817,Mateo Chávez Castro,$7200000,5378381,0.00,0,16 años
100067,Lucía Juliana Chávez Ospina,35000000,"$ 19,083,914",$ 0,0,52
103218,Claudia González Martínez,9500000 COP,6956080 COP,0,0 cuotas,26
101140,Esteban Restrepo Mejía,$3500000,2965820 COP,0,0.0,72
100637,Camilo Santiago López Suárez,25000000,15343896,12000000,5,26 años
100365,Fernando Ana López Castro,5000000,,1200000,7,28
101574,Juliana Lucía Rodríguez González,3500000,2835002.00,0 COP,0 cuotas,56
103401,Andrés Jiménez Vargas,25000000.00,10328550,0.00,0,26
100016,Santiago Gutiérrez Mendoza,2500000.00,1718922,0,0,72
101568,Ziad Al Zaza,3500000,2449620,0,0,42
103260,Jorge Juan Suárez Chávez,5000000 COP,4234584,$3500000,,
100546,Natalia Mariana Gutiérrez López,7200000,,0 COP,0,84
100677,Valentina Esteban Mejía García,"$ 12,000,000",$5716213,0.00,0,42
102721,"CABELLO RONDON, Diosdado",9500000,4974970,0 COP,0,51
102761,Gonzalo Juan Pérez Ortiz,35000000,"$ 18,675,521",0 COP,0 cuotas,39.5
102446,Miguel A. Treviño Morales,9500000 COP,4626006,0.00,0,82.5
102247,Laura Carlos Mejía García,7200000 COP,4185893,0 COP,0 cuotas,16
102664,Camila Sánchez González,50000000,33605446 COP,0 COP,0,32
100886,Diana Torres Chávez,7200000.00,$5533212,0 COP,0.0,
101316,Diana Díaz Arias,,1117234.00,$ 0,0,49
102536,Laura María Torres Martínez,50000000,$24105114,3500000 COP,7,35
102556,Gonzalo Sofía Castro Morales,"$ 12,000,000",7088235,3500000 COP,1 cuotas,33.5
101012,Jorge Navarro Mendoza,3500000 COP,2235954,,11,27 años
103722,Laura Ricardo Rojas Sánchez,2500000,1137554,1200000.00,2,73 años
103615,Mateo Martínez Valencia,25000000.00,13842172,6400000.00,1,72
102224,Santiago Gabriel Mendoza Vargas,50000000,"$ 35,842,641",0 COP,0,75
103414,Juliana Felipe Arias González,35000000,26614698,3500000,8,68
100990,Gonzalo Chávez Díaz,3500000,1922603,$ 0,0,74
102669,,18000000,12315149,0,0,50
102208,Lucía Javier Silva Martínez,3500000 COP,$2675062,$ 0,,69
100083,,18000000,13594253,12000000,11,84
103269,José Sánchez Navarro,"$ 2,500,000",1277296,500000.00,1.0,78 años
101988,Luis Juliana Morales Vargas,18000000,11530000 COP,500000,5,34 años
103297,China Aerospace Science & Tech Corp,"$ 9,500,000",5595360,$ 0,0,34.5
102113,Valentina Santiago Ospina Restrepo,9500000.00,7109240.00,$ 0,0,40
100323,Santiago Romero Torres,9500000.00,5038203,$ 0,0,45
101305,Lucía Camila Pérez Castro,2500000,,0 COP,0,62
103500,Patricia Camila Rodríguez Navarro,35000000 COP,"$ 26,137,306",12000000,3,81
101868,Ricardo Esteban Castro Moreno,12000000,"$ 7,812,290",0.00,0,62
100298,Gabriel Carlos Hernández Moreno,3500000,1837798.00,500000,1,23
100803,"ZAHHAR, Mahmoud Khaled",25000000,"$ 12,569,330",,0,75
103771,Mateo Moreno Sánchez,18000000,12877756,0 COP,0 cuotas,24
103097,"PURI, Genaro",,"$ 5,196,694",6400000 COP,11,73
102012,Esteban José Mejía Rodríguez,12000000,9531416,0.00,0 cuotas,26
101719,Nicolas Maduro Moros,2500000,1178484.00,500000 COP,6,53
102594,Javier Andrés Ospina González,5000000.00,2044973,12000000,3.0,48
102763,Camilo Jorge Moreno Silva,2500000,1230857 COP,$ 0,0.0,18
103068,Diana Díaz Valencia,2500000 COP,1844100,500000,2,39.5
100977,Sofía Silva Morales,12000000,5252327.00,500000,7,48
100109,Bashar Al Assad,9500000,7837164.00,0,0,14
103758,,"$ 50,000,000","$ 29,778,844",0.00,0,24
102120,Juan Mariana López Ramírez,5000000,4132201,,0,51
102326,Diego Ospina Morales,5000000,"$ 3,155,043",$500000,3,65
100084,Camila Navarro Pérez,9500000,6255620,0 COP,0,74
101256,Claudia Martínez Arias,2500000,1884095.00,0,0,35
100268,"AL-ASSAD, Bashar","$ 25,000,000",,0 COP,0,16
100193,Alejandro Diego Silva Ramírez,"$ 2,500,000",1119507.00,"$ 500,000",2,41
102444,"KIM, Jong Un",12000000.00,7188204,1200000.00,8.0,54
102929,Verónica García Mejía,7200000,3700169,0,0,32
102688,Luis Jaramillo Ospina,12000000,,3500000.00,3,64
102075,Mateo Castro Rojas,3500000.00,1406735,$1200000,9,43
103392,Sofía Silva Arias,3500000,$1715805,0 COP,0,83
101015,HEZBOLLAH,"$ 9,500,000",4378902,$ 0,0.0,68
103142,José Diego Castro García,50000000.00,29507255.00,0.00,0 cuotas,44
103688,Rafael Caro-Quintero,2500000.00,1216578,1200000,12 cuotas,57
102761,Gonzalo Juan Pérez Ortiz,35000000,"$ 18,675,521",,0 cuotas,39.5
103026,Gonzalo Alejandro Ortiz Valencia,5000000,2538688,6400000,8.0,48
102795,Claudia Moreno Moreno,25000000,17958217 COP,$ 0,0,79
101867,Fernando María Valencia Arias,50000000,31797442,,0,58
103032,Diana Ramírez Ramírez,$2500000,1171640,0 COP,0,31
100511,Esteban Mateo Jaramillo López,"$ 18,000,000",15147343 COP,$ 0,0,40
102842,Carlos Castro Castro,2500000.00,,0.00,0,62
103152,Ismael Zambada Garcia,9500000.00,8092737,3500000,9,45
102056,Diego José Navarro Romero,35000000,22808261,$12000000,9 cuotas,
101898,Claudia Patricia Gómez Restrepo,7200000,5045976,$ 0,0,73
102617,Gabriel Suárez Silva,"$ 2,500,000",1863353,$ 0,0,14 años
101811,HEZBOLLAH,12000000,8176323,0.00,,
100091,Mariana Diana Pérez Valencia,18000000,8423138.00,0 COP,,66
102095,Jamileh Abdullah Al-Shanti,50000000,42903059,,0,58
100680,Camilo Pérez Morales,"$ 9,500,000",5658148,0 COP,0,17
101110,"SAAB MORAN, Alex Nain",5000000,2721358 COP,"$ 6,400,000",7,55
103328,Daniela Javier Mendoza Rodríguez,18000000.00,"$ 8,345,536",$ 0,0,53
101056,HEZBOLLAH,9500000,6094842,0 COP,0,72
100419,Andrés Gómez Mejía,18000000.00,11644687,0,0,30 años
100723,Lucía Castro Navarro,5000000,3174411.00,,0,70
102295,Jorge Mendoza Silva,50000000,32392653.00,0.00,0,15
100445,HAMAS,"$ 18,000,000",15758119.00,3500000 COP,4,59
103485,Ricardo Jorge Restrepo Navarro,25000000 COP,12842518.00,3500000 COP,3,38.5
100245,Juliana Esteban Ramírez Romero,7200000,"$ 5,287,521",0.00,0,50
100798,Ricardo Camila Castro Ramírez,"$ 50,000,000","$ 38,801,268",$500000,6,58
101376,Sofía Alejandro Díaz Rodríguez,"$ 35,000,000",25476126,6400000,4,
101061,Ricardo Gabriel López Rojas,3500000,1538363 COP,12000000.00,5,22
101083,Natalia Navarro Gómez,"$ 9,500,000",4048895.00,0 COP,0,38
100035,HAMAS,2500000,2178731.00,0,0,28
103286,Alejandro Rodríguez Rodríguez,12000000,10127969,$ 0,0,29
102387,Verónica Ramírez González,7200000.00,3120008.00,6400000,5,48 años
103521,Daniela Felipe Jaramillo García,9500000,4178192.00,0.00,0 cuotas,53
102349,,12000000,5799763 COP,500000,9,49
102737,Mariana Esteban Ramírez Romero,7200000 COP,,,0,64
103070,Sofía Martínez Ortiz,5000000,2808286,,0,67
101883,Esteban María Restrepo Rodríguez,"$ 9,500,000",8396558,0,0,27.5
101376,Sofía Alejandro Díaz Rodríguez,"$ 35,000,000",25476126,6400000,4,24
102970,Alejandro Carlos Ospina Navarro,12000000,7260576,500000.00,2,14
103481,Felipe Laura Ortiz Ramírez,7200000,6181779,12000000.00,10,40
101587,Adriana Fernando Martínez Suárez,"$ 50,000,000",,$ 0,0.0,14
100165,Diana Verónica Jiménez Ortiz,"$ 35,000,000",16632647,0 COP,0,45
100947,,,"$ 28,813,409",6400000 COP,12,70
102897,Verónica Romero Ospina,35000000 COP,$24443837,,3,35
103248,Fernando Alejandro Moreno Díaz,25000000,"$ 22,369,681",0.00,0,23
102863,Claudia Ana Hernández Ospina,25000000,$20932676,12000000,8,27
102130,,$12000000,"$ 5,518,518",0.00,0,53.5
100490,"CARO QUINTERO, Rafael",18000000,"$ 8,166,925",6400000,12,20
103593,José Adriana García García,25000000.00,,0 COP,0,64
101018,María Paula López Navarro,"$ 9,500,000",3948703 COP,$ 0,0.0,45
100211,Luis Jorge Rodríguez Romero,3500000,1740702 COP,"$ 6,400,000",8,20
100789,Jorge Ramírez Jaramillo,9500000.00,"$ 4,016,554",$500000,2,52
102152,"TREVIÑO MORALES, Miguel Angel",3500000,1908642,0 COP,0.0,17
100707,,,11749000,0,0,19
102139,Jong-Un Kim,18000000,$10618975,6400000,3,49
100858,Gonzalo María Ramírez Gutiérrez,35000000,15594965 COP,0,0,22.5
101824,Diego Diana Ospina Romero,5000000,4234080.00,0 COP,0 cuotas,16
100274,Patricia Torres Jaramillo,$25000000,21514530.00,0 COP,0,20
102021,Jorge Ana Valencia Restrepo,2500000,1934987.00,3500000,3 cuotas,
102355,Juliana Gómez Jiménez,12000000,6614180,3500000,4,50 años
102773,Luis Gutiérrez Suárez,7200000,4756013,0 COP,0,39
101263,Felipe Torres Morales,"$ 18,000,000",7747229,0 COP,0 cuotas,74 años
103591,Patricia Felipe González Mejía,50000000 COP,22492233,$6400000,2 cuotas,60
101050,Fernando Suárez Valencia,5000000,"$ 3,956,727",0,0.0,25
101108,Mateo Natalia Hernández Valencia,2500000 COP,1201964.00,$ 0,0,47
100375,José María Jaramillo Navarro,35000000,25955709 COP,0,0,61
100296,Ismael Zambada Garcia,2500000,1147380,6400000,8,57
101011,Claudia Torres Chávez,9500000 COP,5306290 COP,12000000 COP,4,52
100822,"PURI, Genaro",18000000,8887700.00,,0.0,49
102737,Mariana Esteban Ramírez Romero,7200000 COP,3304168 COP,0.00,0,64
100756,Lucía José Navarro González,,"$ 10,449,518",0 COP,0,49
100958,Diego Paula Sánchez Romero,18000000.00,8299028,1200000,2 cuotas,57.5
102210,"PURI, Genaro",12000000,6106769.00,0.00,0,15
100828,Andrés Valentina Moreno Rojas,3500000,2191772.00,6400000,4,69
102999,Esteban Diego Jaramillo López,5000000 COP,3419495.00,500000,3.0,29
101745,Mariana Morales García,9500000,7276633,0 COP,0,63
100208,"KIM, Jong Un",3500000,"$ 2,358,988",0 COP,0.0,17
102704,Diego Carlos García Suárez,50000000.00,28232118,$12000000,11 cuotas,
102899,Ricardo Camila Sánchez Gómez,,,1200000,3,53
103114,Juliana Daniela Martínez Gómez,,27285710,0.00,0,49
100709,Jorge Patricia González Jaramillo,12000000,"$ 5,803,324",$ 0,0 cuotas,34 años
100558,Diego Diana Sánchez Suárez,9500000.00,8430965,6400000,12,40
101888,Juan Vargas López,3500000,$2548535,0.00,0,41
102094,Esteban Navarro Mejía,35000000,25524594,0,0,24
100452,,,3034915.00,$ 0,0,
101646,Valentina Claudia Rodríguez Arias,5000000.00,3067278 COP,$500000,3,44
102947,Mariana Esteban Romero Jaramillo,50000000.00,27058163 COP,500000,1,40
102400,Mohammed Abu Teir,,"$ 2,686,921",,0,19
100254,"CARO QUINTERO, Rafael","$ 25,000,000",14348351,$ 0,0 cuotas,64
100588,Alex Nain Saab Moran,$12000000,9532672,6400000,2,43
102813,"AL-SHANTI, Jamileh Abdullah",3500000,,0 COP,0,29
100142,Juliana Jorge Restrepo Rojas,2500000,$1829171,$ 0,0,73
100664,María Andrés Suárez Torres,"$ 3,500,000",2750127,$12000000,6,14
100444,Gabriel Rodríguez Pérez,18000000,"$ 14,950,313",0,0 cuotas,70
101521,Juliana Mejía Hernández,50000000,21474862 COP,0 COP,0,17
101419,Claudia Ospina Chávez,7200000,4685407,0.00,0,
102689,Ricardo Morales Torres,9500000,,500000.00,9.0,51
102910,Sofía Diego Gómez Morales,3500000,2630233,0.00,0.0,29
102836,Felipe Suárez López,35000000,16712905,0.00,0,27
102596,Lucía Restrepo Silva,9500000,3951761,$ 0,0,56
103426,Gabriel Claudia Valencia Romero,9500000,"$ 8,033,391",3500000,11,14
102682,Ana Gómez Ramírez,3500000 COP,2632929,3500000,4,32
102211,Daniela López Hernández,"$ 9,500,000",3865233,0,0,
102994,CHINA AEROSPACE SCIENCE AND TECHNOLOGY CORPORATION,"$ 50,000,000",26942127,"$ 1,200,000",2,55
101378,Luis Navarro González,,12160987 COP,0.00,0,
100149,Mariana Restrepo Martínez,,6360657,$ 0,0,17
102759,"SAAB MORAN, Alex Nain",35000000 COP,24360851,$ 0,0,27
102754,Gonzalo Mendoza García,25000000,"$ 16,956,556",,0,60
100059,Paula Rojas Romero,9500000,$4286051,0.00,0,72
103501,Mahmoud Khaled Zahhar,35000000,,"$ 12,000,000",7,73
103226,Diego Ortiz Chávez,25000000 COP,11517826.00,1200000.00,5,36
100529,,,2212506.00,0,0,26
101817,Jorge Lucía González González,$18000000,15905427,0,0,32 años
103723,Laura González Vargas,35000000 COP,"$ 25,243,319","$ 12,000,000",10,49.5
103271,HEZBOLLAH,5000000,"$ 2,420,475",0.00,0,42
100282,"MADURO MOROS, Nicolas",7200000,5839269.00,$ 0,0,17
101935,Verónica Lucía Sánchez Hernández,$5000000,"$ 4,496,447","$ 1,200,000",8 cuotas,56
102887,Fernando Javier Castro Morales,"$ 50,000,000",34304126,0.00,0,83
101808,Lucía Mejía López,3500000,1566738,3500000 COP,10.0,65
101726,Camilo Juan Pérez Díaz,18000000,14778600.00,6400000,3,41
103416,"TREVIÑO MORALES, Miguel Angel",35000000,25009317.00,0,,21
102409,Mariana Pérez Hernández,"$ 3,500,000",2449244 COP,0.00,0,57
103767,Andrés Javier Jaramillo Díaz,"$ 50,000,000",40565891.00,"$ 500,000",11 cuotas,49
102738,Ana Adriana Valencia Hernández,18000000,12297948,0 COP,0,71
102408,Adriana Claudia Rodríguez Jaramillo,2500000,,0,0 cuotas,40
102643,Jong-Un Kim,18000000,"$ 11,337,279",0,0,14
100988,Claudia Camilo Castro Pérez,,43728141,0 COP,0,14
103358,Ismael Zambada Garcia,7200000.00,4385716,0,0,46
101215,Camilo García Jiménez,7200000,4604078.00,0 COP,0,19
100443,Sofía García Romero,$5000000,2807771,"$ 1,200,000",4.0,67 años
100051,Natalia Jaramillo Torres,7200000,3814949,0.00,0,67
103017,Santiago Fernando Mendoza Gómez,35000000,18339095.00,0 COP,0,68.5
102999,Esteban Diego Jaramillo López,5000000 COP,3419495.00,500000,3.0,29
101624,Tareck Zaidan El Aissami,25000000.00,16962312,12000000.00,,14
102232,Sofía Jaramillo López,2500000,1342383,3500000,6 cuotas,37
102614,Ana Torres Rodríguez,"$ 35,000,000",20722632,1200000,1,22
100134,Rafael Caro-Quintero,$12000000,7551215.00,1200000.00,8,38
102772,Javier Felipe Ramírez Castro,3500000.00,3034760,$ 0,0,43
101916,Juan Santiago González Valencia,3500000,2564025,0 COP,0,43
102071,"AL-ASSAD, Bashar",35000000 COP,$31317388,500000,2,16 años
102785,Andrés Luis Valencia Ospina,2500000,1171295,0.00,,50
103708,Daniela Felipe González Ospina,35000000,26682374,1200000.00,8.0,63
101544,José Valentina Martínez Rojas,,"$ 7,971,247",0,,29
101003,Felipe Díaz Mejía,"$ 2,500,000",1298952,3500000.00,11,28
100724,Jorge Santiago García Pérez,12000000,7250551.00,0,0,29
100410,Camilo Ortiz Martínez,25000000,"$ 10,396,685",0 COP,0,14.5
103563,Sofía Navarro Sánchez,2500000,1989004.00,3500000,5 cuotas,80
101026,Jorge Mendoza Pérez,12000000 COP,8842838.00,0,0,70
101708,Natalia Restrepo Hernández,35000000,30128395,500000.00,3,72
102230,Juliana Gutiérrez González,3500000,2174588,1200000,3,62
101723,Patricia Gabriel Jiménez Torres,35000000.00,19201112,0,0,54 años
103178,HAMAS,50000000,"$ 41,586,924",3500000,7,21
100024,Laura Natalia Vargas Rodríguez,3500000,2028569,0.00,0,67
100992,Juan Jiménez Jiménez,9500000.00,4705551,$ 0,0,70
101986,Carlos Camila Pérez Díaz,"$ 5,000,000",4048516 COP,1200000,10,76
102549,Camila Sánchez Vargas,5000000,"$ 2,378,059",12000000.00,4,70
101990,HEZBOLLAH,3500000,2456479.00,12000000,11,49
102827,Ricardo Rojas Arias,$12000000,6839105.00,0,0,67
103481,Felipe Laura Ortiz Ramírez,7200000,6181779,12000000.00,10,40
101166,Andrés Diego Morales Rojas,,,$ 0,0,16
101976,,,"$ 7,125,065",$ 0,,71
101159,Rafael Caro-Quintero,9500000 COP,"$ 4,601,454",6400000,2,69
102728,"KIM, Jong Un",$35000000,23078070,0.00,,
100568,Gabriel Santiago Suárez Díaz,18000000,10964151,12000000 COP,12.0,62
100404,María José Ortiz Sánchez,5000000,"$ 2,567,261",0.00,0,57 años
102783,Luis Claudia Moreno Navarro,5000000,3538787.00,3500000,4,42
102448,Diana Diego Arias Ramírez,"$ 25,000,000","$ 15,818,415",6400000,,42
103193,"GUZMAN LOERA, Joaquin",2500000,1220759 COP,$ 0,0,65
100854,Natalia Esteban Silva Navarro,5000000,3382411 COP,$ 0,0,28
102722,,12000000,6800638,0,0,25
102004,Ricardo Felipe González Romero,9500000,7419923,$ 0,0,
100097,Jorge Patricia Castro López,50000000,40080001,"$ 3,500,000",8,15
100951,"LUKASHENKO, Aleksandr",3500000 COP,2476142,0,0.0,18
102969,Mariana Valencia Gutiérrez,18000000,13603485,0 COP,0,
100368,Gabriel Romero González,12000000,"$ 7,660,740",0,0,15
100120,Daniela Luis López Romero,"$ 25,000,000",17825794,0 COP,0,
101887,Luis Andrés Gómez Mendoza,18000000.00,,,,49 años
102583,Mariana Adriana Navarro Castro,7200000,5342239,$1200000,7,33
102224,Santiago Gabriel Mendoza Vargas,50000000,"$ 35,842,641",,0,75
102861,Joaquin Guzman Loera 'El Chapo',3500000,2637082.00,500000.00,7,33
102312,Mariana Juan Martínez Romero,50000000 COP,23213392,0 COP,0,47
103563,Sofía Navarro Sánchez,2500000,1989004.00,3500000,5 cuotas,80
101851,Patricia Paula Ortiz Silva,7200000,6161813,3500000,4,50
102179,Felipe Moreno Vargas,7200000.00,4931271 COP,"$ 1,200,000",12,47 años
100880,Adriana Diego Díaz Castro,35000000,28900492,$ 0,0,40
100122,"GUZMAN LOERA, Joaquin",25000000.00,$15159181,0.00,0.0,30 años
103136,,12000000,"$ 10,669,024",$ 0,0 cuotas,51
100536,Esteban Gonzalo Valencia Chávez,"$ 12,000,000",5025245,0.00,0,21
101365,Diana López Pérez,35000000,16027129,0,0,17
101737,"LUKASHENKO, Aleksandr",7200000,4525331,0 COP,0 cuotas,51
101046,Felipe Juan Suárez López,18000000,13112385,0.00,0,32
101492,Camilo Camila Morales Castro,9500000,6969669,0 COP,0,24
103568,Verónica Vargas Torres,3500000,2462767.00,0,0,70
102627,María Juan Pérez López,25000000,"$ 13,921,156",0 COP,0 cuotas,14
100973,Ricardo Silva Suárez,7200000,$6017416,$ 0,0,46 años
101118,HAMAS,25000000,21877278,0 COP,0,69.5
101037,"CABELLO RONDON, Diosdado",25000000,22242774,0,0,29
100982,Verónica Sánchez Romero,35000000,19136340,,0,80
103618,Juan Navarro Sánchez,,$21524615,0.00,0,69.5
103031,Patricia Daniela Castro Castro,3500000,$1783024,$ 0,0,15
100688,"CABELLO RONDON, Diosdado",18000000.00,8932246,0 COP,0.0,45
100467,Claudia Valentina Navarro Vargas,$35000000,$24484341,$ 0,0,72
102125,Juliana Camilo Mejía García,5000000,3382130,$ 0,0,16
100342,Natalia González Restrepo,$12000000,9719269,$3500000,3,69
100180,,50000000,32443763,$500000,11,55
100462,Juliana Adriana Ortiz Ramírez,5000000 COP,2787253.00,0 COP,0,19
102533,Fernando López Ospina,5000000,4046058,"$ 6,400,000",7,39 años
102651,Adriana Santiago López Martínez,,,$ 0,0 cuotas,65
101010,Claudia Natalia Martínez Jaramillo,35000000.00,21102281,0.00,0,64
101871,"PURI, Genaro",5000000,2594488,12000000.00,1,83
100117,Camilo Alejandro Vargas Silva,,24734996.00,0,0,32 años
101779,Juliana Sofía Suárez Valencia,12000000,"$ 10,206,206",6400000.00,8 cuotas,14
100018,Jamileh Abdullah Al-Shanti,9500000,7766661.00,0 COP,0,17
102535,Juan Camilo Moreno Arias,2500000,1358593,0.00,0,62
100070,"AL-ASSAD, Bashar","$ 7,200,000",6266536 COP,$ 0,0,33 años
101191,"LUKASHENKO, Aleksandr",2500000,1573694.00,0,0,36
103500,Patricia Camila Rodríguez Navarro,35000000 COP,"$ 26,137,306",12000000,3,81
101377,Daniela Diana Torres Pérez,50000000.00,27227647,,0,50
103773,"ABU TEIR, Mohammed",$7200000,3784612,0 COP,0,45 años
102294,Gonzalo Sánchez Gutiérrez,"$ 7,200,000",3494791.00,$ 0,0,29
101355,Santiago Gabriel Vargas Díaz,35000000 COP,$20960027,$ 0,0 cuotas,72
103165,"MADURO MOROS, Nicolas",25000000,12550961,$ 0,0,68
100856,Claudia Lucía Hernández Díaz,5000000,3935428.00,0,0.0,71.5
101102,Camilo Javier Valencia Hernández,12000000,7762911,0 COP,0 cuotas,23
102926,,,,0 COP,,35
102896,,,21460923,$1200000,1 cuotas,72 años
100288,Alejandro Mendoza Arias,9500000,6191054,12000000,4,64
103238,Javier Juliana Arias López,3500000,$2757355,,0 cuotas,70
102135,Verónica Valentina Valencia Torres,"$ 18,000,000",7406468,0 COP,0,46
100419,Andrés Gómez Mejía,18000000.00,11644687,0,0,30 años
102066,"AL-SHANTI, Jamileh Abdullah",25000000,10511913.00,3500000,1,69
100222,Carlos Juliana Ospina Arias,$3500000,$2890589,$ 0,0,62
101930,Gabriel Jiménez Moreno,18000000,"$ 10,990,265",0 COP,0,58
100984,"PURI, Genaro",18000000,"$ 7,278,543",$ 0,0 cuotas,23
101401,Fernando Rodríguez Martínez,12000000,8377087 COP,$ 0,0,65
103301,Diana Ortiz Torres,5000000,"$ 2,998,545",0.00,0,42.5
100572,"ZAHHAR, Mahmoud Khaled",35000000 COP,31244004,0,0,56
102201,"LUKASHENKO, Aleksandr",50000000,28595720,0.00,0,17.5
102682,Ana Gómez Ramírez,3500000 COP,2632929,3500000,4,32
101025,"AL-ZAZA, Ziad",3500000 COP,2989169,0,0,34
101252,Fernando Gonzalo Sánchez Silva,$25000000,"$ 14,312,257",0,0,
101856,Mahmoud Khaled Zahhar,50000000,21842253,0.00,0,51
100687,Sofía Camilo Martínez Morales,"$ 5,000,000",2903574,0,0,75
100658,Adriana Diego Ospina Sánchez,3500000,1507189,0 COP,0 cuotas,14
101573,,2500000,1460815,,0,51
101222,,5000000 COP,2856832,6400000,1,74
101241,Camilo Ospina Moreno,50000000,21460438.00,0,0,18
102453,Carlos Adriana Jaramillo Mejía,12000000.00,5945593,0.00,0,
100586,Mariana Jorge Restrepo Mejía,7200000.00,3031426,$ 0,0,40
101890,Bashar Al Assad,5000000,"$ 3,422,702",0.00,0 cuotas,
101694,HAMAS,"$ 50,000,000",35667404,"$ 12,000,000",9,43
101433,Rafael Caro-Quintero,2500000,,0.00,0,41
102006,Adriana Valentina Ramírez Navarro,25000000,16861435 COP,0.00,,49 años
101468,Lucía Esteban García Moreno,50000000.00,"$ 33,177,881",0,0,60
102292,,18000000,7642928,0,0,72
101399,Gabriel Arias Gómez,35000000,,0 COP,0,17
100769,Luis Jiménez Arias,7200000,$3455392,0,0,63
102430,,,5493551.00,0 COP,0,79
102266,,35000000,"$ 29,063,644",$ 0,0,47
100239,Verónica Mendoza Morales,3500000.00,2340860,0,0 cuotas,54.5
100739,María Juan Jiménez Restrepo,2500000,,12000000 COP,1.0,67
100549,China Aerospace Science & Tech Corp,7200000.00,6434599.00,0.00,0,33
101599,"KIM, Jong Un","$ 25,000,000",21317769,$3500000,9.0,60
102733,Mariana Morales Romero,$18000000,14016759.00,0.00,0,48
100049,Tareck Zaidan El Aissami,$7200000,2895481,12000000,6.0,49
103138,"CABELLO RONDON, Diosdado",,,0 COP,0,67
101920,Carlos María Morales Díaz,$18000000,12532742,$ 0,0 cuotas,48
103064,Mariana Suárez Morales,35000000,20485792,$12000000,,28
100994,Mateo Camilo Ramírez Suárez,12000000,,$ 0,0,56
102302,Alejandro Mateo Ramírez García,"$ 2,500,000",1798635,0.00,0.0,17
100384,Esteban Patricia Morales López,50000000,44142421,0,0,39.5
101576,Juan Sofía Navarro Restrepo,"$ 3,500,000",1611523,0 COP,0,48
103477,Camila Gabriel Díaz Arias,50000000,21536962,$1200000,12,30
102503,Bashar Al Assad,7200000,,0,0 cuotas,47
102729,Jorge Sofía Moreno Castro,"$ 2,500,000",$1435998,0 COP,0.0,36
101849,"PURI, Genaro",$18000000,10019514,6400000,1,14.5
102275,Javier Morales Restrepo,9500000,"$ 6,655,321",0,0,
102050,Alejandro Mendoza García,50000000,34564105,0 COP,0,17.5
103724,Diosdado Cabello Rondon,9500000.00,"$ 3,993,286",0.00,,67
101638,Mateo Pérez Gutiérrez,12000000 COP,$5714034,0 COP,0,19
100444,Gabriel Rodríguez Pérez,18000000,,0,0 cuotas,70
102377,José Adriana Suárez Ospina,9500000,4047854,0,0,69
102956,Sofía Valentina Gómez Silva,"$ 9,500,000",5659221,0 COP,0,54
102950,Verónica Paula Díaz Ramírez,18000000,14436688,0.00,0,39 años
103783,María Mariana Pérez Moreno,25000000,16807384 COP,0.00,0,16
101678,Verónica Felipe Mendoza Hernández,$35000000,16363999,0.00,0 cuotas,16
102255,Javier Diego Mendoza Ramírez,12000000,6652600.00,$ 0,,58
100900,"CARO QUINTERO, Rafael",2500000,1321164,3500000,12,74
102061,Ismael Zambada Garcia,2500000.00,"$ 1,628,166",12000000.00,7,52
103299,Felipe Silva Gómez,25000000,,0 COP,0,32
101607,Diego Gutiérrez González,,2398236,$ 0,0,25
102943,Lucía Juliana Mejía Gutiérrez,7200000,$6325876,,0,67
100869,Alejandro Lucía González Navarro,"$ 9,500,000",7461502.00,$500000,5,37
103184,Jorge Jiménez Romero,2500000.00,"$ 1,138,307",0,0 cuotas,38 años
103479,HEZBOLLAH,50000000,36712422,0.00,0,55
103641,Carlos García Martínez,12000000,8959676,500000,6,18
101159,Rafael Caro-Quintero,9500000 COP,"$ 4,601,454",6400000,,69
100439,María Claudia González Morales,3500000,$1476748,500000.00,1,16
100587,"SAAB MORAN, Alex Nain",9500000 COP,,0.00,0,54
100424,Alejandro Esteban Ramírez Suárez,7200000,"$ 4,256,846",6400000.00,6,53 años
103382,Carlos Santiago Mendoza García,12000000,7751979,6400000.00,8 cuotas,50
102284,Mateo Alejandro Suárez Jaramillo,35000000,17812243 COP,12000000,9,40
103662,"ZAHHAR, Mahmoud Khaled","$ 7,200,000","$ 4,677,485",6400000.00,12,42
101188,Mateo Torres Rodríguez,12000000,9597172,,10.0,29
100659,,7200000,6168358,$ 0,0 cuotas,23
100992,Juan Jiménez Jiménez,9500000.00,4705551,$ 0,0,70
103378,Jong-Un Kim,9500000,$7281445,0 COP,0,41
102428,Mariana Mariana Mejía García,18000000,16064560,0.00,0,75
100241,"SAAB MORAN, Alex Nain",18000000,11009543.00,$ 0,0,49
102783,Luis Claudia Moreno Navarro,5000000,3538787.00,3500000,4,42
102713,Verónica Díaz Torres,12000000,,0,0,59
101154,Laura Carlos Morales Castro,50000000,28695913.00,0.00,0,65.5
101295,Jorge Arias Valencia,5000000.00,3904878,0 COP,0,64 años
100571,Lucía Valentina Valencia Mendoza,$12000000,8029958.00,0 COP,0,74
103354,Patricia Mateo Vargas González,12000000,8489686,0,0,50
101752,Juliana Luis Hernández Ospina,25000000,18372631,1200000.00,1,75
103075,HAMAS,12000000,"$ 5,316,098",$1200000,8,17
101325,Sofía Paula Rojas Díaz,2500000,2185849,0 COP,0,16
101543,Camila Juan Torres Navarro,"$ 3,500,000",2658965,0 COP,0,22.5
102554,Ismael Zambada Garcia,7200000,6438067,0.00,0,
101648,Nicolas Maduro Moros,2500000,1601837,0,,68
101546,Claudia Felipe Ospina Pérez,2500000,"$ 1,111,761",0.00,0,71 años
102375,Aleksandr Lukashenko,$18000000,9841261.00,$ 0,0,50
102668,Gonzalo Laura Torres Restrepo,5000000,$3191388,,8,16
100732,Nicolas Maduro Moros,"$ 5,000,000",$4134573,500000,1.0,59
103551,Luis López Arias,12000000,6185344 COP,0 COP,0,33
101507,Alejandro Gabriel Moreno Hernández,,5431361,3500000,4,26
103136,,12000000,"$ 10,669,024",$ 0,0 cuotas,51
102068,,,7854637,0.00,0,25
101475,Paula Felipe Mejía Arias,$18000000,14618796.00,0,0,22
100244,Laura Ana Romero Martínez,3500000.00,2267444,500000,2,19
101795,CHINA AEROSPACE SCIENCE AND TECHNOLOGY CORPORATION,2500000,"$ 1,085,516",6400000,1,34 años
102229,Camila Díaz Romero,50000000.00,38899954,0,0.0,77
100319,José Carlos Morales Jaramillo,35000000 COP,31174742,$ 0,0,14
100965,Laura Esteban Torres Gómez,"$ 18,000,000",7996684,0,0,58
101774,Verónica Pérez Pérez,18000000,11879215 COP,$ 0,0,26.5
102921,María González Martínez,2500000 COP,2089768,0,0,34
100296,Ismael Zambada Garcia,2500000,,,,
103128,Daniela Moreno García,7200000.00,2910121,6400000.00,10.0,53.5
102994,CHINA AEROSPACE SCIENCE AND TECHNOLOGY CORPORATION,"$ 50,000,000",26942127,"$ 1,200,000",,55
101811,HEZBOLLAH,12000000,8176323,0.00,0,82
101136,,,3668164,$ 0,0,14
101763,Gonzalo Jorge Torres García,"$ 25,000,000",15339259,,0 cuotas,24
103171,Tareck Zaidan El Aissami,7200000,4353001.00,,0,51
103096,Diego García Suárez,2500000,$1648237,6400000,,63
101820,Carlos Romero Castro,18000000,8193025,0,0,25
102354,Diana José Chávez Ospina,5000000,3149725.00,6400000,7 cuotas,43 años
100023,Santiago Vargas Díaz,7200000,4491166 COP,$ 0,0,54
100453,Camila Moreno Ramírez,35000000,30930479,$ 0,0,
100680,Camilo Pérez Morales,"$ 9,500,000",5658148,0 COP,0,17
103634,"SAAB MORAN, Alex Nain",50000000,33708910 COP,0 COP,0,
101026,Jorge Mendoza Pérez,12000000 COP,8842838.00,0,0,70
101973,Nicolas Maduro Moros,35000000 COP,24785191,$ 0,0 cuotas,70
100920,Felipe Paula Rodríguez Castro,25000000,16003403,0 COP,0,16
103326,Mateo Andrés López Hernández,12000000.00,10557551,$ 0,,15.5
103425,Adriana Laura Jiménez Rodríguez,18000000.00,10166952,1200000 COP,10 cuotas,75.5
101036,Laura Martínez Jaramillo,35000000,23325344,0 COP,0,40 años
101931,Daniela Natalia González Ortiz,35000000.00,"$ 17,877,120",$ 0,0,55
101460,Lucía Morales González,"$ 35,000,000",26153919,6400000 COP,11,38
101961,Ana Diana Jaramillo López,9500000.00,"$ 7,743,840",0 COP,0,
100897,"MADURO MOROS, Nicolas",2500000,1897999,0.00,0,
102286,Natalia Camila Sánchez Restrepo,,17676712.00,0,0 cuotas,82
101456,CHINA AEROSPACE SCIENCE AND TECHNOLOGY CORPORATION,25000000.00,"$ 21,532,799",0,,63
102379,"EL AISSAMI MADDAH, Tareck Zaidan",12000000 COP,8636712.00,0.00,0,71 años
102825,Jorge Vargas García,50000000,20464183 COP,0 COP,0,41
101750,Lucía Javier Rodríguez Suárez,5000000 COP,4443108.00,0 COP,0.0,14.5
101017,,,2849738.00,0,0,14
100856,Claudia Lucía Hernández Díaz,5000000,3935428.00,0,0.0,71.5
100740,Natalia Patricia Gutiérrez Mejía,9500000,,$ 0,0,40
103423,José Ramírez García,5000000 COP,2500218.00,$ 0,0 cuotas,39
102358,Mariana María Rojas López,18000000.00,13154108,1200000,4,66.5
100954,Fernando Esteban González Arias,18000000,13307477 COP,500000,5,23
100086,Felipe Romero Silva,$7200000,6347935 COP,$ 0,0 cuotas,17
103319,Laura Camilo Rodríguez Mendoza,2500000 COP,1017050.00,"$ 1,200,000",5.0,14
103297,China Aerospace Science & Tech Corp,,5595360,$ 0,0,34.5
101311,,,31280807 COP,$ 0,0.0,45
102277,Juan Laura Romero Gutiérrez,7200000,"$ 3,701,201",0 COP,0,49
103314,Sofía Martínez Vargas,"$ 25,000,000","$ 14,808,312",$500000,4,57
100680,Camilo Pérez Morales,,5658148,0 COP,0,17
100105,Santiago García Navarro,"$ 3,500,000",,,0.0,38
100252,,,12084751,$ 0,0.0,49
101509,Esteban Ortiz Restrepo,7200000,"$ 5,527,148",0.00,0,31 años
103418,"SANCHEZ CEREN, Salvador",9500000,5608881.00,0 COP,,39
100148,,,6206713.00,$ 0,0,
103176,Sofía Mariana Moreno Navarro,"$ 50,000,000",41336344,0 COP,0.0,61
100630,Camilo Camila Jiménez Silva,18000000,,$ 0,0,58
102824,Fernando Jorge Moreno Díaz,7200000,6338628,0 COP,0,44
102731,Claudia Esteban Restrepo Hernández,7200000,6154360,0 COP,0,81 años
101452,Mateo Juliana Díaz Restrepo,9500000,5140561,0.00,0,18
103145,Diana Valentina Navarro Gómez,35000000 COP,22242492 COP,1200000,11 cuotas,17
103787,"ZAHHAR, Mahmoud Khaled",$9500000,"$ 5,228,638",$ 0,0 cuotas,60 años
101904,Alejandro Torres Rojas,35000000,29524239.00,500000.00,10,14
101761,Mariana Diego González Valencia,9500000,5315854 COP,1200000,9,14
100862,Mariana Hernández Jiménez,25000000 COP,"$ 18,612,723",0.00,0,58
100141,,,"$ 3,889,310",,0,18
101117,Aleksandr Lukashenko,35000000,31385960 COP,$ 0,,67
102793,Diego Adriana Díaz López,5000000.00,4111340,$ 0,0,65
100134,Rafael Caro-Quintero,$12000000,7551215.00,1200000.00,8,38
103566,,50000000,44260767,0.00,0.0,73
101783,Diana Daniela Ramírez Navarro,18000000,14673658,0.00,0 cuotas,18 años
102315,"SAAB MORAN, Alex Nain",2500000,,$ 0,0,14
102269,Lucía Diego Gómez Romero,2500000,1079294.00,$ 0,0,76
103177,Jorge Ortiz Suárez,9500000,8514171,,0,62
101674,Luis Torres Moreno,35000000 COP,31087378,$3500000,10,15
102551,Natalia Carlos Romero Díaz,"$ 25,000,000","$ 17,457,813",0.00,0,22
102759,"SAAB MORAN, Alex Nain",35000000 COP,24360851,$ 0,0,27
103580,"AL-ZAZA, Ziad",25000000,12022928,0.00,0,46
101976,,9500000,"$ 7,125,065",$ 0,,71
100274,Patricia Torres Jaramillo,$25000000,21514530.00,0 COP,0,20
101733,José Verónica Ramírez Arias,,12911947 COP,$ 0,0,75
101310,Esteban Suárez García,"$ 7,200,000",3163209 COP,1200000,11,71
103698,Daniela Luis Jiménez Rodríguez,7200000,4843096,0,,15
102387,Verónica Ramírez González,7200000.00,3120008.00,6400000,5,48 años
102462,"AL-ASSAD, Bashar",$5000000,4212298,0 COP,0.0,78
103088,Diana Esteban Sánchez Mejía,2500000,1654465.00,$ 0,0,40
102219,CHINA AEROSPACE SCIENCE AND TECHNOLOGY CORPORATION,$9500000,"$ 5,791,700",$ 0,0.0,74
100065,Jamileh Abdullah Al-Shanti,3500000,2070171,0,0,16 años
102908,Diana Ana Jiménez Suárez,"$ 18,000,000",$15991192,0.00,0,23
100398,Carlos Suárez Díaz,9500000,"$ 5,561,257",$ 0,,
100658,Adriana Diego Ospina Sánchez,3500000,1507189,0 COP,0 cuotas,14
101624,Tareck Zaidan El Aissami,25000000.00,16962312,12000000.00,2,14
101592,Diana González Moreno,3500000,2348606,0.00,0,83 años
102029,Juan Natalia Rojas Silva,7200000,3215482,3500000 COP,1,27
102353,"TREVIÑO MORALES, Miguel Angel",5000000,2403136 COP,0 COP,0,29 años
101108,Mateo Natalia Hernández Valencia,2500000 COP,1201964.00,$ 0,0,47
103469,José Gutiérrez Ramírez,,$15888641,0,0 cuotas,23 años
101692,Adriana Suárez Silva,,6207031,12000000,11.0,62.5
102064,Natalia Gonzalo Navarro Sánchez,"$ 12,000,000","$ 6,675,986",0 COP,0,16
101111,Ricardo María Ortiz Romero,25000000,12497454,0.00,0 cuotas,
100062,Paula Adriana Sánchez Vargas,"$ 18,000,000",,$ 0,0 cuotas,71
103318,"ZAHHAR, Mahmoud Khaled",25000000,"$ 14,091,116",0 COP,,74
101394,Gabriel Vargas Jaramillo,9500000.00,"$ 6,297,165",0.00,0,45
103707,Paula Javier López Díaz,$7200000,3181810,0.00,,21
101722,José Ortiz Silva,3500000,2559345.00,,9,18
102705,Laura Sofía Morales Chávez,25000000,,0,0,66
102544,,7200000,4157369,$ 0,0,38
103509,Mateo Juliana Valencia Ramírez,25000000 COP,12800760,3500000.00,8,84
100325,Jorge Jorge Rodríguez Moreno,35000000,29814323.00,12000000,2,57.5
103245,María Mateo Gómez Rojas,50000000.00,$20196590,1200000,12.0,24 años
100545,Diosdado Cabello Rondon,50000000,"$ 35,996,181",6400000 COP,8,67
101474,Nicolas Maduro Moros,25000000,21762811,0.00,0.0,22
102696,Daniela Mejía Ospina,35000000.00,$31153124,0,0,44
102912,Mateo Felipe Ramírez Mejía,35000000,24575065,0 COP,0.0,75
103323,Mahmoud Khaled Zahhar,9500000,6928772,,8,53.5
103083,Gabriel Silva Valencia,"$ 18,000,000",11166418,,5 cuotas,61
100535,Gabriel Camila Jiménez Gutiérrez,2500000,1385720 COP,0.00,,53
103056,Diego Rodríguez López,5000000.00,2512573.00,$ 0,0,51
103576,"MADURO MOROS, Nicolas",50000000.00,34377169,0.00,0,16.5
103065,Esteban Adriana Rojas Mendoza,12000000,10677884,0 COP,0.0,78 años
101996,Ziad Al Zaza,$35000000,20013273.00,0,0.0,49
102781,Gonzalo Torres González,2500000.00,1647443,$500000,9,
103231,Patricia Suárez Mejía,"$ 2,500,000","$ 1,921,875","$ 3,500,000",4,45
100351,Jorge Ana Torres González,$7200000,3788605,$ 0,0,56 años
102590,María Esteban Valencia González,$9500000,5539771,1200000,2,
102585,"GUZMAN LOERA, Joaquin",25000000.00,12310067,0,0,41
101981,Diosdado Cabello Rondon,35000000,28889691,$ 0,,30 años
103342,Lucía Ramírez Silva,5000000.00,3661181,,0,74
102401,María Carlos Gutiérrez Ramírez,9500000,7285940.00,0 COP,0,36
100842,Joaquin Guzman Loera 'El Chapo',25000000,"$ 17,561,958",0,0.0,61
101589,Luis Jorge Chávez Arias,2500000,1273523,0,0,48.5
101051,María Luis Mejía González,35000000,"$ 20,326,358",$ 0,0,17
102704,Diego Carlos García Suárez,50000000.00,,$12000000,11 cuotas,45.5
100620,Claudia Castro Jiménez,50000000.00,25221644,0 COP,0,56
103205,Jorge Restrepo Gutiérrez,18000000.00,"$ 8,471,291",0 COP,0,28
102980,Claudia Martínez Navarro,50000000.00,30639623.00,12000000,1.0,69
102672,José Verónica Vargas Ortiz,35000000.00,18308248,,0,28
100361,Mateo Luis Vargas Suárez,2500000.00,"$ 1,448,731",0 COP,0,48
103525,Gabriel Navarro Vargas,3500000,2053030,0,,56
103640,María Luis Jiménez Navarro,18000000.00,,0,0 cuotas,26
102912,Mateo Felipe Ramírez Mejía,35000000,24575065,0 COP,0.0,
101893,"LUKASHENKO, Aleksandr",2500000,1212626,0,0,37
103578,,,3863313,0,0,35
102378,Natalia Javier Díaz Hernández,35000000,$22837300,0.00,0,33
101221,,,3890942.00,500000,,
102840,Andrés Mendoza Mendoza,12000000.00,9049781,"$ 1,200,000",11,53
102882,"ZAMBADA GARCIA, Ismael","$ 2,500,000","$ 1,963,685",6400000,9,
102350,Mariana Natalia Valencia García,$12000000,9205198 COP,3500000.00,9,27
101723,Patricia Gabriel Jiménez Torres,35000000.00,19201112,0,0,54 años
100342,Natalia González Restrepo,$12000000,9719269,$3500000,3,69
100258,"AL-ZAZA, Ziad",5000000,2611696,$ 0,0,31
100901,Natalia Díaz Torres,"$ 7,200,000","$ 4,814,895",0 COP,,44 años
103210,Verónica Lucía Castro Gómez,35000000,24368941,0,0,56
102159,Bashar Al Assad,35000000.00,"$ 28,395,005","$ 500,000",,71
102155,,"$ 3,500,000","$ 1,773,130",3500000,1,37 años
103673,Fernando Natalia González López,25000000 COP,,0.00,0,16
101447,Juliana Ana Rodríguez Torres,25000000,18242631,0,0,20
103060,Rafael Caro-Quintero,7200000.00,"$ 4,206,347",0 COP,0,51
102435,China Aerospace Science & Tech Corp,"$ 5,000,000",3271863,$6400000,3,50
101543,Camila Juan Torres Navarro,"$ 3,500,000",2658965,0 COP,0,22.5
101132,Jorge Valencia Valencia,3500000 COP,2765950 COP,0 COP,0,
102056,Diego José Navarro Romero,35000000,22808261,$12000000,9 cuotas,56
100846,Ismael Zambada Garcia,35000000,28664122,$ 0,0,73
100472,"CABELLO RONDON, Diosdado",9500000 COP,5518583,0 COP,0,14
100671,Andrés Juan Jaramillo Restrepo,25000000,15347326,0,0,25
102484,Mateo Hernández Sánchez,5000000,4116143,6400000 COP,7,50
102146,Juliana Daniela Jaramillo Vargas,35000000,14279050,$ 0,0,37.5
101074,Adriana Ramírez Ospina,$9500000,4202868.00,$ 0,0,37
100741,Javier Gonzalo Sánchez Ramírez,"$ 18,000,000",12886922 COP,500000,4,72
100325,Jorge Jorge Rodríguez Moreno,35000000,29814323.00,12000000,2,
101529,Luis José Jaramillo Jiménez,25000000,12593415.00,0 COP,0,19
103334,Fernando Santiago Díaz Rojas,5000000,2083713,3500000,7,44
101794,Ana Ramírez Mendoza,,"$ 1,771,824",1200000,12.0,49 años
101189,Verónica Felipe Morales Chávez,"$ 9,500,000",7283744,$ 0,0,56
100771,Ana Ana Silva Suárez,2500000,1596680,0.00,0.0,72
103593,José Adriana García García,25000000.00,"$ 11,488,531",,0,64
102063,,,"$ 2,543,538",0 COP,0.0,20
103187,Verónica Gonzalo Jaramillo Torres,18000000,"$ 8,783,178",$500000,,68
102379,"EL AISSAMI MADDAH, Tareck Zaidan",12000000 COP,8636712.00,0.00,0,71 años
100045,Juan Verónica Hernández Jiménez,3500000,2055538,0 COP,0,16
102810,Mariana Esteban Díaz Rodríguez,9500000,5644416 COP,0 COP,0.0,34
101657,Esteban Sánchez Silva,18000000,14113949,0 COP,0,24.5
103022,Jorge Andrés Rodríguez González,7200000.00,4099073 COP,6400000,12,28
102935,Diana Diana Torres Mejía,,12293352,"$ 6,400,000",10,27
103132,Ricardo Jiménez Hernández,7200000,2890763,0.00,0,53
100136,Andrés María Silva Valencia,35000000,$17625253,0.00,0,31
101701,,,8259918 COP,0,0,71
103543,Gabriel Juan Vargas Jaramillo,50000000,25576355 COP,1200000,10,21
100345,Felipe Díaz Silva,25000000,11550965,"$ 12,000,000",7 cuotas,50
100136,Andrés María Silva Valencia,35000000,$17625253,0.00,0,
101814,Lucía Camilo Sánchez Restrepo,$50000000,38227458.00,$12000000,8,61
101838,,25000000.00,16596437.00,0,0,25
101202,Luis María Chávez Arias,5000000,"$ 2,472,149",0,0,29 años
102165,Adriana Juan Hernández Hernández,5000000,4324646,"$ 12,000,000",7.0,56
101180,"CABELLO RONDON, Diosdado",,2514577,0,,65
100056,Camila Luis Rodríguez García,12000000,$10356251,0 COP,0,
102601,"TREVIÑO MORALES, Miguel Angel",50000000,33363428 COP,0 COP,0,65
100172,"ABU TEIR, Mohammed",50000000.00,28041373,$ 0,0,42
101663,,"$ 2,500,000","$ 1,633,102",12000000.00,5.0,74
103027,Ricardo Alejandro Restrepo Moreno,,7238293 COP,500000.00,3.0,69
101199,Natalia Luis Restrepo García,25000000,16156305.00,0.00,0,49
101431,Laura Camilo Ortiz Gutiérrez,"$ 5,000,000",3862116,0 COP,0,40
102988,"EL AISSAMI MADDAH, Tareck Zaidan",18000000,9165296,0 COP,0,22
102588,Juan Arias Mejía,50000000,$40979505,0,0,50
100301,Esteban Rodríguez Arias,2500000,1666957.00,,0.0,25
100941,,7200000.00,4718434.00,0 COP,0,18
101494,Gabriel Ospina Jaramillo,25000000 COP,$19453581,,4,62
100634,Felipe Ortiz Sánchez,3500000.00,2736317,6400000,6,78
102040,Camilo Laura Morales Gutiérrez,5000000,3644652,$ 0,,66
101909,Ana Adriana Valencia Sánchez,7200000,$4397730,12000000,9,42
101567,Lucía Rojas Vargas,50000000,"$ 40,869,845",$ 0,0,20
101363,Patricia Martínez Martínez,3500000,3076557.00,"$ 12,000,000",7.0,56
103025,Fernando Adriana Torres Arias,$18000000,15334248,0,0,50
102436,Diana Diego López Chávez,5000000,2363749 COP,0 COP,0 cuotas,64
101819,Adriana Fernando López Moreno,3500000,2615321.00,0,0,
101152,China Aerospace Science & Tech Corp,5000000,"$ 2,559,770",$6400000,11,60 años
102841,Adriana Jaramillo Rojas,,31206779,0,0.0,33
103347,Daniela Castro Torres,$3500000,2501363 COP,,0 cuotas,15
101118,HAMAS,25000000,21877278,0 COP,0,69.5
102651,Adriana Santiago López Martínez,2500000.00,1767361,$ 0,0 cuotas,65
100770,Claudia Rojas Arias,18000000,$10423507,0 COP,0,30
101665,Verónica Laura Gutiérrez Torres,5000000,3766671,0 COP,0,75.5
101779,Juliana Sofía Suárez Valencia,,"$ 10,206,206",6400000.00,8 cuotas,14
103122,Diana Camilo Ramírez Mejía,12000000,5541692,$ 0,0,25
103225,Mateo Gabriel Rojas Díaz,35000000 COP,"$ 26,020,000",,,18
100941,,7200000.00,4718434.00,0 COP,0,18
100130,Diosdado Cabello Rondon,7200000.00,5483980,"$ 6,400,000",4,40
101238,"ABU TEIR, Mohammed",3500000 COP,2727324.00,0 COP,0.0,47
103258,"ZAHHAR, Mahmoud Khaled",50000000.00,41977881 COP,6400000.00,2,26 años
102202,Carlos Restrepo Ramírez,35000000,25575856 COP,"$ 12,000,000",7,17
101130,Natalia Luis Sánchez Moreno,5000000 COP,3574094,0.00,0,55
102374,Gabriel Pérez Hernández,7200000 COP,4063039 COP,0,0,58
100244,Laura Ana Romero Martínez,3500000.00,2267444,500000,2,19
100592,Gonzalo Felipe Vargas Rojas,12000000,6694837,0 COP,0,15
102626,Jong-Un Kim,18000000,11275391,0.00,0,
101184,Ziad Al Zaza,35000000.00,"$ 15,028,821",0,0,45.5
102904,"GUZMAN LOERA, Joaquin",12000000 COP,5399827,"$ 500,000",4 cuotas,15 años
101713,"SAAB MORAN, Alex Nain",25000000.00,15011421.00,0,0,60
102282,,,3615848 COP,$12000000,9 cuotas,78
100220,"AL-ZAZA, Ziad",35000000 COP,"$ 15,374,548",0,0 cuotas,70
100107,Juan Gómez Torres,7200000,3545378,0,0 cuotas,69
101975,Mahmoud Khaled Zahhar,5000000 COP,$2741327,"$ 500,000",3,16
100946,,,2479266,$ 0,0 cuotas,64
102354,Diana José Chávez Ospina,5000000,3149725.00,6400000,7 cuotas,43 años
102004,Ricardo Felipe González Romero,9500000,7419923,$ 0,0,31
102236,Gonzalo Esteban Suárez Chávez,9500000.00,6540956 COP,$ 0,0,83.5
102452,Claudia Sofía Navarro Arias,50000000,"$ 27,691,258",,0,41
102210,"PURI, Genaro",12000000,6106769.00,0.00,0,15
101817,Jorge Lucía González González,$18000000,15905427,0,0,32 años
100968,Adriana Castro Morales,12000000,7299170.00,0,0,60
100341,Andrés Adriana Hernández Romero,5000000,3005170,,9,
101338,Santiago Adriana Navarro Gómez,50000000.00,27354096.00,12000000.00,12,40 años
100223,Ziad Al Zaza,3500000,2970196,0.00,0,57
101632,Mateo Valencia Restrepo,"$ 18,000,000",14906389,0.00,,58
101947,HEZBOLLAH,$25000000,"$ 11,308,176",$1200000,1 cuotas,62
100118,Claudia Lucía Rodríguez Rojas,5000000,2590672,0,,64.5
100644,Juliana Navarro Hernández,5000000,$2514974,$ 0,0.0,41.5
100982,Verónica Sánchez Romero,35000000,19136340,$ 0,0,80
101696,Daniela Laura Martínez Navarro,50000000 COP,21395063,,0,23
100332,Natalia Mariana Valencia Mendoza,9500000.00,,1200000,4,42
102843,Valentina Mejía Mejía,"$ 18,000,000",12599535.00,12000000,7,60.5
103340,Luis Fernando Moreno Moreno,"$ 2,500,000",1498002,0 COP,0 cuotas,53 años
100383,Sofía Gutiérrez Sánchez,7200000.00,3661841,0 COP,0,85
101705,Santiago Natalia Gómez Navarro,3500000,1508371,0 COP,0,66.5
102795,Claudia Moreno Moreno,25000000,17958217 COP,$ 0,,79
101041,José Castro Martínez,18000000 COP,11007462,0 COP,0,27
102663,José Daniela González Morales,7200000,,3500000,3,58 años
100664,María Andrés Suárez Torres,"$ 3,500,000",2750127,$12000000,6,14
102333,Lucía Rodríguez García,5000000,3280968,3500000.00,11,18
102264,,$25000000,"$ 15,352,274",0 COP,0,15
101240,Santiago Paula Rodríguez Pérez,50000000 COP,24781664,0 COP,0,38.5
103725,Fernando Lucía Torres Rojas,12000000 COP,5415165.00,$ 0,0,80
101731,Fernando García Pérez,9500000,4634707.00,0.00,0,67 años
100975,Paula Jiménez Torres,12000000,$9727154,12000000 COP,11,
100403,Adriana José Rojas Ortiz,"$ 2,500,000",,12000000,8,35
102644,Valentina Diana Rojas Martínez,2500000,1508414.00,0 COP,0,14
102591,Alejandro Ana González Navarro,18000000,11633836 COP,0.00,0.0,14
101854,Gabriel Jiménez Mendoza,$25000000,22457888 COP,3500000,8,66
102616,Santiago Adriana Silva Sánchez,9500000.00,,,0,26
101769,Patricia Rojas Navarro,"$ 3,500,000",3104852,500000,7,19 años
102726,Verónica Camila Moreno Ortiz,5000000,4085270 COP,0,0,17
102545,Sofía José Sánchez Hernández,$25000000,20544099,0 COP,0,41
101468,Lucía Esteban García Moreno,50000000.00,"$ 33,177,881",,0,60
102173,Ana Daniela Díaz Jaramillo,,$7375128,3500000,10.0,26 años
103035,Camila Esteban García Torres,50000000,38996928 COP,$ 0,0 cuotas,49
100144,Alejandro Fernando Mendoza Díaz,9500000,3867464,0.00,0,
102057,Gabriel Diana Torres Ospina,$9500000,6342473 COP,"$ 3,500,000",10,22 años
103188,Mariana García Gutiérrez,18000000,9876904,0 COP,,33 años
102126,Verónica Gómez Morales,25000000,15060720,0.00,0,56
102034,Patricia Rojas Vargas,9500000.00,4447777,$ 0,0,69
102959,Carlos Santiago Valencia Moreno,"$ 12,000,000",$4808772,0,,74
100268,"AL-ASSAD, Bashar","$ 25,000,000",16834726,0 COP,0,16
103563,Sofía Navarro Sánchez,2500000,1989004.00,3500000,5 cuotas,80
102750,Lucía Sofía Vargas Mejía,3500000.00,"$ 2,318,395",$ 0,0,40
101729,China Aerospace Science & Tech Corp,35000000,30850250.00,$ 0,0,43
100207,Laura Luis Gutiérrez Morales,$2500000,2090228,3500000,10,24
102362,,,7581559 COP,,0,15
100742,Laura Ramírez Ramírez,12000000,4800309.00,,,44
103631,Juan Díaz Silva,$50000000,43234089,500000,2,17
101966,Mariana López Moreno,25000000 COP,,$1200000,11,16
100457,Mariana Javier Jiménez Romero,5000000.00,4103563,0,0,35
100305,Sofía Natalia González Ortiz,"$ 50,000,000",,$ 0,0,60
102662,"LUKASHENKO, Aleksandr","$ 7,200,000",5765226,$ 0,0,52
102749,,,4911879 COP,0,0,45
100063,China Aerospace Science & Tech Corp,9500000,3820353,0.00,0,55
103191,Javier Mariana Vargas Suárez,5000000,3826236,$ 0,0,29
102986,,25000000 COP,18127085,$ 0,0.0,16
100287,Alejandro Paula Ortiz Ospina,50000000,39774695,"$ 3,500,000",3,44 años
103161,Gabriel López Valencia,$5000000,4248771,0.00,0,62
100873,Javier Silva Pérez,3500000,2034431,0,0,51
100104,José Alejandro Jiménez Ortiz,25000000,15347907,0,0,79
100943,Mahmoud Khaled Zahhar,"$ 9,500,000",6521608,0,0,33
100399,Javier Natalia Valencia Sánchez,9500000,7091446,$ 0,0.0,33
103303,Natalia María Jaramillo Torres,2500000,"$ 1,900,113",0.00,0,50
100998,Andrés Rojas Jaramillo,50000000,36213053,,0,56
101575,Camila Camila Restrepo Ospina,25000000,17497028.00,,0,62
102247,Laura Carlos Mejía García,7200000 COP,4185893,0 COP,0 cuotas,
102210,"PURI, Genaro",12000000,6106769.00,0.00,0,15
100759,Juliana Mariana Chávez Mendoza,"$ 12,000,000",7945085,3500000,7.0,63
101983,José Natalia Hernández Arias,9500000.00,4803603,0 COP,0,31
100293,Verónica Gabriel López Rodríguez,3500000,2579964,0 COP,0,32
100213,Sofía Jiménez Moreno,,16557103,0.00,0 cuotas,70
100022,Claudia Paula Silva Chávez,$25000000,$21034941,$ 0,0,65.5
102552,Juliana Fernando Mendoza Castro,,,500000,11,15
100077,"AL-ZAZA, Ziad","$ 25,000,000",14067463,$ 0,0,16
100340,Andrés Restrepo Martínez,5000000 COP,2970310,0,0,29
103246,Jorge Paula Moreno Mejía,18000000.00,12168944,0 COP,0,82
101262,Diana Jiménez Rodríguez,50000000,"$ 32,209,623",$ 0,0,53.5
102800,Laura Daniela Torres Moreno,12000000,$7639651,0 COP,,20
103182,Rafael Caro-Quintero,"$ 12,000,000",5789543.00,1200000 COP,8,64
101258,Fernando Juan Chávez Mejía,9500000,4218984,0.00,0,16
102798,Mateo Vargas Chávez,"$ 9,500,000",7786726,0.00,0,59
101113,Luis Gabriel Valencia Ramírez,"$ 2,500,000",2202878,0 COP,0,34 años
102939,Natalia Mariana Torres Gómez,2500000,1609370.00,,0,53.5
103484,Santiago Verónica Valencia Suárez,50000000,44682478,$ 0,,78
102637,Diego Ana Moreno Romero,"$ 3,500,000","$ 2,405,505",0,0,31
102175,Laura Verónica Castro Pérez,"$ 2,500,000","$ 2,051,284",$ 0,0,24
103502,Natalia Jaramillo Morales,2500000 COP,,0 COP,0,57
102843,Valentina Mejía Mejía,,12599535.00,12000000,7,60.5
101402,Diego Verónica Gutiérrez Chávez,3500000.00,2114879,0.00,0 cuotas,39
103080,"SAAB MORAN, Alex Nain",35000000,18968737.00,0.00,0,26
100190,Lucía Sofía Arias Mejía,25000000,15265630,0.00,0,27
103464,Diana Moreno Valencia,7200000.00,"$ 3,093,821",0,0,17
102530,María Pérez Jaramillo,7200000,6259989,$6400000,9.0,27
101516,Paula Castro Gómez,7200000,3207367,0.00,,45
101598,Mariana Hernández Romero,25000000,"$ 21,379,775",$ 0,0,69
102315,"SAAB MORAN, Alex Nain",2500000,$1086817,$ 0,0,14
101593,Alejandro Javier Vargas Jiménez,12000000,$7735079,0 COP,0,28
102380,Juan Andrés Mendoza Jaramillo,2500000,1271982 COP,$ 0,0 cuotas,18
103227,"AL-ZAZA, Ziad",5000000 COP,"$ 2,689,124","$ 6,400,000",10 cuotas,33
102834,Juliana Mendoza Castro,"$ 12,000,000",7190567,$ 0,0,20
103566,,50000000,44260767,0.00,0.0,73
102311,"ZAMBADA GARCIA, Ismael",18000000,,1200000,7,69
101405,Juliana Daniela Arias Gómez,7200000,3461622,$3500000,,65 años
102511,Diego Ramírez Hernández,,5774965,,5,30 años
102743,Camilo Chávez Morales,25000000 COP,13139015,$ 0,0,72
103157,Carlos Javier Torres Romero,9500000,4170193.00,1200000,9,20
102261,Claudia Esteban Morales Arias,$7200000,5885785,0,0.0,34
101722,José Ortiz Silva,3500000,2559345.00,"$ 500,000",9,
100392,Andrés Ramírez Hernández,50000000,41562544.00,$3500000,,60 años
101505,Mahmoud Khaled Zahhar,2500000,1325285 COP,0,0,60
102284,Mateo Alejandro Suárez Jaramillo,35000000,17812243 COP,12000000,9,40
100992,Juan Jiménez Jiménez,9500000.00,4705551,$ 0,0,70
101945,Alejandro Adriana Mejía Silva,18000000.00,14642908,0.00,0.0,72
101443,Ana Valencia Jiménez,9500000,7320198,0,0,23
100588,Alex Nain Saab Moran,$12000000,,6400000,,43
103282,Ana Diana Ospina Ramírez,"$ 12,000,000","$ 8,813,241",0.00,0.0,49
100213,Sofía Jiménez Moreno,35000000,16557103,0.00,0 cuotas,
103419,"SAAB MORAN, Alex Nain",2500000.00,1008265,$ 0,0,17
100205,"LUKASHENKO, Aleksandr",12000000,9746831.00,0 COP,0 cuotas,37
101021,Mahmoud Khaled Zahhar,,14157868,6400000,5,
103278,Camilo Fernando Navarro Ortiz,"$ 12,000,000",7814294,0 COP,0,77
102710,Verónica Andrés Navarro Morales,"$ 18,000,000",10947408,"$ 12,000,000",3,41
101954,Esteban Jorge Pérez Ortiz,18000000.00,"$ 15,509,851",,0,37
103707,Paula Javier López Díaz,$7200000,3181810,0.00,0.0,21
100872,Juan Camilo Vargas Mejía,9500000,"$ 6,768,578","$ 500,000",11 cuotas,30
102705,Laura Sofía Morales Chávez,25000000,11100747,0,0,66
100000,Santiago Santiago Chávez Gómez,"$ 18,000,000","$ 10,799,057",0.00,0,47
103502,Natalia Jaramillo Morales,2500000 COP,1373530,,0,57
101240,Santiago Paula Rodríguez Pérez,50000000 COP,24781664,0 COP,0,38.5
103401,Andrés Jiménez Vargas,25000000.00,10328550,,0,26
101708,Natalia Restrepo Hernández,35000000,30128395,500000.00,3,72
103429,Felipe Moreno Gómez,12000000 COP,7224696.00,12000000,2,16
103196,Luis Navarro Ramírez,5000000,4480869 COP,0 COP,0,73 años
101229,Gonzalo Javier Romero Mejía,12000000.00,"$ 4,936,317",,0 cuotas,61
103729,Juan Restrepo Romero,5000000,4026892,$ 0,0,15
100374,Gonzalo Patricia Rojas Mendoza,5000000,3435628,500000,6,32
102867,Mariana Lucía Mendoza Jaramillo,3500000,3100589,6400000,4,31
103595,Felipe Camila Jaramillo López,7200000,4517132,12000000.00,2,32
101823,Adriana Torres Gómez,5000000,2167713,0 COP,0,52
100318,Valentina Daniela González Rodríguez,9500000,5366198.00,0.00,0.0,
103019,Jorge Vargas Ospina,3500000,1896240.00,0,0,53
101771,"KIM, Jong Un",7200000.00,5750908,500000,4,53
103682,Lucía Silva Romero,2500000 COP,1144177,$ 0,0,71
101975,Mahmoud Khaled Zahhar,5000000 COP,$2741327,"$ 500,000",3,16
102401,María Carlos Gutiérrez Ramírez,9500000,7285940.00,0 COP,0,36
103052,Valentina Paula Mendoza Ospina,"$ 50,000,000",22661068,0.00,0 cuotas,19
100698,Diego Claudia Martínez González,7200000.00,3647570,$ 0,0,37
100722,José Pérez Moreno,18000000,10838142,$ 0,0,66
101699,"EL AISSAMI MADDAH, Tareck Zaidan",5000000,2006656,1200000,12,73
103011,Natalia Natalia Torres Hernández,2500000,1799535,0,0,42
101603,Carlos Jiménez Mendoza,2500000.00,1216950,"$ 1,200,000",4,70
103587,Ziad Al Zaza,"$ 3,500,000","$ 2,340,223",0 COP,0,71
100543,Mahmoud Khaled Zahhar,3500000 COP,1756627 COP,1200000,,49
103315,"PURI, Genaro",,1542124.00,,0,17
102508,Juan Rojas Rodríguez,18000000.00,14152014,"$ 12,000,000",9,75.5
103653,Verónica Juliana Castro Mendoza,$50000000,$28196708,12000000,9 cuotas,25
103488,Juliana Mendoza Gutiérrez,35000000,$31136107,0,0,22.5
100005,Felipe Paula Silva López,35000000,22304913,,0,43
101527,Verónica Daniela Valencia Morales,35000000,"$ 16,918,185",0.00,0 cuotas,32
101924,Diosdado Cabello Rondon,3500000,2501744.00,$ 0,,27
101742,Aleksandr Lukashenko,$35000000,17596845.00,0,0,57
103666,"ZAHHAR, Mahmoud Khaled",7200000.00,5904679,$ 0,0,41.5
100737,,,6337862,$ 0,,20
100752,Carlos Paula Hernández Ortiz,5000000.00,2256990,0.00,0.0,
103679,"CARO QUINTERO, Rafael",3500000.00,1703430,$ 0,0,71
102264,,$25000000,"$ 15,352,274",0 COP,0,15
100359,Jorge Sánchez Mendoza,"$ 12,000,000",9723159,0,0,14.5
102921,María González Martínez,2500000 COP,2089768,0,0,34
100885,"AL-ASSAD, Bashar",3500000,1992170,$ 0,0,15
100172,"ABU TEIR, Mohammed",50000000.00,28041373,$ 0,0,42
101685,Miguel A. Treviño Morales,18000000,15202384,0 COP,0,41
102642,,,3181850,500000,2,17
100850,Daniela Valentina Restrepo Silva,25000000,"$ 15,511,888",0 COP,0,16
102260,Felipe Javier Moreno Jiménez,18000000.00,12347304 COP,6400000,5 cuotas,48
102187,,5000000,4060892.00,6400000,8,67
100032,Fernando Ricardo Hernández Moreno,18000000,7387262,0.00,0,40
100424,Alejandro Esteban Ramírez Suárez,7200000,"$ 4,256,846",6400000.00,6,53 años
102030,,,"$ 7,539,711",3500000 COP,6,60
101914,Laura López Jaramillo,2500000,1362569,0,0,71
101952,Miguel A. Treviño Morales,50000000,34775304 COP,$ 0,0,65.5
102170,Juan Mejía Castro,$50000000,,0 COP,0.0,16
102311,"ZAMBADA GARCIA, Ismael",18000000,10489112,,7,69
100406,Fernando Ana Ospina Romero,$2500000,$2118964,0.00,0,57
102070,Gonzalo Mendoza Ospina,2500000 COP,1275648,"$ 1,200,000",3,51
103584,Javier Camila Silva Ortiz,9500000,"$ 7,985,973",3500000.00,8,19
102229,Camila Díaz Romero,50000000.00,38899954,0,0.0,77
100413,Daniela José Ramírez Silva,$9500000,"$ 6,184,904",0 COP,,19
101082,Sofía Martínez Morales,18000000,12019925.00,$500000,11,
103358,Ismael Zambada Garcia,7200000.00,4385716,0,0,46
101584,,7200000,3640698,0 COP,0,25
100229,Juan Lucía Arias Silva,18000000.00,14720923,12000000.00,4,28
103448,Patricia José Moreno Moreno,$18000000,14475209,500000,7,46
100519,Ismael Zambada Garcia,35000000 COP,30072772,6400000.00,9,62
100962,Alejandro Gonzalo Mejía González,2500000.00,1013903,$ 0,0,63
103443,"CARO QUINTERO, Rafael",9500000,$4797658,12000000,2.0,56
103420,Claudia Patricia Gutiérrez Castro,2500000,1879323,0 COP,0.0,53
101780,"CABELLO RONDON, Diosdado",,1944648,$ 0,,26 años
103673,Fernando Natalia González López,25000000 COP,"$ 20,374,793",0.00,0,16
103450,Natalia Diana García Restrepo,$5000000,2405673,"$ 6,400,000",10,74
101646,Valentina Claudia Rodríguez Arias,5000000.00,3067278 COP,$500000,3,44
102522,Rafael Caro-Quintero,12000000,"$ 6,173,412",0.00,0 cuotas,39
102937,"CABELLO RONDON, Diosdado",3500000,"$ 1,970,731",0 COP,0 cuotas,
100635,Andrés Juliana Suárez Ramírez,5000000,2635221,12000000,6,
100928,Felipe Ortiz Rodríguez,$3500000,"$ 2,761,028",6400000,,62.5
100822,"PURI, Genaro",18000000,8887700.00,0,0.0,
100016,Santiago Gutiérrez Mendoza,2500000.00,1718922,0,0,72
100309,Bashar Al Assad,18000000,12236923 COP,3500000,,20
102446,Miguel A. Treviño Morales,9500000 COP,4626006,0.00,0,82.5
100158,,,,0 COP,0,
103294,Mohammed Abu Teir,2500000,"$ 1,628,094",500000.00,12,48.5
102044,Adriana Diego Castro Martínez,$5000000,3978237,$ 0,0 cuotas,36
100242,Mariana Camila Arias Moreno,3500000.00,"$ 2,840,029",0 COP,0 cuotas,36
103333,CHINA AEROSPACE SCIENCE AND TECHNOLOGY CORPORATION,18000000.00,13433310,0,0,34
101104,María Vargas Chávez,2500000.00,1355402.00,0,0,37
100574,Aleksandr Lukashenko,35000000,25582747,"$ 500,000",10,
100325,Jorge Jorge Rodríguez Moreno,35000000,29814323.00,,2,57.5
101471,Alejandro Andrés Jiménez Mejía,,,0.00,0.0,74
103611,Daniela Rojas Morales,"$ 12,000,000",7953448.00,0,,19
103783,María Mariana Pérez Moreno,25000000,16807384 COP,0.00,0,16
101207,Andrés Verónica Ospina Rojas,9500000,4770129,$ 0,0,16
101413,Camilo Diana Suárez Ospina,7200000 COP,$2956582,0,0,25
101861,Valentina Santiago Ortiz Moreno,2500000.00,1255702,0.00,0,56
100420,"ABU TEIR, Mohammed",5000000.00,4326669.00,6400000,7 cuotas,32
101194,,,"$ 22,901,534",0 COP,0,50
100537,Gonzalo Laura Suárez López,18000000 COP,12906159,$500000,6,73.5
102112,,,3146648 COP,0.00,0 cuotas,57
101083,Natalia Navarro Gómez,"$ 9,500,000",4048895.00,,0,38
100228,Jorge Chávez Rojas,"$ 3,500,000",$3136507,0,0.0,55
102499,Sofía Gutiérrez Jiménez,25000000,21281884.00,12000000,1,55
102830,,,24270109,1200000.00,12,34 años
100747,,9500000,4595563 COP,$1200000,1,55
103142,José Diego Castro García,50000000.00,,0.00,0 cuotas,
100533,Claudia Mejía Suárez,"$ 5,000,000",,0 COP,0 cuotas,67 años
100626,"ABU TEIR, Mohammed",18000000,$7903111,,0.0,74
102026,Javier Torres Ospina,25000000,10084081,$ 0,0,71
103320,Mohammed Abu Teir,"$ 3,500,000",,,8,40.5
102941,Verónica Gabriel Castro Suárez,25000000,17568222,,0,30
101293,Mateo Torres Hernández,5000000,$4287926,0 COP,0 cuotas,49
102632,Jorge Gutiérrez Ramírez,35000000,25439790.00,,0,42 años
103347,Daniela Castro Torres,$3500000,2501363 COP,0 COP,0 cuotas,15
100583,Aleksandr Lukashenko,2500000,"$ 1,389,800",$ 0,0,27
100231,Diana Patricia Ortiz Gutiérrez,25000000,$19717448,,0.0,25
103582,Mariana Restrepo Ortiz,25000000,"$ 12,182,266",,0,61
102990,Sofía Daniela Morales Díaz,"$ 25,000,000",20110988 COP,6400000.00,3,66
101175,Bashar Al Assad,$7200000,5182576,6400000,8,65
103059,Javier Pérez García,35000000,"$ 27,093,756",0.00,0,66
101827,Alejandro Moreno Castro,35000000,26550630,$ 0,0,52
101292,,,25612119,0,,67
103141,Patricia Claudia Gómez Torres,12000000,6058011.00,$ 0,0,15
102650,Jorge Mateo Jiménez Gómez,25000000.00,16279772,0.00,0,49.5
102647,Verónica María Pérez Mendoza,2500000,1527576,0,0,71
101121,Andrés Javier Moreno González,50000000,31873597,0,0.0,35
102948,Valentina Castro Rodríguez,5000000,3222236 COP,0.00,0,22
100004,Paula Valencia Mejía,,$1954995,0,0,35
103055,Juan Daniela Vargas Rojas,9500000,5807017 COP,500000 COP,7,64
100011,"ZAHHAR, Mahmoud Khaled",12000000,5594040,3500000,5,68
103650,Felipe Martínez Silva,12000000,8398201.00,$ 0,0,40
103431,HAMAS,3500000,2635069.00,0.00,0,35
100834,Tareck Zaidan El Aissami,$2500000,$1782240,0,0.0,84
100255,Luis Mateo Torres Castro,3500000.00,2782340,$ 0,0,25 años
100902,Santiago Gonzalo Suárez Rojas,5000000.00,2735361,500000,11,19
102690,,"$ 2,500,000",1449076,0 COP,0,32
101815,Valentina Mendoza Arias,12000000,$9471898,0 COP,,38
102478,Claudia Luis Torres Torres,2500000,"$ 1,707,155",,0 cuotas,64
103185,Diego Natalia Díaz Sánchez,"$ 18,000,000","$ 11,597,200",0 COP,0,30
103770,Sofía Carlos Vargas Arias,2500000.00,1317071,$ 0,0,65 años
101054,Jorge Juan Valencia Morales,"$ 50,000,000","$ 30,392,130",0,0,60
103513,Juliana Luis Torres Ramírez,$12000000,10474390,$ 0,0,72
103712,Camilo Claudia Rodríguez Díaz,3500000,2727551,,0.0,30 años
103244,"EL AISSAMI MADDAH, Tareck Zaidan",7200000,4185085,$ 0,0 cuotas,14
101921,Sofía Natalia Arias Gutiérrez,35000000,"$ 27,857,905",0 COP,0,51
101561,Andrés Jiménez Navarro,"$ 7,200,000",6276771.00,0 COP,0,16
103005,Paula Sánchez Morales,35000000,30810990.00,12000000,8,45
102524,Jorge Carlos Ortiz Rodríguez,12000000,6438116,500000 COP,,41 años
100086,Felipe Romero Silva,$7200000,,$ 0,0 cuotas,
103386,Ana Luis Suárez Gutiérrez,35000000,"$ 17,529,981",$ 0,0,18
100421,Lucía Lucía Suárez González,"$ 9,500,000",5870496 COP,0,0,54
101676,Mohammed Abu Teir,$35000000,14087641,"$ 1,200,000",6,
102552,Juliana Fernando Mendoza Castro,9500000,6131074,500000,11,15
100944,Javier Gómez López,12000000,$6757776,0.00,0 cuotas,65
100729,Mateo Moreno Restrepo,$9500000,8224126,0 COP,0,17
103538,Patricia Laura Rojas Moreno,9500000,,12000000,6,65
100869,Alejandro Lucía González Navarro,"$ 9,500,000",7461502.00,$500000,5,37
103482,Juan José Rodríguez Pérez,12000000.00,9267081,0,0,58 años
101048,Natalia Patricia Castro Rojas,12000000,9227178,$ 0,0.0,27 años
102654,Javier Laura Torres Ortiz,9500000,5227389 COP,0.00,0,67
101509,Esteban Ortiz Restrepo,7200000,"$ 5,527,148",0.00,0,31 años
102497,Mateo Juan Ortiz Ramírez,18000000,7842538,12000000,6,41 años
100961,Felipe Jorge Torres Rojas,$7200000,"$ 4,885,498",$ 0,0,72
100679,Jong-Un Kim,18000000,12643637,0 COP,0,83
102905,HAMAS,18000000 COP,9538394,$ 0,0,15
101949,,,2038986,0,0,
100095,Camilo Camila Castro Valencia,"$ 3,500,000",1668059,"$ 3,500,000",10,17
101442,José Rojas Moreno,"$ 2,500,000",1943187 COP,"$ 1,200,000",,20
100260,Verónica Sánchez Restrepo,12000000.00,9890036,$ 0,0,
103397,Patricia Ana Pérez Restrepo,5000000,$3968436,0.00,0,69
100367,Juliana Mateo Morales Mejía,50000000.00,"$ 33,537,441",3500000.00,11,45.5
103529,Joaquin Guzman Loera 'El Chapo',"$ 25,000,000",,0,0,54
103281,Luis Felipe Ortiz Suárez,12000000,8294093,$ 0,0,40
101360,Laura Ospina Ortiz,3500000,2165384,,0,46.5
103160,Natalia González Jaramillo,2500000,1811758,"$ 6,400,000",10,29 años
100307,Felipe Verónica Díaz Vargas,5000000,2243081.00,$ 0,0,42
100151,Valentina Patricia Jiménez García,7200000,6422365,$ 0,0 cuotas,58 años
100289,Nicolas Maduro Moros,2500000,2037585.00,0 COP,0,29.5
103256,Ricardo Verónica Romero Mejía,3500000,2005104,500000,11,33
102451,Laura Díaz Rodríguez,18000000,9108594,0 COP,0,53
102812,Esteban Andrés Chávez Gómez,3500000,1884333.00,0,0,36
102151,Camilo Carlos Suárez Rodríguez,7200000.00,5639399,$ 0,0,34
101001,"ABU TEIR, Mohammed",5000000,2687454,0.00,0,29
103285,Adriana Rojas Morales,12000000.00,7609790,3500000.00,5,29
103177,Jorge Ortiz Suárez,9500000,8514171,$ 0,0,62
103158,Daniela Diana Gutiérrez Suárez,9500000.00,5332350,0,0,53
102274,Adriana Patricia Vargas Sánchez,12000000,10053217,0.00,0,24
102922,Javier Díaz Pérez,$12000000,"$ 8,116,126",$ 0,,41.5
100234,Diana Laura Restrepo Díaz,"$ 9,500,000",7531206.00,0 COP,0,42
102880,Ana Martínez Gómez,18000000,10854293,1200000.00,4 cuotas,58
100895,Luis Andrés Hernández Jaramillo,3500000 COP,1554804,0.00,0.0,42
102354,Diana José Chávez Ospina,5000000,3149725.00,6400000,7 cuotas,43 años
100923,Luis Gabriel Arias Romero,18000000,15083476 COP,,0,59
102713,Verónica Díaz Torres,12000000,"$ 6,399,330",0,0,59
103545,José Ricardo Gómez García,35000000,15710118,$ 0,0,71
100146,HAMAS,2500000,1476087,"$ 1,200,000",5,18
103013,,,,,0,15
101725,,35000000.00,$19192923,1200000,1,70
101000,Claudia Sánchez Mejía,50000000,"$ 44,927,282",6400000.00,11,14
102423,Camilo José Jiménez Jiménez,"$ 50,000,000","$ 21,415,350",$ 0,0 cuotas,32
101267,Felipe Gómez Jaramillo,9500000,4391306,0,0,62
100910,"AL-ASSAD, Bashar",9500000.00,,0,0,
103578,,"$ 7,200,000",3863313,0,0,
101476,Diego Claudia Jiménez Castro,7200000,5395591,0 COP,0,31
100922,Claudia Gómez Rodríguez,18000000,7533716,0,0,36
102633,"SAAB MORAN, Alex Nain",$35000000,25244541.00,0,0,31.5
100388,Juan Díaz Gómez,2500000,1947473,$ 0,0,57
100132,Esteban Diana Mejía Moreno,5000000,"$ 4,360,398",0.00,0,45
101938,Aleksandr Lukashenko,"$ 7,200,000",5272496 COP,0 COP,0,55 años
103003,Santiago Adriana Mendoza Castro,25000000,"$ 22,498,214",0 COP,0,30
103638,Verónica Santiago Gómez Torres,"$ 35,000,000",17751978 COP,"$ 3,500,000",2,15
101164,Juan Gómez Ospina,"$ 18,000,000",13380896 COP,0,0,36
101380,,7200000.00,5394030,,1,27
102944,Felipe Moreno García,,"$ 38,436,340",0.00,0.0,72
102430,,9500000.00,5493551.00,,0,79
100232,Diego Torres Silva,50000000,$34585172,0.00,,47.5
100024,Laura Natalia Vargas Rodríguez,3500000,2028569,0.00,0,67
101486,Daniela Vargas Gómez,,2001357,0 COP,0.0,85
101725,,35000000.00,$19192923,1200000,1,70
101590,Luis Claudia López González,25000000,21384694,0.00,0,15
100865,Santiago Mariana Castro Morales,"$ 50,000,000",$30351159,$ 0,0,32
101777,Juliana Restrepo Moreno,25000000,18419305,$ 0,0,14
101540,Fernando Verónica Gutiérrez Hernández,$9500000,7481786,0,0,25
102657,Ana Paula Martínez García,5000000,4435773 COP,0.00,0 cuotas,70
102107,Jamileh Abdullah Al-Shanti,$18000000,"$ 13,822,041",0 COP,0,40
102799,Fernando Gutiérrez Ramírez,18000000 COP,15126507.00,0,0,43
103527,,9500000,8287648,0 COP,0,50
101773,Ana Ricardo Chávez Valencia,$12000000,6717856,0 COP,,53
100929,Javier Felipe Navarro Ortiz,7200000,6401144,1200000,6,14.5
103008,,,"$ 1,647,608",0,0,55.5
101426,Bashar Al Assad,18000000,"$ 10,576,550",0 COP,0,54
101928,Diana Gabriel Ospina Restrepo,5000000.00,2188897,0 COP,0,26.5
101739,Mariana Ortiz Vargas,9500000,$6008447,"$ 6,400,000",11.0,72.5
100894,Valentina Patricia Rojas Rojas,2500000 COP,1951315.00,0,0,23
102338,José Lucía Sánchez Castro,18000000 COP,11405992,$ 0,0,34
101262,Diana Jiménez Rodríguez,50000000,"$ 32,209,623",$ 0,0,53.5
103320,Mohammed Abu Teir,"$ 3,500,000",3067663.00,$12000000,8,40.5
103319,Laura Camilo Rodríguez Mendoza,2500000 COP,1017050.00,"$ 1,200,000",5.0,
100762,Javier Andrés Restrepo Jiménez,"$ 18,000,000","$ 15,633,532",0 COP,0 cuotas,17
100892,,9500000.00,6393096.00,0.00,0,43
102931,Bashar Al Assad,35000000 COP,$23933153,$ 0,0,17
101889,Andrés Ospina Mejía,5000000,2726440.00,0,0.0,14
103378,Jong-Un Kim,9500000,$7281445,,0,41
102096,Valentina González Navarro,9500000,6788590 COP,0.00,0,38
102247,Laura Carlos Mejía García,7200000 COP,4185893,0 COP,,
103645,Laura Lucía Gómez Martínez,3500000,"$ 1,591,407",$ 0,0,35
101152,China Aerospace Science & Tech Corp,5000000,"$ 2,559,770",$6400000,11,60 años
102836,Felipe Suárez López,35000000,16712905,0.00,0,27
103418,"SANCHEZ CEREN, Salvador",9500000,,0 COP,0,39
102130,,$12000000,"$ 5,518,518",0.00,0,53.5
103224,Gonzalo Gabriel Martínez Chávez,18000000.00,13152176,3500000,1,60.5
102297,Diego Santiago Mejía Jaramillo,5000000.00,2814203,0 COP,0,72
102658,Juliana Romero Hernández,35000000,17233412,500000,7,19
101495,Rafael Caro-Quintero,35000000,19419073.00,0 COP,0,54
101993,Mateo Daniela Restrepo Vargas,18000000,13446279,500000,2 cuotas,25.5
100632,Javier Diego Navarro Gómez,2500000,1858936,0,0,46
102846,Natalia Alejandro Ortiz Jiménez,,"$ 19,682,670","$ 3,500,000",3,63
102091,Fernando Luis López González,3500000,,0 COP,0,33
103247,China Aerospace Science & Tech Corp,2500000.00,$2083469,6400000,7,38 años
103389,Sofía Jorge Arias Jiménez,5000000.00,2322964,$ 0,0,
103335,Carlos Ramírez Jiménez,"$ 12,000,000",7795323.00,$3500000,8,
102041,Adriana Diana Moreno Valencia,,3507896.00,$500000,,35
102299,Camilo Rojas Ortiz,7200000,6432413,0 COP,0,14
100524,Mohammed Abu Teir,35000000,"$ 24,585,257",0.00,0 cuotas,18
102230,Juliana Gutiérrez González,3500000,2174588,1200000,3,62
103267,Nicolas Maduro Moros,"$ 18,000,000",11816919.00,0 COP,0.0,
101669,Valentina Alejandro García Gutiérrez,2500000,2182648.00,3500000 COP,5 cuotas,60
102639,Fernando Arias Chávez,7200000,6161105,0 COP,,17
101705,Santiago Natalia Gómez Navarro,3500000,1508371,0 COP,0,66.5
101389,Verónica Mariana Rodríguez López,9500000,7698511.00,,0 cuotas,29
101278,Adriana Valentina Valencia Mendoza,50000000,"$ 20,264,177",0.00,0,48
101093,Daniela Ramírez Rojas,"$ 2,500,000","$ 1,603,978",,3,65
102530,María Pérez Jaramillo,7200000,6259989,$6400000,9.0,27
100853,Ana Ricardo Hernández Rodríguez,,4217700,0.00,0,23
100368,Gabriel Romero González,12000000,"$ 7,660,740",0,0,15
100062,Paula Adriana Sánchez Vargas,"$ 18,000,000","$ 13,672,276",$ 0,0 cuotas,71
102778,"AL-ASSAD, Bashar",5000000 COP,2720931,1200000,8,23
100270,Claudia Jorge Castro Morales,5000000,3795936,$ 0,0,16
100044,Daniela Torres García,9500000,4289145.00,$1200000,7,17
101961,Ana Diana Jaramillo López,9500000.00,"$ 7,743,840",0 COP,0,42 años
101554,Rafael Caro-Quintero,25000000,$18419071,0 COP,0,
100793,,7200000,4089208.00,500000,8,40.5
102841,Adriana Jaramillo Rojas,50000000.00,,0,0.0,33
101344,Fernando Suárez Valencia,25000000.00,,"$ 1,200,000",10,34
100087,Luis Gabriel Gómez Ospina,25000000,11275295 COP,$ 0,0,75
102973,Esteban Valencia Ramírez,"$ 9,500,000",$7756416,$ 0,0,30
100442,Diana Gonzalo López Mendoza,"$ 2,500,000","$ 2,206,570",0.00,0,68
103284,Paula Lucía González Sánchez,12000000,9904990.00,$ 0,0,32.5
102460,Ana Santiago Morales Rodríguez,50000000,,$ 0,0,60.5
103405,Camila Andrés Restrepo Martínez,50000000,38482984,0 COP,0,
100235,Adriana María Ospina Mejía,12000000,$9637621,0.00,0,21.5
103225,Mateo Gabriel Rojas Díaz,35000000 COP,"$ 26,020,000",,2.0,
102947,Mariana Esteban Romero Jaramillo,50000000.00,27058163 COP,500000,1,40
103313,"CABELLO RONDON, Diosdado",50000000,24696200,0 COP,0,70
102293,Santiago Claudia Silva Morales,5000000,3448942,500000 COP,6,17.5
101994,Claudia Gabriel Suárez Suárez,5000000,3952397,0.00,0,75
100950,Mariana Juliana Martínez Torres,50000000,30420806.00,0 COP,0,30
103235,Ana Gonzalo Valencia Rodríguez,3500000,2377102,0,0,
101967,Natalia Jiménez Torres,2500000.00,1688003,$500000,3.0,65.5
101300,Mariana Alejandro Ramírez Rojas,9500000,8201378,1200000,6,52
100935,Alex Nain Saab Moran,$3500000,1989414,0,0.0,33
102293,Santiago Claudia Silva Morales,5000000,3448942,500000 COP,6,17.5
101467,Mariana María Sánchez Chávez,"$ 2,500,000",$1237346,$ 0,0,30
101320,Juliana Diego Restrepo Rojas,35000000 COP,19112391.00,0,0 cuotas,20.5
103125,Juan González Gutiérrez,7200000,5876024,0,0 cuotas,52
101653,Mariana Camilo Arias García,35000000.00,18038832,0,0,67.5
103048,Gabriel Castro Torres,12000000,9907698,"$ 12,000,000",4,33 años
103314,Sofía Martínez Vargas,"$ 25,000,000","$ 14,808,312",$500000,4,57
101101,Ismael Zambada Garcia,3500000 COP,"$ 1,932,451",12000000,4,74
102673,CHINA AEROSPACE SCIENCE AND TECHNOLOGY CORPORATION,25000000,17078267,0 COP,0,58
102869,"AL-SHANTI, Jamileh Abdullah",2500000,,$ 0,0,23 años
103370,,5000000,2279482 COP,0.00,,31
102452,Claudia Sofía Navarro Arias,50000000,"$ 27,691,258",0,0,41
103217,Miguel A. Treviño Morales,12000000,,12000000,2.0,32
102847,María Navarro Mendoza,$18000000,14332754.00,0.00,0,26.5
101967,Natalia Jiménez Torres,2500000.00,1688003,$500000,3.0,65.5
101785,Alejandro Silva Romero,12000000,7066425.00,0,0,55
103558,China Aerospace Science & Tech Corp,12000000,5062547,$ 0,0.0,30
100267,Andrés Silva Díaz,"$ 5,000,000",3528307.00,0.00,0,54
103384,Verónica Camila Arias Romero,12000000,5359336.00,12000000,10,62
103351,Natalia García Ramírez,$35000000,21937046,0 COP,,34
101239,María Navarro Mejía,,3068907 COP,0.00,0,22 años
102783,Luis Claudia Moreno Navarro,5000000,3538787.00,3500000,,42
103397,Patricia Ana Pérez Restrepo,5000000,$3968436,0.00,0,69
100346,Santiago Chávez López,25000000 COP,12446446,$ 0,0,22
101897,Luis Chávez López,"$ 12,000,000","$ 10,450,453",0 COP,0,16
100212,Natalia Romero Díaz,18000000,9220637 COP,0,0,72
102711,Luis Navarro Rodríguez,25000000,19503803,$6400000,12,
100637,Camilo Santiago López Suárez,25000000,15343896,12000000,5,26 años
103653,Verónica Juliana Castro Mendoza,$50000000,$28196708,12000000,9 cuotas,25
100675,,3500000,3065213,$1200000,3,
102294,Gonzalo Sánchez Gutiérrez,"$ 7,200,000",3494791.00,$ 0,0,29
103478,Mohammed Abu Teir,9500000,"$ 8,524,088",$ 0,0 cuotas,66.5
100102,Andrés Hernández Valencia,9500000,3857986,0 COP,0,30
101521,Juliana Mejía Hernández,50000000,21474862 COP,0 COP,0,17
102434,Alex Nain Saab Moran,25000000,19067022,3500000,7,
100325,Jorge Jorge Rodríguez Moreno,35000000,29814323.00,12000000,2,57.5
101975,Mahmoud Khaled Zahhar,5000000 COP,$2741327,"$ 500,000",3,16
102297,Diego Santiago Mejía Jaramillo,5000000.00,,0 COP,0,72
103087,Miguel A. Treviño Morales,35000000.00,26891517,"$ 3,500,000",10,
101832,"LUKASHENKO, Aleksandr",2500000,1372721,6400000,2,62 años
100141,,7200000 COP,"$ 3,889,310",0,0,18
103248,Fernando Alejandro Moreno Díaz,25000000,"$ 22,369,681",0.00,0,23
103382,Carlos Santiago Mendoza García,12000000,7751979,6400000.00,8 cuotas,50
101220,Nicolas Maduro Moros,50000000.00,39486262 COP,$ 0,0 cuotas,48
100494,"AL-ASSAD, Bashar",50000000,"$ 25,405,795",12000000,2,17
100513,Camila Luis Navarro Chávez,2500000 COP,1605146,0 COP,0,25
102001,"TREVIÑO MORALES, Miguel Angel",9500000,,6400000 COP,2,25.5
102804,Gabriel Restrepo Hernández,12000000,$9985693,0.00,0.0,60 años
100906,"LUKASHENKO, Aleksandr",25000000.00,,12000000,4,40
101209,"KIM, Jong Un",7200000.00,4967892,$ 0,0,
102252,Alex Nain Saab Moran,"$ 2,500,000",2063590 COP,0.00,0,28
100535,Gabriel Camila Jiménez Gutiérrez,2500000,1385720 COP,0.00,0,53
101761,Mariana Diego González Valencia,9500000,5315854 COP,1200000,9,14
100161,Andrés Jorge Díaz Sánchez,5000000.00,3669449 COP,"$ 500,000",3 cuotas,35
102684,Gabriel Sánchez Suárez,5000000,3165793 COP,0.00,0,83.5
103097,"PURI, Genaro",12000000 COP,"$ 5,196,694",6400000 COP,11,73
102470,Alejandro Andrés Silva Hernández,7200000,3931523.00,"$ 6,400,000",10,14
101288,Esteban María Ospina Pérez,25000000 COP,11246396,1200000,2.0,16 años
101080,Sofía Morales Rodríguez,50000000,$38222846,0 COP,0,17
100630,Camilo Camila Jiménez Silva,,14689124 COP,$ 0,0,58
103297,China Aerospace Science & Tech Corp,"$ 9,500,000",5595360,$ 0,0,34.5
100788,Ricardo Sofía Hernández Castro,"$ 9,500,000",3906781.00,1200000,4,24
100922,Claudia Gómez Rodríguez,18000000,7533716,0,0,36
102266,,35000000,"$ 29,063,644",$ 0,0,47
101239,María Navarro Mejía,3500000,3068907 COP,0.00,0,22 años
101823,Adriana Torres Gómez,5000000,2167713,0 COP,0,52
100527,Diego Lucía Ortiz Romero,"$ 25,000,000",10422125,0 COP,0,44
103132,Ricardo Jiménez Hernández,7200000,2890763,0.00,0,53
101433,Rafael Caro-Quintero,2500000,1051293,0.00,0,41
101881,Natalia Daniela Rojas Díaz,"$ 2,500,000",2123138.00,0,0,16
101589,Luis Jorge Chávez Arias,2500000,1273523,0,0,48.5
102770,,$25000000,17896698,0 COP,,47.5
102543,Andrés Gómez Jiménez,3500000.00,,$ 0,0,17
102664,Camila Sánchez González,50000000,33605446 COP,0 COP,0,32
100942,Luis Natalia Moreno Ortiz,$7200000,4930211,0 COP,0,20
102947,Mariana Esteban Romero Jaramillo,50000000.00,,500000,1,40
100343,,5000000,3240508 COP,0,0,42
102836,Felipe Suárez López,35000000,16712905,0.00,0,27
103695,Patricia Camilo Mejía Vargas,"$ 7,200,000",4983755.00,0.00,0,45
103052,Valentina Paula Mendoza Ospina,"$ 50,000,000",22661068,0.00,0 cuotas,
102140,Valentina Gutiérrez Silva,"$ 25,000,000",10871988,0.00,0.0,65 años
102279,,"$ 25,000,000",18150428,0 COP,0,67
103710,Andrés Javier Valencia Gómez,5000000,4381973.00,0,0,41
100913,Alejandro Morales González,25000000,$12923306,0.00,0 cuotas,64
101397,Patricia Ospina Restrepo,"$ 5,000,000",2468578,,0,53
102427,"CABELLO RONDON, Diosdado",,24272563,$ 0,0,31
102576,Camilo Valentina Pérez Rodríguez,2500000 COP,,0,0,82
103299,Felipe Silva Gómez,25000000,18364382,0 COP,,32
101718,,50000000,31091329,0,0 cuotas,17
100190,Lucía Sofía Arias Mejía,25000000,15265630,0.00,0,27
100519,Ismael Zambada Garcia,35000000 COP,,,9,62
101736,Ana Daniela Mendoza Ospina,5000000 COP,"$ 2,746,887",0,0,46 años
102686,"CABELLO RONDON, Diosdado","$ 25,000,000","$ 14,061,443",0.00,0,14
103297,China Aerospace Science & Tech Corp,"$ 9,500,000",5595360,$ 0,0,34.5
100554,Mohammed Abu Teir,"$ 2,500,000",1413887.00,0 COP,0,46
102789,Juan Felipe Chávez Ospina,50000000.00,43478856.00,$ 0,0,48
103249,,,3066788.00,$ 0,0,30
101070,"AL-ZAZA, Ziad",2500000 COP,2043148,$ 0,0,17 años
101723,Patricia Gabriel Jiménez Torres,35000000.00,19201112,0,0,54 años
101311,,50000000,31280807 COP,$ 0,,45
100028,Natalia Juan Sánchez Gómez,12000000,8726194,$ 0,,18
103219,Ziad Al Zaza,"$ 25,000,000",12285898.00,0.00,,85 años
103517,,9500000,8299455.00,0 COP,0,19 años
100839,Verónica Torres Ramírez,9500000,5994232,0,0.0,51
101102,Camilo Javier Valencia Hernández,12000000,7762911,0 COP,0 cuotas,23
102538,"ZAMBADA GARCIA, Ismael",5000000 COP,2064113 COP,$ 0,0,22 años
102203,Felipe Mateo Morales Jiménez,"$ 12,000,000",6254640,$ 0,0,23
102641,Bashar Al Assad,35000000 COP,22380338,"$ 12,000,000",11,53
103159,Diego Navarro Restrepo,9500000.00,5314580,0 COP,0,59
101638,Mateo Pérez Gutiérrez,12000000 COP,$5714034,0 COP,0,19
103728,Jorge Luis Jiménez Suárez,"$ 2,500,000",1965512 COP,,0,21
100353,Felipe Navarro Martínez,25000000,13986334 COP,0,0,46.5
102569,,$5000000,"$ 3,487,979",$ 0,0,54
103484,Santiago Verónica Valencia Suárez,50000000,44682478,$ 0,0,78
103207,Alex Nain Saab Moran,35000000,27212111,500000,10,35
102263,María Suárez Suárez,50000000 COP,,$ 0,0.0,60
101456,CHINA AEROSPACE SCIENCE AND TECHNOLOGY CORPORATION,25000000.00,"$ 21,532,799",0,0,63
101408,Felipe Gómez Ramírez,9500000,6577310,0 COP,0,38
101390,Claudia Carlos Gómez González,12000000 COP,10578513.00,,8.0,34
102542,Felipe Vargas Mendoza,$2500000,1599589 COP,0 COP,0,81
100475,Javier Arias Pérez,9500000,$7918476,,4,44.5
103199,Joaquin Guzman Loera 'El Chapo',50000000,43773884,6400000 COP,1,15
101183,Alejandro Sofía Ortiz Hernández,7200000,5544136.00,3500000,,72.5
102741,Santiago Verónica Sánchez Pérez,"$ 35,000,000","$ 25,345,020",0.00,0 cuotas,53
101093,Daniela Ramírez Rojas,"$ 2,500,000","$ 1,603,978",6400000 COP,3,
100642,Adriana Ortiz Restrepo,18000000,16015366 COP,0,,35
102053,Bashar Al Assad,35000000,16578601 COP,6400000 COP,6,35
101573,,2500000,1460815,0 COP,0,51
103583,Adriana Santiago Navarro Silva,18000000 COP,"$ 15,502,532",0 COP,0,
101069,Rafael Caro-Quintero,$35000000,"$ 22,698,602",1200000.00,5,28.5
101178,Verónica Moreno Rojas,,20108651.00,0,0,23 años
103134,María Suárez Morales,50000000,29807545,1200000.00,9,70
102190,Luis Esteban Sánchez Castro,2500000,1223496,"$ 500,000",3,16
101008,Paula Restrepo Vargas,50000000,41239738,0 COP,0,37
102923,Diosdado Cabello Rondon,,11042327.00,6400000.00,5,
103547,Valentina Chávez Gómez,25000000,14510653,0 COP,0,18
102475,Rafael Caro-Quintero,18000000,12514823,6400000,,16
101601,Jong-Un Kim,7200000,6135731.00,0 COP,0,14
102210,"PURI, Genaro",12000000,6106769.00,0.00,0,15
103520,Gabriel Fernando Gutiérrez Arias,$12000000,5686841 COP,0.00,0 cuotas,54
102854,,,7515698 COP,6400000,5,
102347,Ricardo Natalia Valencia Restrepo,9500000,5727506,0,0,62
100930,Jamileh Abdullah Al-Shanti,50000000,$31182912,6400000,1.0,43
102846,Natalia Alejandro Ortiz Jiménez,35000000,"$ 19,682,670","$ 3,500,000",3,63
103133,Alex Nain Saab Moran,7200000.00,3605987,,0.0,65
102838,Natalia Hernández Sánchez,50000000,$22568590,,12,77 años
100733,Santiago Andrés Valencia Díaz,18000000,,6400000,7 cuotas,59
100548,Juan Gonzalo Gutiérrez Suárez,"$ 3,500,000",2016486,$ 0,0,50
101557,,3500000,2376435,0.00,0,39
100743,Sofía Arias Gómez,"$ 2,500,000",,0.00,0,31
102426,José Castro Valencia,18000000,,1200000.00,10,20
102777,Aleksandr Lukashenko,,25514313,0 COP,0,17
101078,Javier Santiago Martínez Navarro,12000000,9917245,3500000,12,25
103366,Jong-Un Kim,25000000,10607617.00,500000.00,12,47
103288,Javier Romero Silva,,1663927.00,$ 0,0,53
102510,"SAAB MORAN, Alex Nain","$ 35,000,000",19989212.00,0,0,
101097,Ana Lucía Hernández García,,7797305,500000.00,1,26
101645,Natalia Gabriel Restrepo Valencia,"$ 2,500,000",,12000000 COP,3,35 años
102375,Aleksandr Lukashenko,$18000000,9841261.00,$ 0,0,50
102554,Ismael Zambada Garcia,7200000,6438067,0.00,0,64
100107,Juan Gómez Torres,7200000,3545378,0,0 cuotas,69
102644,Valentina Diana Rojas Martínez,2500000,1508414.00,0 COP,,14
100744,Daniela Mejía Hernández,12000000,5906182 COP,0,0,48
103026,Gonzalo Alejandro Ortiz Valencia,5000000,2538688,6400000,8.0,48
102242,Mariana Patricia Jaramillo Mejía,"$ 9,500,000",4913665.00,0,0,29
101351,Carlos Juliana Castro López,,9134525,0 COP,0,29
100091,Mariana Diana Pérez Valencia,18000000,8423138.00,0 COP,0,66
100781,Felipe Gabriel López Sánchez,3500000,"$ 2,214,441",$ 0,0,33
100251,Santiago Gutiérrez Jiménez,50000000 COP,"$ 44,530,414",,6,54
101559,Alejandro Díaz Hernández,12000000,5557967,0,0 cuotas,15
101170,Ana Ana Morales López,"$ 2,500,000",1270981 COP,1200000,9,49
100283,"AL-ASSAD, Bashar",18000000,12012822,,8,44
101606,"ZAHHAR, Mahmoud Khaled",25000000.00,17318632.00,12000000 COP,11.0,72
102954,China Aerospace Science & Tech Corp,7200000.00,5767460,0,0.0,22
101758,Lucía Camila Chávez Restrepo,"$ 35,000,000",28107152,500000,4,31
102831,Javier Diego Castro Vargas,9500000,"$ 7,105,957",0.00,0,71.5
100806,Jorge Lucía García Gutiérrez,50000000,30240708,0 COP,0,23
100890,Fernando María Díaz Ramírez,5000000 COP,2292072.00,0 COP,0,42
101225,Ana Camila Mejía Navarro,25000000,10843918 COP,,0,74
101813,"TREVIÑO MORALES, Miguel Angel",,1642140,0.00,0,40
103707,Paula Javier López Díaz,$7200000,3181810,0.00,0.0,
100805,Santiago Ana Gómez Moreno,2500000.00,"$ 1,696,908",12000000.00,,47
103226,Diego Ortiz Chávez,25000000 COP,11517826.00,1200000.00,5,36
103122,Diana Camilo Ramírez Mejía,12000000,5541692,$ 0,0,
103312,Mariana Gutiérrez Silva,2500000,1394494,0 COP,0,68
101974,,,8626061.00,0.00,0,70
101167,Andrés Luis Gutiérrez Romero,2500000.00,2043243,,6,75
101022,"AL-ASSAD, Bashar",25000000,19095215 COP,0 COP,0,59
102340,,35000000.00,27131215.00,0,0,31
103288,Javier Romero Silva,,1663927.00,$ 0,0,53
100728,Natalia Jiménez Jiménez,50000000,28918414,$ 0,0,40
100202,Mateo Adriana Rodríguez Chávez,$9500000,$4738376,0 COP,0,34
103364,"ABU TEIR, Mohammed",5000000.00,4119761.00,0 COP,,54
103483,Alejandro Díaz Restrepo,12000000 COP,6291317.00,12000000,5,17
101959,HAMAS,5000000,3316855,$ 0,0 cuotas,46
100176,China Aerospace Science & Tech Corp,25000000 COP,"$ 11,378,970",0.00,0 cuotas,73
103061,Bashar Al Assad,25000000,22156489 COP,0,0 cuotas,32
100252,,18000000,12084751,$ 0,0.0,49
102699,Carlos López Mendoza,12000000,,500000,2,43.5
102145,Claudia Martínez Suárez,3500000.00,2752404,0,0,54
103026,Gonzalo Alejandro Ortiz Valencia,5000000,2538688,6400000,8.0,48
102392,,,,0,0,40 años
101160,Valentina Fernando Vargas Rodríguez,5000000.00,"$ 3,533,458",12000000,,59
101877,,9500000,"$ 4,567,514",0,0,26
101517,Mateo Juan Díaz Hernández,50000000.00,26445913.00,0 COP,0,14
103157,Carlos Javier Torres Romero,9500000,4170193.00,1200000,9,20
101651,Claudia Ortiz Suárez,"$ 50,000,000","$ 43,566,841",$ 0,0 cuotas,53
101403,CHINA AEROSPACE SCIENCE AND TECHNOLOGY CORPORATION,$3500000,2191430,0 COP,0,54
103715,Fernando Jorge Hernández Hernández,25000000 COP,15868587,$ 0,0.0,58
103077,Camila Esteban Arias Moreno,2500000,1691759 COP,$ 0,0,17
101333,HAMAS,"$ 2,500,000",1783105.00,"$ 500,000",7,55 años
101424,Paula García López,7200000,5782404 COP,0,0 cuotas,74
100594,Luis Gómez Valencia,"$ 5,000,000",3013793 COP,0.00,0,26
102945,Camila Rodríguez Restrepo,50000000.00,25773222,0,0.0,20
102753,Ricardo Santiago Jiménez Morales,5000000,4165549,0.00,0,49
103323,Mahmoud Khaled Zahhar,9500000,6928772,"$ 500,000",8,53.5
102114,Ana Martínez Morales,2500000,$1926303,500000,,76
101220,Nicolas Maduro Moros,50000000.00,39486262 COP,$ 0,0 cuotas,48
103440,Javier Suárez Romero,$18000000,"$ 14,941,374",0.00,0,78
103355,Laura Romero Jiménez,25000000,$22048335,0.00,0,
101879,"GUZMAN LOERA, Joaquin",9500000.00,7530000 COP,0,0,16
100340,Andrés Restrepo Martínez,,2970310,0,0,29
103241,Juan González Jiménez,12000000,8489108.00,0,0,46
101827,Alejandro Moreno Castro,35000000,26550630,$ 0,0,52
102402,"MADURO MOROS, Nicolas",35000000 COP,26023688.00,3500000,2 cuotas,70
101601,Jong-Un Kim,7200000,6135731.00,0 COP,0,14
101602,Camilo Jorge Valencia Romero,$50000000,26683576 COP,0,0,63
101391,Alejandro Rodríguez López,3500000,3052389,,0,27
101518,"SAAB MORAN, Alex Nain",3500000.00,1969513,0.00,0,15
100269,Juliana Andrés Ortiz Hernández,7200000,"$ 4,997,829",3500000.00,9,65
103039,María José Sánchez Sánchez,12000000 COP,7326625,,9.0,17.5
101812,Andrés Esteban Vargas Pérez,"$ 9,500,000","$ 7,167,924",0,0,36
101783,Diana Daniela Ramírez Navarro,18000000,14673658,0.00,0 cuotas,18 años
102628,Valentina Diego Pérez Morales,50000000.00,"$ 43,915,615",0 COP,0 cuotas,26
103372,"SAAB MORAN, Alex Nain","$ 18,000,000",7846408,0 COP,0,40
102030,,"$ 12,000,000","$ 7,539,711",3500000 COP,6,60
101017,,5000000,2849738.00,0,0,
100232,Diego Torres Silva,50000000,$34585172,0.00,0,47.5
103507,Jorge Claudia Gutiérrez Restrepo,"$ 2,500,000",1654145,"$ 12,000,000",1,27
103713,Valentina Ortiz Jaramillo,2500000,1060293,"$ 3,500,000",8,
103631,Juan Díaz Silva,$50000000,43234089,500000,2,17
100914,Camilo María Navarro Ospina,5000000 COP,3894423,3500000,2,36
101909,Ana Adriana Valencia Sánchez,7200000,$4397730,12000000,9,42
103054,Ricardo Esteban Chávez Gómez,5000000.00,2040549.00,$ 0,0,54 años
102215,María María Sánchez Pérez,"$ 9,500,000",,0,0.0,20
100779,Sofía Mariana Rojas Moreno,"$ 50,000,000",33187204,0.00,0,31.5
100916,Mohammed Abu Teir,"$ 2,500,000",2115007.00,"$ 500,000",11,15
102541,,,8498740 COP,0 COP,0,71
102678,Ricardo Sofía González Morales,50000000,20496977,$ 0,0,16
103469,José Gutiérrez Ramírez,25000000,$15888641,0,0 cuotas,23 años
101651,Claudia Ortiz Suárez,"$ 50,000,000","$ 43,566,841",$ 0,0 cuotas,53
101548,,"$ 50,000,000",24885333,0,0,34
101476,Diego Claudia Jiménez Castro,,5395591,0 COP,0,31
100072,Andrés Jaramillo García,"$ 3,500,000",1977544,0.00,0,
102142,Javier Sofía Torres Rojas,2500000,$1606326,$ 0,,52
102912,Mateo Felipe Ramírez Mejía,35000000,24575065,0 COP,0.0,75
101963,Tareck Zaidan El Aissami,12000000 COP,7367497 COP,0,0,
100310,Fernando Verónica Restrepo Rodríguez,2500000,1899628.00,0,,
101135,Jorge Torres Gómez,50000000,25653977.00,0,0,25
100816,José Ramírez Arias,"$ 50,000,000",42330654,0 COP,0,23
101875,CHINA AEROSPACE SCIENCE AND TECHNOLOGY CORPORATION,7200000.00,5724140,$ 0,0 cuotas,66
103383,Rafael Caro-Quintero,9500000,,$ 0,,44
100141,,7200000 COP,"$ 3,889,310",0,0,18
100855,Ricardo Chávez Silva,50000000.00,42238627,1200000 COP,10,35
100613,Lucía Juan Vargas Vargas,7200000,"$ 4,535,160",$ 0,0,36
101235,"LUKASHENKO, Aleksandr",50000000,22123925,0,,67.5
103123,Natalia Javier Castro Martínez,9500000,4636171,0.00,0,21
103137,Natalia Javier Navarro Sánchez,"$ 5,000,000",4143474,0.00,0,46 años
100635,Andrés Juliana Suárez Ramírez,5000000,2635221,12000000,6,39
102131,Alejandro Lucía Ramírez Valencia,12000000,9668548.00,$ 0,0.0,65
101219,Alejandro Ramírez Ortiz,9500000,"$ 5,317,457",0.00,0,43
103352,Patricia Lucía Hernández Ortiz,,34533858.00,0.00,0,48
101514,Camilo Juan Romero Rojas,35000000,15636889.00,0,0,14
102540,Adriana Gabriel Valencia Romero,35000000,26143481,0,0 cuotas,29
101358,Camila Patricia Valencia López,$12000000,,,7 cuotas,48
101577,José Andrés Mejía Mendoza,35000000,27577587,0 COP,0,45
103486,Fernando Ramírez Ospina,"$ 35,000,000","$ 30,621,113",0,0 cuotas,38
102249,Jorge Ospina Gutiérrez,9500000.00,3902784,0 COP,0,66
102862,Carlos Mateo Suárez Moreno,3500000,1954165,0,0 cuotas,18
103638,Verónica Santiago Gómez Torres,"$ 35,000,000",17751978 COP,"$ 3,500,000",2,15
100792,Laura Valencia Ospina,3500000,$2099581,0,0,40
101548,,"$ 50,000,000",24885333,0,0,34
100082,Ismael Zambada Garcia,25000000.00,10676737 COP,0,0,16
101737,"LUKASHENKO, Aleksandr",7200000,4525331,0 COP,0 cuotas,
100705,Camilo Lucía Jaramillo Navarro,9500000,8294940,0.00,0,59 años
102671,HEZBOLLAH,50000000,,,0,70 años
101885,"CARO QUINTERO, Rafael",7200000,5551754.00,0,0,61
100619,Ricardo Díaz Moreno,$18000000,"$ 7,416,633",0,0 cuotas,66
100912,Jamileh Abdullah Al-Shanti,$7200000,4718490 COP,,,
103512,Laura Paula Hernández Vargas,12000000,"$ 10,220,511",$ 0,0,70.5
103203,"AL-SHANTI, Jamileh Abdullah",50000000,37823765,$ 0,0,66.5
100398,Carlos Suárez Díaz,9500000,"$ 5,561,257",$ 0,0,34
103503,Alejandro Hernández Silva,2500000,1918688,0.00,0,14 años
100657,Camila José López González,18000000,,$ 0,0,75.5
101930,Gabriel Jiménez Moreno,18000000,"$ 10,990,265",0 COP,0,58
100764,Verónica Ricardo Rodríguez Rojas,$50000000,"$ 21,731,327",0 COP,0,20
103583,Adriana Santiago Navarro Silva,18000000 COP,"$ 15,502,532",0 COP,0,
102740,Adriana Díaz Chávez,,$3517305,0.00,0,49 años
100794,"AL-ZAZA, Ziad",$18000000,"$ 8,407,150",$ 0,0 cuotas,17
101544,José Valentina Martínez Rojas,18000000.00,"$ 7,971,247",0,0,29
101830,,,2092501,500000,,33
102718,Laura Mateo Romero Silva,7200000.00,"$ 6,099,979",0 COP,0,15 años
100075,Ricardo Andrés Mejía Rojas,3500000,1554675,$500000,5,27 años
100429,Mahmoud Khaled Zahhar,12000000,8805867,$ 0,0,42
101780,"CABELLO RONDON, Diosdado",3500000,1944648,,0,26 años
103540,Lucía Castro Pérez,12000000 COP,"$ 10,031,643",$ 0,0,64
100865,Santiago Mariana Castro Morales,"$ 50,000,000",$30351159,$ 0,0,32
103012,Fernando Chávez Moreno,25000000,19460352 COP,,7,32 años
103450,Natalia Diana García Restrepo,$5000000,,"$ 6,400,000",10,
100074,Camilo Restrepo Romero,,,500000 COP,9,63
100439,María Claudia González Morales,3500000,$1476748,500000.00,1,16
100861,"AL-ASSAD, Bashar",12000000,9808813,0,0 cuotas,56
103482,Juan José Rodríguez Pérez,12000000.00,9267081,0,,58 años
101769,Patricia Rojas Navarro,"$ 3,500,000",3104852,500000,7,19 años
100176,China Aerospace Science & Tech Corp,25000000 COP,"$ 11,378,970",0.00,0 cuotas,73
100129,Laura Sofía Díaz Mendoza,"$ 35,000,000",14735574,"$ 3,500,000",7 cuotas,45
100815,Valentina Natalia López Rodríguez,35000000,,"$ 500,000",7 cuotas,31
102814,José Gabriel Hernández Silva,9500000 COP,8281427.00,,0,41 años
102846,Natalia Alejandro Ortiz Jiménez,35000000,,,3,63
103168,Jorge Martínez Rodríguez,"$ 18,000,000",9106840.00,6400000,2,60
100877,Claudia Mariana Pérez Gómez,5000000 COP,3367894,0 COP,0,49
102834,Juliana Mendoza Castro,"$ 12,000,000",7190567,$ 0,0,20
101049,"EL AISSAMI MADDAH, Tareck Zaidan",35000000.00,23177787.00,"$ 3,500,000",7,56
100994,Mateo Camilo Ramírez Suárez,12000000,4977753 COP,$ 0,0,56
102108,CHINA AEROSPACE SCIENCE AND TECHNOLOGY CORPORATION,"$ 50,000,000","$ 24,916,525",12000000,9.0,55
103582,Mariana Restrepo Ortiz,25000000,"$ 12,182,266",$ 0,0,61
103448,Patricia José Moreno Moreno,$18000000,14475209,500000,7,46
100250,Aleksandr Lukashenko,35000000.00,,$ 0,0.0,51
100453,Camila Moreno Ramírez,35000000,30930479,$ 0,0,59
103331,Luis Mateo Restrepo Hernández,5000000,2768462,$ 0,0,75
100263,José Verónica Valencia Mendoza,7200000,5786036,0,0,74
102664,Camila Sánchez González,50000000,33605446 COP,0 COP,0,32
101201,Valentina Silva González,2500000,1826047 COP,0.00,0,20.5
100818,,,3786339,0,,
100662,Alejandro Natalia Gómez Rojas,7200000,4529165,0.00,0,36
102014,Diana Fernando Arias Vargas,25000000.00,21334914,0 COP,0.0,36
103035,Camila Esteban García Torres,50000000,38996928 COP,$ 0,0 cuotas,49
101376,Sofía Alejandro Díaz Rodríguez,"$ 35,000,000",25476126,6400000,4,24
100575,Santiago Patricia Gutiérrez Hernández,7200000,3058980,$ 0,0,19.5
103793,Natalia Rodríguez Pérez,3500000,"$ 2,205,998",0.00,0,50
102528,Nicolas Maduro Moros,$7200000,4361961,0,0.0,36
102560,Ziad Al Zaza,5000000,2335693,0 COP,0,44
101486,Daniela Vargas Gómez,5000000 COP,,0 COP,0.0,85
101149,"MADURO MOROS, Nicolas",$25000000,14657178,0,0,50
101238,"ABU TEIR, Mohammed",3500000 COP,2727324.00,0 COP,0.0,47
103026,Gonzalo Alejandro Ortiz Valencia,5000000,2538688,6400000,8.0,48
103033,,12000000.00,9576783,12000000,1 cuotas,35
102751,Ana Diego García Mendoza,25000000,18440367.00,0 COP,0,39
103498,Mohammed Abu Teir,$50000000,39890130,0,0,45
102072,Mariana Valentina Morales Arias,50000000,43299941,$ 0,0,59
100524,Mohammed Abu Teir,35000000,,0.00,0 cuotas,18
102334,Carlos Suárez Vargas,18000000 COP,,0,0,52
103310,Jamileh Abdullah Al-Shanti,25000000,18793823,0,0,31
103732,Luis Silva Mejía,5000000.00,"$ 2,263,089",0,0,64
100482,Ricardo José Ramírez Hernández,7200000,4596504,0,0,63
100042,Mariana Arias González,18000000,15204572,,0,
101388,Mariana Gómez Ospina,7200000,"$ 3,442,730",0 COP,0,17
101418,Sofía Claudia Ospina Mejía,5000000,4099123,0.00,0,48
102589,Luis Mejía Chávez,5000000 COP,4384840,0,0.0,16
100946,,5000000.00,2479266,$ 0,0 cuotas,
100478,Lucía Daniela García Martínez,,5595017,0 COP,0,42
102936,Bashar Al Assad,2500000.00,1832259.00,6400000.00,7,20
102868,Jong-Un Kim,"$ 9,500,000","$ 7,646,123",0.00,0,33 años
101701,,12000000,8259918 COP,0,0,71
102446,Miguel A. Treviño Morales,9500000 COP,4626006,0.00,0,82.5
102584,Diana Valentina Gutiérrez Pérez,18000000,11450594,0.00,0,31
100802,Mariana Luis Rojas Rodríguez,3500000,"$ 1,679,073",$ 0,0,76
101564,Camila Vargas Moreno,3500000,"$ 2,085,523",0.00,0,26
101921,Sofía Natalia Arias Gutiérrez,35000000,"$ 27,857,905",0 COP,0,51
100884,Esteban Torres Rojas,50000000,21986696,0.00,0.0,21
100520,Diosdado Cabello Rondon,25000000.00,22394871.00,$ 0,0,63
102924,María Daniela Jiménez Díaz,7200000.00,"$ 4,173,214",3500000,3,50
101531,Ricardo Adriana Castro Torres,35000000,"$ 24,656,978",0,0,16 años
100242,Mariana Camila Arias Moreno,3500000.00,"$ 2,840,029",0 COP,0 cuotas,36
101116,Rafael Caro-Quintero,7200000,$5829849,0,0,69
103255,Luis Rodríguez López,7200000,3014477 COP,6400000,12 cuotas,18
101003,Felipe Díaz Mejía,"$ 2,500,000",1298952,3500000.00,11,28
102417,Ricardo Laura Moreno Vargas,9500000,"$ 3,949,378",1200000.00,8,34
100735,Andrés Ana Vargas Restrepo,5000000,4181949,0 COP,0.0,42.5
101865,Camila Mendoza Vargas,$9500000,,$ 0,0.0,68.5
101200,Nicolas Maduro Moros,3500000 COP,3071563 COP,0 COP,0,
103709,Javier Camilo Valencia Morales,3500000.00,"$ 2,553,766",0,0.0,77
100705,Camilo Lucía Jaramillo Navarro,9500000,,0.00,0,
101373,Santiago Ospina Mejía,35000000,29444829,,0,28
102248,HEZBOLLAH,12000000,9749041.00,0.00,0.0,58
102584,Diana Valentina Gutiérrez Pérez,18000000,11450594,0.00,,
102745,Natalia Moreno Morales,"$ 12,000,000","$ 6,931,624",0,0,71
100609,,,23177243,12000000.00,1,72
100812,Camilo Patricia García Castro,,4829828,$ 0,0,32
101693,Gabriel Torres Ortiz,35000000,23861422 COP,0.00,0,61.5
101204,Carlos Ricardo Pérez Vargas,25000000,"$ 10,088,035",0,0 cuotas,69
101311,,50000000,31280807 COP,$ 0,0.0,45
100467,Claudia Valentina Navarro Vargas,$35000000,$24484341,$ 0,0,72
101660,Jamileh Abdullah Al-Shanti,25000000,14886350.00,$ 0,0,23
102260,Felipe Javier Moreno Jiménez,18000000.00,12347304 COP,6400000,5 cuotas,48
102743,Camilo Chávez Morales,25000000 COP,13139015,$ 0,0,72
100962,Alejandro Gonzalo Mejía González,2500000.00,1013903,$ 0,0,63
103412,Javier Esteban Sánchez Moreno,9500000,,0.00,0,27
102411,Juan Moreno Gutiérrez,"$ 5,000,000",2683175 COP,0.00,0 cuotas,62
101984,Nicolas Maduro Moros,3500000,1925355 COP,0,0.0,47
100961,Felipe Jorge Torres Rojas,$7200000,"$ 4,885,498",$ 0,0,72
101182,"KIM, Jong Un",$18000000,12881686 COP,0.00,0,15
102806,Santiago Juan Castro Suárez,7200000,"$ 5,474,823",$ 0,0 cuotas,49.5
101618,José Valencia Suárez,,21473774,0,0,
102505,Santiago Silva Restrepo,50000000,38839446,$ 0,0,27 años
100104,José Alejandro Jiménez Ortiz,25000000,15347907,0,,79
101613,Claudia Diana Ramírez González,2500000,2246464,,0 cuotas,74 años
100557,Diana Lucía Jiménez Rodríguez,"$ 50,000,000",41567917 COP,0.00,0,18
103278,Camilo Fernando Navarro Ortiz,"$ 12,000,000",7814294,0 COP,0,77
