id_cliente,nombre_cliente,producto,cupo_preaprobado,fecha_solicitud
103016,Juan Gabriel Ortiz Ramírez,Harina P.A.N. Amarilla,"$ 35,000,000",2024-05-18
102298,Juan Ortiz Rodríguez,Avena Quaker,"$ 35,000,000",2024-05-14
101138,Carlos Santiago Restrepo Jiménez,Harina Pancho,4500000 COP,2024-05-11
102196,Paula Patricia López Ospina,Harina P.A.N. Amarilla,10000000,10.05.2024
103166,Natalia Luis López Ortiz,Avena Quaker sin Gluten,$2500000,2024-05-28
102745,Natalia Moreno Morales,Avena Quaker sin Gluten,35000000.00,05-20-2024
103790,,Dogourmet,,11.05.2024
100271,Jorge Gonzalo Navarro Rojas,Avena Quaker,$20000000,2024-05-11
103051,Diego Ramírez Gutiérrez,Avena en Hojuelas,15000000,19/05/2024
100372,Natalia Ramírez Mejía,Harina P.A.N. Blanca,2500000,06.05.2024
102266,,Harina P.A.N. Blanca,"$ 35,000,000",2024/05/22 00:00:00
101858,Alejandro Restrepo Díaz,Harina P.A.N. Blanca,5000000 COP,2024-05-25
101531,Ricardo Adriana Castro Torres,Harina Pancho,15000000 COP,30/05/2024
102001,"TREVIÑO MORALES, Miguel Angel",Harina P.A.N. Blanca,2500000 COP,2024/05/29 00:00:00
102997,Gabriel Pérez Pérez,Unikat,2500000 COP,18.05.2024
102251,"KIM, Jong Un",Harina Pancho,,20/05/2024
102920,Tareck Zaidan El Aissami,,,21/05/2024
101384,Mariana Ortiz García,Harina P.A.N. Blanca,20000000.00,2024-05-19
100937,"ZAHHAR, Mahmoud Khaled",Harina P.A.N. Amarilla,$1500000,03/05/2024
100995,Verónica Ramírez Jaramillo,Unikat,10000000,05-04-2024
101649,Mateo Ana González Martínez,Arena Unikat,$7500000,2024-05-04
100574,Aleksandr Lukashenko,Donkat,,2024/05/08 00:00:00
100401,"AL-ASSAD, Bashar",Harina P.A.N. Blanca,35000000 COP,2024-05-27
100681,"SAAB MORAN, Alex Nain",Donkat,,28/05/2024
100008,"AL-ZAZA, Ziad",Donkat,5000000 COP,26/05/2024
100239,Verónica Mendoza Morales,Avena Molida,15000000,2024-05-11
102080,Adriana Camilo Díaz Martínez,Harina P.A.N. Amarilla,3000000,05-03-2024
103646,China Aerospace Science & Tech Corp,,4500000.00,05-02-2024
102743,Camilo Chávez Morales,Arena Unikat,7500000,2024-05-13
101877,,Avena Molida,20000000 COP,03/05/2024
101167,Andrés Luis Gutiérrez Romero,Harina Pancho,,2024-05-23
103596,Camilo Silva González,Harina Pancho,5000000,04.05.2024
102477,Ismael Zambada Garcia,Avena Quaker,7500000,
103397,Patricia Ana Pérez Restrepo,Avena Quaker sin Gluten,1500000,2024-05-25
100308,Santiago Lucía Gómez Sánchez,Arena Unikat,3000000.00,27/05/2024
103682,Lucía Silva Romero,Harina P.A.N. Blanca,7500000,05-08-2024
103276,Mateo Felipe Gutiérrez Díaz,Harina Pancho,10000000,2024/05/24 00:00:00
103225,Mateo Gabriel Rojas Díaz,Arena Unikat,2500000,2024/05/02 00:00:00
101432,Aleksandr Lukashenko,Avena Quaker sin Gluten,4500000,2024-05-22
102783,Luis Claudia Moreno Navarro,Avena en Hojuelas,7500000 COP,2024/05/04 00:00:00
102984,Patricia Restrepo Moreno,Donkan,10000000.00,2024-05-17
102129,Valentina Restrepo Gómez,Avena en Hojuelas,"$ 35,000,000",
100286,,Dogourmet,7500000.00,22.05.2024
102855,Ricardo Mateo Hernández Navarro,Avena Quaker sin Gluten,15000000,05-14-2024
101244,Camila Ricardo Navarro Gómez,Avena Quaker sin Gluten,4500000,05-19-2024
102698,Mariana Sofía Jaramillo Díaz,Harina P.A.N. Amarilla,5000000.00,05-21-2024
102755,"SAAB MORAN, Alex Nain",Avena Quaker sin Gluten,$4500000,2024-05-05
102503,Bashar Al Assad,Harina P.A.N. Amarilla,,05-21-2024
103656,Daniela Gabriel Torres Gómez,Harina P.A.N. Amarilla,10000000,2024/05/26 00:00:00
103282,Ana Diana Ospina Ramírez,Unikat,35000000.00,05-18-2024
103674,Mariana Adriana Restrepo Valencia,Harina Pancho,12500000,2024-05-25
100317,Camilo Gabriel Rojas Valencia,Arena Unikat,5000000,2024-05-11
102893,Andrés Suárez Torres,Avena Quaker,2500000,11/05/2024
101953,Sofía Daniela Rodríguez Suárez,Harina P.A.N. Blanca,7500000,2024/05/13 00:00:00
100898,Mateo Juliana Ortiz Mejía,Avena Quaker sin Gluten,10000000,2024-05-13
103714,Esteban Diego Ramírez Rodríguez,Donkat,20000000.00,2024-05-01
101340,Diego Chávez Suárez,Avena Quaker,12500000,2024/05/25 00:00:00
100079,Mateo Pérez Jaramillo,Arena Unikat,15000000,2024-05-31
102544,,Harina Pancho,4500000,2024-05-22
103185,Diego Natalia Díaz Sánchez,Harina Pancho,5000000,2024/05/01 00:00:00
102425,Daniela Castro García,Arena Unikat,35000000,
102709,Diana María Moreno Restrepo,Donkan,,2024-05-11
102897,Verónica Romero Ospina,Harina Pancho,10000000,2024/05/17 00:00:00
101320,Juliana Diego Restrepo Rojas,Avena Quaker,2500000,2024-05-15
100744,Daniela Mejía Hernández,Unikat,4500000,2024-05-09
100988,Claudia Camilo Castro Pérez,,10000000,2024-05-25
100907,Verónica Juan Pérez Mendoza,Donkat,4500000,
101109,Paula Alejandro Moreno Ospina,Avena Quaker sin Gluten,5000000,2024-05-24
103121,"AL-ASSAD, Bashar",Arena Unikat,3000000,24/05/2024
100931,Camilo Laura Castro Mendoza,,3000000,23/05/2024
103574,Ana Andrés Mejía González,Harina P.A.N. Blanca,20000000,16/05/2024
101034,Mahmoud Khaled Zahhar,Unikat,$2500000,13/05/2024
101016,,Harina P.A.N. Amarilla,"$ 15,000,000",05-20-2024
103523,Camilo Valencia Silva,Avena Molida,10000000,
102705,Laura Sofía Morales Chávez,Harina P.A.N. Amarilla,3000000,2024-05-18
102823,HEZBOLLAH,Avena Molida,12500000,2024-05-08
103226,Diego Ortiz Chávez,Dogourmet,"$ 20,000,000",
102652,"SAAB MORAN, Alex Nain",Harina Pancho,$5000000,2024-05-03
101115,Fernando Diego Silva Navarro,Avena en Hojuelas,,05-03-2024
102761,Gonzalo Juan Pérez Ortiz,Avena Molida,20000000 COP,05-25-2024
103752,María Camila Jaramillo Valencia,Avena Quaker sin Gluten,3000000 COP,05-14-2024
102744,José Mateo Jiménez Hernández,Harina P.A.N. Amarilla,3000000,23/05/2024
101288,Esteban María Ospina Pérez,Avena Quaker sin Gluten,7500000,25/05/2024
100222,Carlos Juliana Ospina Arias,Avena Quaker,15000000,25/05/2024
101794,Ana Ramírez Mendoza,Arena Unikat,,05-21-2024
101272,Diosdado Cabello Rondon,Avena en Hojuelas,1500000.00,2024-05-03
102935,Diana Diana Torres Mejía,Avena Quaker sin Gluten,"$ 15,000,000",14.05.2024
103775,Gabriel Felipe Suárez Castro,Avena Molida,"$ 15,000,000",2024/05/05 00:00:00
101158,Mateo Rojas Gómez,Arena Unikat,$5000000,2024/05/19 00:00:00
102260,Felipe Javier Moreno Jiménez,Avena en Hojuelas,10000000,2024/05/11 00:00:00
101303,Gabriel Jorge Arias López,,"$ 12,500,000",26/05/2024
103562,Felipe María Ramírez Jiménez,,12500000,30/05/2024
103201,Mateo Felipe García Jaramillo,Avena Quaker sin Gluten,7500000.00,05-13-2024
103573,Juliana Hernández Mejía,Avena en Hojuelas,1500000.00,05-08-2024
101817,Jorge Lucía González González,,5000000 COP,2024-05-02
101535,"CARO QUINTERO, Rafael",Donkat,3000000,05-14-2024
102038,Santiago Suárez Gutiérrez,Avena Molida,3000000,2024-05-21
100302,Carlos Diego Mendoza Díaz,Unikat,7500000 COP,05-10-2024
103495,,Unikat,2500000,19/05/2024
100033,Fernando Navarro Rojas,,"$ 35,000,000",
102607,,Avena Quaker,20000000,25.05.2024
100136,Andrés María Silva Valencia,Avena Molida,"$ 7,500,000",
102174,Mateo Ramírez Romero,Avena en Hojuelas,$5000000,2024/05/09 00:00:00
100308,Fernando Alejandro Sánchez Ospina,Harina Pancho,$4500000,05-24-2024
101083,Natalia Navarro Gómez,Avena en Hojuelas,2500000,22.05.2024
101931,Daniela Natalia González Ortiz,Harina P.A.N. Blanca,$20000000,2024-05-18
100477,Luis Diego Silva Arias,Harina Pancho,1500000 COP,2024/05/10 00:00:00
103634,"SAAB MORAN, Alex Nain",Avena en Hojuelas,3000000,05-12-2024
103414,Juliana Felipe Arias González,Unikat,20000000,2024-05-31
102808,Sofía Gabriel Romero González,Donkan,15000000 COP,21/05/2024
102628,Valentina Diego Pérez Morales,Dogourmet,20000000 COP,02.05.2024
103223,Nicolas Maduro Moros,Avena Molida,,05-25-2024
101135,Jorge Torres Gómez,Harina Pancho,3000000.00,2024-05-26
102411,Juan Moreno Gutiérrez,Donkan,1500000,
102102,Diana Javier Valencia Romero,Avena Molida,2500000,2024/05/08 00:00:00
101235,"LUKASHENKO, Aleksandr",Unikat,35000000 COP,2024/05/02 00:00:00
103683,Lucía Verónica Valencia García,Harina P.A.N. Amarilla,7500000.00,2024-05-03
102070,Gonzalo Mendoza Ospina,Avena Molida,10000000,2024-05-23
103389,Sofía Jorge Arias Jiménez,Unikat,10000000,
100274,Patricia Torres Jaramillo,Harina P.A.N. Amarilla,2500000,04.05.2024
101448,Andrés Alejandro Sánchez Arias,Dogourmet,,2024-05-24
102689,Ricardo Morales Torres,Unikat,$4500000,
100118,Claudia Lucía Rodríguez Rojas,,"$ 5,000,000",2024/05/10 00:00:00
103035,Camila Esteban García Torres,Dogourmet,1500000,2024-05-17
103181,Alejandro Silva Hernández,Avena Molida,20000000,2024-05-02
101989,Ana Claudia Valencia Restrepo,Avena Molida,12500000,07.05.2024
100454,HAMAS,Avena Quaker sin Gluten,"$ 35,000,000",16/05/2024
100837,Jorge Martínez Gómez,Avena Quaker sin Gluten,"$ 4,500,000",2024-05-25
101557,,Avena en Hojuelas,4500000.00,05-27-2024
101883,Esteban María Restrepo Rodríguez,Harina P.A.N. Amarilla,7500000.00,19/05/2024
100703,Fernando Rodríguez Hernández,Avena Molida,$12500000,30/05/2024
101621,Laura Navarro Pérez,Avena Quaker sin Gluten,7500000,2024-05-25
102979,Diana Valentina Moreno Moreno,Dogourmet,3000000,2024-05-05
103113,Nicolas Maduro Moros,,2500000,
101801,Mariana Gonzalo Hernández Torres,Harina P.A.N. Amarilla,,10.05.2024
100154,Paula Ricardo Ospina Valencia,Harina P.A.N. Blanca,,05-03-2024
102377,José Adriana Suárez Ospina,Avena en Hojuelas,1500000,
102053,Bashar Al Assad,Harina Pancho,1500000,2024/05/26 00:00:00
102898,José Camila López Gutiérrez,Unikat,12500000.00,2024-05-20
103232,Fernando Jiménez Martínez,Dogourmet,35000000,2024-05-11
100333,Fernando Torres Jiménez,Avena Molida,,2024-05-12
102289,Esteban Pérez Silva,Donkat,"$ 35,000,000",2024-05-27
100074,Camilo Restrepo Romero,Donkan,5000000,2024-05-07
100316,Valentina Ramírez Torres,Avena Quaker sin Gluten,2500000.00,18.05.2024
100664,María Andrés Suárez Torres,Harina Pancho,$20000000,06.05.2024
102770,,Arena Unikat,4500000 COP,2024-05-20
103312,Mariana Gutiérrez Silva,Unikat,4500000,05-31-2024
103345,Fernando Adriana Arias Díaz,Avena Quaker,20000000,2024-05-09
100343,,Harina Pancho,5000000,2024-05-17
100218,Jorge Paula Rodríguez Arias,Donkat,15000000,2024/05/13 00:00:00
103241,Juan González Jiménez,Harina Pancho,3000000,30.05.2024
103710,Andrés Javier Valencia Gómez,Harina P.A.N. Amarilla,1500000,2024-05-27
100499,Camilo Fernando Gutiérrez Silva,Harina P.A.N. Blanca,4500000,05-26-2024
102444,"KIM, Jong Un",Avena en Hojuelas,,2024-05-19
100006,Jong-Un Kim,Avena Molida,7500000,2024-05-14
103577,Camilo Luis Rodríguez Suárez,Unikat,1500000.00,2024-05-12
101412,"AL-SHANTI, Jamileh Abdullah",Avena Quaker,35000000.00,05-25-2024
103401,Andrés Jiménez Vargas,Dogourmet,12500000 COP,05-16-2024
100825,Luis Diego López Mendoza,Harina P.A.N. Blanca,$4500000,2024/05/11 00:00:00
101462,Juliana María Castro Mendoza,Harina P.A.N. Blanca,35000000,04.05.2024
102032,Esteban Daniela Jiménez Vargas,Arena Unikat,12500000,26/05/2024
101315,Lucía Vargas Mendoza,,2500000,2024-05-10
101831,Lucía Valencia Moreno,Harina P.A.N. Blanca,7500000.00,2024-05-14
102101,Ana Navarro Romero,Arena Unikat,35000000,2024-05-01
103188,Mariana García Gutiérrez,Dogourmet,7500000,05-31-2024
102350,Mariana Natalia Valencia García,Harina Pancho,15000000,05-11-2024
100106,China Aerospace Science & Tech Corp,Arena Unikat,3000000,
102883,"GUZMAN LOERA, Joaquin",Unikat,4500000 COP,05-10-2024
100707,,Arena Unikat,12500000 COP,05-26-2024
103487,Gonzalo Luis Mendoza Silva,Harina Pancho,35000000,12/05/2024
103244,"EL AISSAMI MADDAH, Tareck Zaidan",Harina Pancho,"$ 4,500,000",01/05/2024
101266,,Donkat,12500000.00,25/05/2024
102785,Andrés Luis Valencia Ospina,,7500000,27.05.2024
103405,Camila Andrés Restrepo Martínez,,15000000,2024-05-06
101026,Jorge Mendoza Pérez,Avena Quaker,35000000 COP,2024-05-09
100701,Juliana Díaz Torres,Dogourmet,"$ 20,000,000",2024-05-20
102627,María Juan Pérez López,Avena Molida,"$ 5,000,000",05-25-2024
101978,Juan Juliana Mendoza Silva,Avena Quaker,35000000,2024-05-15
101702,HEZBOLLAH,Unikat,12500000,2024-05-20
103115,Gonzalo Paula Navarro Ramírez,Donkan,15000000.00,2024-05-11
101015,HEZBOLLAH,Harina Pancho,2500000,31/05/2024
100777,Gabriel Santiago Hernández Hernández,Harina Pancho,12500000 COP,15/05/2024
100986,Juan Navarro Ospina,Avena Quaker,20000000,2024-05-02
101765,Javier Gómez González,Harina Pancho,"$ 5,000,000",25/05/2024
102335,"ZAHHAR, Mahmoud Khaled",Avena en Hojuelas,4500000,
101613,Claudia Diana Ramírez González,Donkan,7500000.00,12.05.2024
102048,Ziad Al Zaza,Harina P.A.N. Blanca,1500000,2024-05-23
102511,Diego Ramírez Hernández,Donkan,3000000,20.05.2024
101945,Alejandro Adriana Mejía Silva,Harina P.A.N. Blanca,7500000,2024/05/04 00:00:00
102390,Juan Patricia Ortiz Martínez,Unikat,3000000.00,05-24-2024
100781,Felipe Gabriel López Sánchez,Harina P.A.N. Blanca,12500000,05/05/2024
103575,Bashar Al Assad,Arena Unikat,"$ 1,500,000",2024-05-17
103736,Javier Gonzalo Vargas Ospina,Avena en Hojuelas,,22.05.2024
102285,Patricia Valentina Gutiérrez Rojas,Avena Quaker sin Gluten,4500000 COP,10.05.2024
101178,Verónica Moreno Rojas,Harina P.A.N. Amarilla,"$ 20,000,000",2024/05/13 00:00:00
101178,Paula Felipe Mendoza López,Arena Unikat,2500000,05-15-2024
100562,Sofía Rojas Rojas,Harina P.A.N. Amarilla,"$ 20,000,000",2024-05-08
100410,Camilo Ortiz Martínez,Donkat,"$ 7,500,000",05-04-2024
101666,Diosdado Cabello Rondon,Dogourmet,12500000,07.05.2024
103740,Fernando José Ortiz López,Harina Pancho,$10000000,2024/05/06 00:00:00
103227,"AL-ZAZA, Ziad",Unikat,3000000 COP,2024/05/31 00:00:00
101165,María González Jiménez,Unikat,35000000.00,2024/05/16 00:00:00
101117,Aleksandr Lukashenko,Avena Quaker,2500000,24/05/2024
102325,Camila Jiménez Mendoza,Dogourmet,4500000,05-28-2024
100756,Lucía José Navarro González,Harina Pancho,12500000,2024-05-08
101071,,Dogourmet,"$ 7,500,000",05-02-2024
102616,Santiago Adriana Silva Sánchez,Avena Quaker sin Gluten,7500000.00,2024/05/08 00:00:00
103102,Diego Natalia Arias Jaramillo,Avena en Hojuelas,$35000000,2024-05-25
103757,,Avena Molida,,2024/05/18 00:00:00
100673,Nicolas Maduro Moros,Donkan,15000000,2024-05-22
100540,José Mariana Martínez Ospina,Avena en Hojuelas,10000000,05-02-2024
103054,Ricardo Esteban Chávez Gómez,Avena Quaker,20000000,2024-05-14
103662,"ZAHHAR, Mahmoud Khaled",Harina P.A.N. Amarilla,12500000,2024-05-14
101533,Jong-Un Kim,Donkat,$12500000,
100544,"AL-ASSAD, Bashar",Dogourmet,7500000,18/05/2024
103419,"SAAB MORAN, Alex Nain",Harina P.A.N. Blanca,1500000 COP,05-15-2024
101886,Juliana Ortiz Gutiérrez,Donkan,3000000,2024/05/30 00:00:00
100844,María Mateo Rodríguez Gutiérrez,Harina P.A.N. Amarilla,2500000.00,05-15-2024
101797,Ana López Navarro,Avena Quaker,15000000,28.05.2024
100959,Ismael Zambada Garcia,,20000000,20.05.2024
101693,Gabriel Torres Ortiz,Avena Quaker sin Gluten,5000000,05-31-2024
101410,Camila Lucía Mejía Martínez,Dogourmet,35000000,2024-05-17
100987,Felipe Vargas Jaramillo,Avena Quaker,$5000000,05.05.2024
100994,Mateo Camilo Ramírez Suárez,Avena Quaker sin Gluten,4500000,2024/05/03 00:00:00
101544,José Valentina Martínez Rojas,Dogourmet,,
100867,Sofía Alejandro Silva Gómez,,"$ 2,500,000",
101624,Tareck Zaidan El Aissami,Avena Quaker,15000000,10/05/2024
101908,Paula Romero Mejía,Harina P.A.N. Amarilla,"$ 12,500,000",2024/05/11 00:00:00
100066,Mateo Ortiz Torres,Avena Quaker sin Gluten,15000000 COP,19.05.2024
102045,Valentina Suárez Gutiérrez,Avena en Hojuelas,35000000 COP,2024-05-11
102950,Verónica Paula Díaz Ramírez,Avena en Hojuelas,12500000,29/05/2024
101689,Ana Luis Martínez Gómez,Harina Pancho,35000000,2024-05-23
101528,Aleksandr Lukashenko,Harina P.A.N. Blanca,20000000.00,05-30-2024
100068,Verónica Arias Gómez,Avena en Hojuelas,5000000.00,2024-05-10
102147,Lucía Camila González González,Harina Pancho,4500000,2024-05-17
102314,Esteban Navarro Ospina,,4500000,27.05.2024
102263,María Suárez Suárez,Unikat,1500000.00,2024-05-23
100941,,Avena Quaker,20000000,2024/05/02 00:00:00
100064,Claudia María Vargas Hernández,,20000000,27.05.2024
102773,Luis Gutiérrez Suárez,Avena en Hojuelas,7500000,
101790,José Paula Martínez González,Avena Quaker,2500000,05-25-2024
102009,Gonzalo Rojas Valencia,Avena Quaker,7500000.00,13/05/2024
102920,Daniela Mendoza Gutiérrez,Harina P.A.N. Amarilla,2500000,13.05.2024
100021,Daniela González Pérez,Avena Quaker sin Gluten,12500000,2024-05-09
101838,,Avena en Hojuelas,15000000.00,2024-05-04
101195,José Gonzalo Suárez Gómez,Donkat,"$ 10,000,000",2024/05/24 00:00:00
100568,Gabriel Santiago Suárez Díaz,Avena Quaker sin Gluten,5000000,2024-05-05
101030,Mateo García Romero,Avena Quaker,35000000,2024-05-20
100027,"ZAMBADA GARCIA, Ismael",Donkat,$7500000,13.05.2024
102470,Alejandro Andrés Silva Hernández,Arena Unikat,,2024/05/06 00:00:00
101540,Fernando Verónica Gutiérrez Hernández,Avena Quaker sin Gluten,10000000,
102901,Juliana Rodríguez Ospina,Avena Quaker,"$ 12,500,000",05-27-2024
101034,Mateo Andrés Silva Gutiérrez,Dogourmet,,26/05/2024
103238,Javier Juliana Arias López,Donkan,15000000.00,2024-05-30
103082,Paula López Navarro,Donkan,10000000,2024-05-04
101602,Camilo Jorge Valencia Romero,Unikat,,2024-05-17
100475,Javier Arias Pérez,Arena Unikat,3000000,11/05/2024
101426,Bashar Al Assad,Unikat,2500000,23/05/2024
103318,"ZAHHAR, Mahmoud Khaled",Arena Unikat,2500000,05-11-2024
101355,Santiago Gabriel Vargas Díaz,Avena en Hojuelas,10000000 COP,08.05.2024
103020,Camila Lucía Navarro Rodríguez,Avena Molida,4500000,14/05/2024
103274,Sofía García González,Avena en Hojuelas,3000000,07/05/2024
102404,Verónica Gonzalo Suárez Navarro,Harina P.A.N. Amarilla,7500000,05-15-2024
100482,Ricardo José Ramírez Hernández,,5000000,05-12-2024
101993,Mateo Daniela Restrepo Vargas,Dogourmet,"$ 15,000,000",2024/05/21 00:00:00
102005,Diosdado Cabello Rondon,Avena Quaker sin Gluten,,27/05/2024
100039,"CARO QUINTERO, Rafael",Unikat,3000000,2024/05/13 00:00:00
102001,Verónica Verónica Arias Valencia,Harina Pancho,2500000.00,26.05.2024
103197,Claudia Mendoza Díaz,Unikat,"$ 20,000,000",25/05/2024
103112,Diana Romero López,Arena Unikat,12500000.00,2024-05-14
101076,Gabriel López Valencia,Donkan,2500000,
103526,Rafael Caro-Quintero,Arena Unikat,20000000.00,05-06-2024
101325,Sofía Paula Rojas Díaz,Arena Unikat,5000000,2024/05/09 00:00:00
101135,Laura Arias Martínez,Dogourmet,"$ 3,000,000",2024-05-05
102365,Gabriel Esteban Mejía Torres,Dogourmet,5000000.00,13/05/2024
101999,José Claudia Romero Ospina,Donkan,20000000,25.05.2024
102600,HEZBOLLAH,Dogourmet,$7500000,26/05/2024
103378,Jong-Un Kim,Avena Quaker,12500000,2024-05-27
100188,Andrés Verónica Jiménez Martínez,Harina P.A.N. Amarilla,"$ 35,000,000",2024-05-15
102820,Santiago Carlos Restrepo Castro,Harina Pancho,35000000,2024/05/28 00:00:00
100212,Natalia Romero Díaz,Donkat,35000000,23.05.2024
100319,José Carlos Morales Jaramillo,Harina Pancho,20000000,22/05/2024
103346,"TREVIÑO MORALES, Miguel Angel",Harina P.A.N. Amarilla,"$ 10,000,000",2024-05-16
100561,Laura Romero Silva,Donkat,3000000.00,2024-05-22
102959,Carlos Santiago Valencia Moreno,Avena Quaker,"$ 35,000,000",30/05/2024
103082,,Harina P.A.N. Amarilla,"$ 20,000,000",2024/05/12 00:00:00
102266,Andrés Pérez Gutiérrez,Avena Molida,"$ 20,000,000",10.05.2024
101210,Ricardo Castro Navarro,,"$ 1,500,000",2024/05/26 00:00:00
101479,Diana García Gómez,Donkan,3000000,05-27-2024
100056,Camila Luis Rodríguez García,Avena Quaker sin Gluten,4500000,2024/05/02 00:00:00
102874,,Donkat,2500000.00,05-18-2024
102197,,Donkan,,25.05.2024
100237,Luis Restrepo Gutiérrez,,2500000 COP,04/05/2024
102899,Ricardo Camila Sánchez Gómez,,1500000,2024-05-31
103002,Patricia Ramírez Rojas,Harina P.A.N. Amarilla,1500000,2024-05-14
102570,"PURI, Genaro",Harina P.A.N. Amarilla,12500000,2024-05-12
103662,Santiago Chávez González,Avena Molida,"$ 35,000,000",08.05.2024
101001,"ABU TEIR, Mohammed",Harina P.A.N. Blanca,12500000,2024-05-30
101016,María Mateo Ortiz Hernández,Donkat,,05-03-2024
100734,"ZAHHAR, Mahmoud Khaled",,15000000 COP,31/05/2024
102265,,Unikat,1500000,05-10-2024
100616,Gabriel Verónica Castro Gutiérrez,,10000000,2024-05-18
100425,Carlos Carlos Suárez Silva,Avena Quaker,15000000 COP,14/05/2024
102914,"MADURO MOROS, Nicolas",Avena Quaker sin Gluten,2500000,2024/05/08 00:00:00
102610,Natalia José González Ramírez,Donkat,2500000.00,02/05/2024
102870,Gabriel Hernández Navarro,Arena Unikat,7500000,2024-05-09
100673,Andrés Laura Torres González,Unikat,12500000,04/05/2024
100370,Sofía Diego Chávez Sánchez,Harina Pancho,35000000,05-23-2024
100607,"TREVIÑO MORALES, Miguel Angel",Harina P.A.N. Amarilla,4500000 COP,13/05/2024
103500,Patricia Camila Rodríguez Navarro,Unikat,"$ 15,000,000",2024-05-08
100497,"MADURO MOROS, Nicolas",Harina P.A.N. Blanca,$1500000,2024-05-08
100089,Natalia José Chávez García,Harina P.A.N. Amarilla,4500000 COP,15.05.2024
100501,,Harina P.A.N. Blanca,12500000,05-30-2024
101449,Esteban Daniela Restrepo Vargas,Avena Quaker,,
102527,"SANCHEZ CEREN, Salvador",Avena Quaker,35000000,2024/05/14 00:00:00
100816,José Ramírez Arias,Dogourmet,15000000,26/05/2024
103202,"AL-ZAZA, Ziad",Arena Unikat,7500000,
100106,Adriana Rojas Vargas,Donkan,20000000,29.05.2024
101015,Javier Jorge Díaz González,Dogourmet,4500000,27.05.2024
100721,Jorge Daniela Moreno Vargas,Avena Quaker,20000000,05-24-2024
103427,Juan Paula Torres Castro,Unikat,15000000,2024-05-16
100896,"SANCHEZ CEREN, Salvador",Harina P.A.N. Blanca,15000000,2024/05/11 00:00:00
101395,Nicolas Maduro Moros,Arena Unikat,3000000 COP,
102402,"MADURO MOROS, Nicolas",Arena Unikat,,28/05/2024
101378,Luis Navarro González,,7500000,06.05.2024
102726,Verónica Camila Moreno Ortiz,Avena Molida,3000000,05-24-2024
102875,"ABU TEIR, Mohammed",Avena Molida,$10000000,2024/05/25 00:00:00
101303,"SANCHEZ CEREN, Salvador",Avena Molida,4500000.00,2024/05/04 00:00:00
100974,Jamileh Abdullah Al-Shanti,Donkan,7500000,2024/05/29 00:00:00
102839,Alejandro Patricia Morales Gutiérrez,Harina P.A.N. Amarilla,7500000,04.05.2024
103000,HEZBOLLAH,Donkat,$3000000,
100666,Daniela Jaramillo Ortiz,Unikat,"$ 2,500,000",2024-05-02
100659,,Arena Unikat,2500000.00,2024/05/29 00:00:00
100643,Javier Lucía Díaz Restrepo,Harina P.A.N. Blanca,2500000,07/05/2024
100972,,Harina P.A.N. Amarilla,1500000,18.05.2024
100015,,Donkat,2500000,05-22-2024
100335,Laura Díaz Mendoza,Unikat,2500000,
101519,Patricia Suárez Vargas,Donkat,7500000,2024-05-02
100351,Jorge Ana Torres González,Dogourmet,$7500000,2024/05/14 00:00:00
102345,Ana Camilo Arias Jaramillo,,12500000,2024/05/13 00:00:00
103101,Adriana Camilo Torres Sánchez,Unikat,3000000 COP,2024/05/06 00:00:00
100827,Andrés Pérez Restrepo,Dogourmet,$3000000,2024-05-09
103508,Luis Navarro Hernández,Avena Quaker sin Gluten,15000000,2024-05-28
100607,Camilo Diana Arias Torres,Avena Molida,20000000.00,
101081,Laura Juliana Moreno Arias,Donkat,35000000,20/05/2024
100589,Ziad Al Zaza,Avena Molida,"$ 20,000,000",2024-05-13
103674,Alejandro Ana Jaramillo Rojas,,1500000,2024-05-26
101230,,Arena Unikat,"$ 12,500,000",2024-05-11
103034,José Morales Arias,Unikat,$15000000,2024-05-27
103196,Luis Navarro Ramírez,Avena en Hojuelas,20000000,2024/05/07 00:00:00
101021,Mahmoud Khaled Zahhar,Harina P.A.N. Blanca,12500000,
101525,Diego Diana Rodríguez Gutiérrez,Unikat,20000000,2024/05/31 00:00:00
101167,Paula Chávez Pérez,Harina P.A.N. Blanca,10000000,05-28-2024
102102,Jorge Sofía Rojas Arias,Harina P.A.N. Blanca,35000000,2024-05-30
100916,Mohammed Abu Teir,Avena Quaker sin Gluten,$20000000,10.05.2024
101032,Claudia Daniela Moreno Ospina,Avena Quaker,12500000,17.05.2024
101222,,Dogourmet,2500000,2024/05/11 00:00:00
100614,Claudia Silva Castro,Avena en Hojuelas,$4500000,2024/05/26 00:00:00
101210,Esteban Andrés Rodríguez Mejía,Avena Quaker sin Gluten,10000000,2024-05-24
103713,Valentina Ortiz Jaramillo,Dogourmet,7500000.00,2024-05-28
103034,Camila Jaramillo Ramírez,Avena Quaker sin Gluten,"$ 15,000,000",2024/05/06 00:00:00
101722,José Ortiz Silva,Donkan,7500000,
103548,"ZAHHAR, Mahmoud Khaled",Dogourmet,20000000.00,2024-05-20
101692,Adriana Suárez Silva,Harina P.A.N. Blanca,3000000,2024-05-07
101997,Diego Vargas Pérez,Donkan,,05-11-2024
100857,"GUZMAN LOERA, Joaquin",Harina Pancho,"$ 20,000,000",
101955,Andrés Lucía Navarro Restrepo,Donkat,1500000,07.05.2024
102771,Gonzalo Camilo Castro Rodríguez,Harina P.A.N. Blanca,"$ 35,000,000",05-08-2024
100267,Andrés Silva Díaz,Harina P.A.N. Blanca,5000000 COP,
101471,Alejandro Andrés Jiménez Mejía,Avena Quaker,3000000 COP,30.05.2024
102978,"SAAB MORAN, Alex Nain",Harina Pancho,"$ 4,500,000",19/05/2024
101536,,Dogourmet,"$ 5,000,000",2024-05-20
101707,Laura Juan Martínez Sánchez,Unikat,10000000,09/05/2024
101233,Mohammed Abu Teir,Donkat,35000000,2024-05-17
100466,Andrés Laura Sánchez Mendoza,Harina P.A.N. Amarilla,12500000,
100656,Valentina Arias Mendoza,Harina P.A.N. Blanca,15000000,05-07-2024
103421,Gabriel Pérez Sánchez,Avena Molida,35000000,2024-05-31
101081,,Unikat,1500000,2024/05/06 00:00:00
100389,Natalia Gonzalo Restrepo Sánchez,Harina P.A.N. Blanca,$1500000,05-22-2024
103338,Mariana Claudia Pérez Romero,Donkan,3000000,2024/05/13 00:00:00
100463,Daniela Javier Arias Díaz,Harina Pancho,1500000 COP,2024-05-28
103191,Javier Mariana Vargas Suárez,Donkan,20000000,2024/05/22 00:00:00
101805,Andrés Verónica Sánchez Arias,Harina P.A.N. Blanca,2500000,
101772,Camilo Jorge Jiménez González,,4500000,05-22-2024
103489,Ana Díaz Jaramillo,Unikat,3000000,2024-05-16
101651,Claudia Ortiz Suárez,Avena Quaker,2500000,05-26-2024
101831,"KIM, Jong Un",Donkan,2500000 COP,05-24-2024
100146,HAMAS,Avena en Hojuelas,15000000,03.05.2024
101488,Ricardo Sofía Ospina Jiménez,Harina P.A.N. Blanca,$4500000,05-11-2024
100399,Javier Natalia Valencia Sánchez,Dogourmet,4500000,12.05.2024
103673,Fernando Natalia González López,Harina Pancho,12500000,23.05.2024
100883,Patricia Valentina Sánchez Navarro,Unikat,"$ 4,500,000",04.05.2024
100504,"PURI, Genaro",Unikat,"$ 12,500,000",31/05/2024
103786,Carlos Ana Restrepo Jaramillo,Avena en Hojuelas,"$ 3,000,000",06.05.2024
102693,"AL-ZAZA, Ziad",Avena Molida,,2024/05/17 00:00:00
101854,Gabriel Jiménez Mendoza,Harina Pancho,3000000,2024/05/23 00:00:00
102556,Gonzalo Sofía Castro Morales,Arena Unikat,"$ 5,000,000",05-30-2024
102303,Camila Gonzalo Sánchez Moreno,Unikat,20000000.00,22.05.2024
102141,Juliana Restrepo Gómez,Harina P.A.N. Amarilla,1500000,05-02-2024
101173,Diosdado Cabello Rondon,Dogourmet,5000000,05-02-2024
102523,Juliana Valencia González,Dogourmet,$15000000,05-24-2024
101587,Adriana Fernando Martínez Suárez,Donkat,35000000,2024-05-18
103092,Valentina Mariana Ortiz Romero,Avena Molida,"$ 15,000,000",07.05.2024
103010,Fernando Luis Vargas Vargas,Avena en Hojuelas,2500000,2024-05-14
101910,Santiago Patricia Gómez Jiménez,Arena Unikat,3000000,2024-05-30
103453,"SANCHEZ CEREN, Salvador",Dogourmet,5000000,05-19-2024
102152,"TREVIÑO MORALES, Miguel Angel",Avena Quaker,3000000.00,26/05/2024
102717,,Donkan,7500000,2024/05/07 00:00:00
101825,Javier Carlos Sánchez Moreno,Avena Quaker,35000000.00,2024-05-20
101562,"TREVIÑO MORALES, Miguel Angel",Harina P.A.N. Amarilla,10000000,2024-05-24
100179,Natalia Adriana Valencia Mejía,Avena Quaker sin Gluten,35000000,2024-05-17
102184,"AL-ASSAD, Bashar",Harina P.A.N. Blanca,35000000,05-22-2024
103422,Jong-Un Kim,Harina P.A.N. Amarilla,4500000.00,2024/05/23 00:00:00
101880,Lucía Luis Torres Rodríguez,,7500000,2024-05-03
101589,Luis Jorge Chávez Arias,,35000000,2024-05-11
102870,Juliana García López,Harina P.A.N. Amarilla,7500000 COP,2024-05-04
101618,José Valencia Suárez,Dogourmet,1500000,2024-05-18
102774,Juliana Torres Silva,Arena Unikat,35000000,2024-05-31
102200,Felipe Gómez Navarro,Avena en Hojuelas,2500000,24.05.2024
100753,Sofía Adriana Torres Díaz,Avena Quaker,$20000000,2024-05-07
102751,Ana Diego García Mendoza,Harina P.A.N. Amarilla,5000000,05-24-2024
101167,Paula Gutiérrez González,Avena Molida,2500000 COP,11/05/2024
101754,Ricardo Felipe Romero Hernández,Harina Pancho,1500000,2024-05-26
102783,Lucía Romero Ramírez,Arena Unikat,$7500000,15/05/2024
103517,,Harina Pancho,15000000,2024/05/24 00:00:00
103654,"AL-SHANTI, Jamileh Abdullah",Harina P.A.N. Blanca,15000000.00,05-27-2024
101498,Sofía Patricia Jaramillo Torres,Donkat,$4500000,19.05.2024
102056,Diego José Navarro Romero,Harina P.A.N. Blanca,35000000,31.05.2024
100733,Santiago Andrés Valencia Díaz,Avena Molida,"$ 20,000,000",2024-05-31
100257,Paula Mejía Ortiz,Avena Quaker sin Gluten,7500000,2024-05-22
100163,Natalia Ospina López,Dogourmet,7500000,31/05/2024
101496,Patricia Camila Suárez Suárez,Avena Molida,$35000000,03/05/2024
103246,Jorge Paula Moreno Mejía,Unikat,20000000,2024-05-29
102107,Jamileh Abdullah Al-Shanti,Dogourmet,5000000,2024-05-06
101972,Diana Mateo Jiménez Sánchez,Dogourmet,12500000,2024-05-19
100551,Juan Ramírez Díaz,Dogourmet,15000000,2024-05-19
102116,Diosdado Cabello Rondon,Donkat,20000000 COP,2024-05-21
103552,Fernando Sofía Valencia Jaramillo,Unikat,3000000,
102966,Camila Adriana Chávez Díaz,,7500000 COP,05-20-2024
100541,Ziad Al Zaza,Harina P.A.N. Amarilla,1500000,
103595,Felipe Camila Jaramillo López,Avena en Hojuelas,"$ 15,000,000",03/05/2024
103673,Mohammed Abu Teir,Dogourmet,35000000,14/05/2024
101757,"LUKASHENKO, Aleksandr",Avena Quaker,"$ 12,500,000",13/05/2024
103727,Laura Patricia Jaramillo Ortiz,Harina P.A.N. Amarilla,5000000.00,18/05/2024
102367,Mohammed Abu Teir,Avena en Hojuelas,2500000.00,05-13-2024
102668,Gonzalo Laura Torres Restrepo,Avena Molida,5000000,18/05/2024
102261,Claudia Esteban Morales Arias,Avena en Hojuelas,12500000,05-18-2024
103063,Ricardo Esteban Ramírez Sánchez,Avena Quaker,"$ 12,500,000",2024-05-31
103219,Ziad Al Zaza,Donkan,15000000.00,22.05.2024
103294,Mohammed Abu Teir,Harina P.A.N. Amarilla,3000000,20/05/2024
101518,"SAAB MORAN, Alex Nain",Harina P.A.N. Amarilla,20000000,2024/05/13 00:00:00
102622,Camilo Martínez Vargas,Unikat,12500000,05-28-2024
102760,Fernando Ortiz Díaz,Harina P.A.N. Blanca,7500000,2024/05/01 00:00:00
103193,"GUZMAN LOERA, Joaquin",Donkat,"$ 7,500,000",05-13-2024
103340,Luis Fernando Moreno Moreno,Avena Quaker sin Gluten,4500000.00,07/05/2024
102288,Carlos Arias González,Harina P.A.N. Amarilla,15000000,2024-05-31
102306,,Unikat,"$ 4,500,000",31.05.2024
102595,Juan Patricia García Suárez,Avena Quaker,"$ 35,000,000",
100380,,Donkat,,2024-05-11
100748,Javier Morales Rojas,Arena Unikat,35000000 COP,07/05/2024
103574,Alex Nain Saab Moran,Avena Quaker sin Gluten,4500000,2024-05-27
102514,Felipe Diana Pérez Mejía,Harina P.A.N. Blanca,15000000 COP,28/05/2024
103130,Verónica Claudia Mejía Vargas,Avena en Hojuelas,5000000,05-25-2024
101959,HAMAS,Avena en Hojuelas,1500000.00,2024/05/13 00:00:00
102823,Diego Camilo Ospina Hernández,Harina P.A.N. Blanca,"$ 1,500,000",05-13-2024
101103,Patricia Chávez Gutiérrez,Unikat,20000000,06/05/2024
101495,Rafael Caro-Quintero,Donkat,5000000,2024-05-19
103507,Jorge Claudia Gutiérrez Restrepo,Donkat,4500000,31.05.2024
103658,Carlos Mejía Ramírez,Dogourmet,15000000.00,11.05.2024
100882,Ana Díaz Martínez,Avena Quaker sin Gluten,$12500000,04/05/2024
100081,,Donkat,2500000,
103196,Diosdado Cabello Rondon,Avena Quaker sin Gluten,7500000,17/05/2024
102587,,Harina Pancho,3000000.00,2024-05-30
101407,Esteban Luis Pérez Díaz,Avena Quaker,7500000,10.05.2024
103063,Esteban Valencia Romero,,15000000 COP,2024-05-14
100683,Andrés Patricia Pérez Morales,Donkat,2500000,2024/05/30 00:00:00
101075,Juan Camilo Pérez González,Avena Molida,3000000,2024/05/30 00:00:00
102157,Gabriel Mariana Ramírez Ramírez,Harina Pancho,,2024/05/12 00:00:00
100553,Javier Juliana Rojas Valencia,Arena Unikat,15000000,20/05/2024
101972,Lucía Juliana Silva Moreno,Avena en Hojuelas,$4500000,2024-05-15
101408,Felipe Gómez Ramírez,Avena Quaker sin Gluten,12500000.00,2024/05/23 00:00:00
102445,Javier Restrepo Mendoza,Avena Quaker,1500000.00,07/05/2024
100903,Esteban Suárez Suárez,Avena Quaker sin Gluten,2500000,08/05/2024
100770,Claudia Rojas Arias,Harina P.A.N. Amarilla,3000000,05-04-2024
100079,Claudia Verónica Castro Hernández,Harina Pancho,,2024-05-01
100512,"GUZMAN LOERA, Joaquin",Arena Unikat,"$ 12,500,000",2024-05-08
101400,,Donkat,,2024/05/16 00:00:00
101091,María Torres Martínez,Donkat,2500000.00,2024-05-06
103158,Daniela Diana Gutiérrez Suárez,Unikat,"$ 4,500,000",2024-05-02
102791,Laura Sofía Jaramillo Suárez,Avena Quaker sin Gluten,7500000,2024-05-24
100813,Camilo Jaramillo Silva,Donkan,$1500000,2024/05/07 00:00:00
101329,Jong-Un Kim,Harina P.A.N. Blanca,,2024-05-19
103157,Carlos Javier Torres Romero,Harina P.A.N. Amarilla,4500000,05-03-2024
100515,Ana Torres González,Unikat,4500000,18.05.2024
102967,Mariana Juan Suárez Moreno,Harina Pancho,$5000000,16.05.2024
101325,Juliana Valentina Vargas Moreno,Arena Unikat,12500000,05-27-2024
101211,Santiago Torres Valencia,Avena Quaker sin Gluten,15000000,01.05.2024
102953,Camila Natalia Gutiérrez Hernández,Harina P.A.N. Amarilla,35000000 COP,
101678,Verónica Felipe Mendoza Hernández,Dogourmet,7500000,
100731,"MADURO MOROS, Nicolas",Harina P.A.N. Blanca,,2024-05-07
101500,Daniela Camilo Chávez Martínez,Avena Quaker,,2024/05/01 00:00:00
103644,Bashar Al Assad,,,02/05/2024
103007,Mateo Ana Rojas López,Harina P.A.N. Amarilla,5000000,2024/05/07 00:00:00
102177,"SAAB MORAN, Alex Nain",Donkat,4500000,2024-05-22
102762,Camila Mateo González Moreno,Unikat,35000000,2024-05-04
102067,Ziad Al Zaza,Donkan,35000000,20/05/2024
103130,Gonzalo Gonzalo Romero Arias,Dogourmet,$10000000,05-11-2024
101853,Sofía Chávez Romero,Unikat,10000000,2024/05/02 00:00:00
101230,Camilo Silva Gómez,Avena Quaker,$4500000,01.05.2024
100154,Claudia Adriana Torres González,Unikat,7500000,09/05/2024
102336,Jorge Silva Pérez,Donkat,20000000 COP,2024-05-24
100153,Javier González Silva,Arena Unikat,20000000,2024-05-25
103562,Paula Lucía Arias Sánchez,Avena Quaker,$35000000,2024-05-30
102211,Daniela López Hernández,Avena Molida,3000000,2024-05-23
101825,,Avena Molida,20000000.00,08/05/2024
102340,,Arena Unikat,1500000.00,2024-05-09
101619,Andrés Javier Castro Mejía,Dogourmet,20000000,
102804,Gabriel Restrepo Hernández,Avena Molida,2500000,14/05/2024
100693,Gonzalo Rodríguez Silva,Donkan,$20000000,26/05/2024
103785,Mahmoud Khaled Zahhar,Avena Quaker,"$ 4,500,000",05.05.2024
100056,Diana Gabriel Torres Mendoza,Donkan,2500000,
100834,Tareck Zaidan El Aissami,Avena en Hojuelas,"$ 15,000,000",18/05/2024
101046,Felipe Juan Suárez López,Harina Pancho,1500000,05-26-2024
102704,Diego Carlos García Suárez,Avena Quaker sin Gluten,$35000000,22/05/2024
103552,"ZAMBADA GARCIA, Ismael",Dogourmet,10000000,13/05/2024
100814,Gonzalo Juliana Pérez Vargas,,12500000.00,2024-05-23
101366,Ismael Zambada Garcia,Unikat,"$ 10,000,000",2024-05-01
102563,Ricardo Rojas Martínez,Avena Quaker sin Gluten,$10000000,2024/05/27 00:00:00
102690,,Harina Pancho,"$ 2,500,000",2024/05/17 00:00:00
103726,Jorge Felipe Restrepo Silva,Avena Molida,,2024-05-05
103533,Tareck Zaidan El Aissami,Harina Pancho,"$ 5,000,000",29/05/2024
102687,Nicolas Maduro Moros,Avena Molida,3000000,18/05/2024
103135,Camila Torres Rodríguez,Donkan,10000000 COP,10/05/2024
100538,Claudia Castro González,Harina Pancho,,05-20-2024
100325,Jorge Jorge Rodríguez Moreno,Arena Unikat,12500000,05-28-2024
101940,Natalia Suárez Mejía,Harina Pancho,3000000,02/05/2024
100270,Claudia Jorge Castro Morales,Harina Pancho,$12500000,05-16-2024
101614,Gabriel María Suárez Hernández,Avena Molida,20000000.00,05-17-2024
103595,María Mariana Ospina López,Avena Quaker,15000000.00,2024-05-24
103622,Ana Valencia Navarro,Avena Quaker sin Gluten,5000000,2024-05-14
102959,Camilo Diego Valencia Pérez,Avena en Hojuelas,2500000,2024/05/19 00:00:00
100102,Andrés Hernández Valencia,Harina Pancho,12500000.00,2024/05/23 00:00:00
100373,José Díaz Sánchez,Harina P.A.N. Amarilla,12500000.00,
100179,Adriana Santiago Suárez Suárez,Harina Pancho,7500000.00,2024/05/22 00:00:00
100732,Nicolas Maduro Moros,Arena Unikat,1500000,10.05.2024
100014,Fernando Diana Ramírez Castro,Avena Molida,5000000,2024/05/16 00:00:00
102411,Carlos Verónica Gutiérrez Morales,Dogourmet,12500000,2024-05-15
100757,Gabriel Claudia Morales Martínez,,"$ 1,500,000",2024-05-02
103432,"PURI, Genaro",Avena Molida,5000000,
101865,Camila Mendoza Vargas,Arena Unikat,20000000,2024-05-02
101199,Natalia Luis Restrepo García,Unikat,3000000,2024-05-28
100447,Camilo Morales Martínez,Avena Molida,35000000.00,03/05/2024
103797,Fernando Gonzalo Chávez Moreno,Harina Pancho,20000000.00,17.05.2024
100006,Camila Jorge Mendoza Castro,Harina P.A.N. Amarilla,1500000,2024-05-26
100046,Mateo Alejandro Moreno Morales,Dogourmet,"$ 4,500,000",09.05.2024
101398,Adriana Carlos Sánchez Jiménez,Donkat,20000000.00,01.05.2024
103777,Miguel A. Treviño Morales,Dogourmet,12500000 COP,2024-05-26
102569,,Unikat,$15000000,15.05.2024
100853,Ana Ricardo Hernández Rodríguez,Avena Molida,35000000,2024/05/30 00:00:00
101536,Felipe Rodríguez Jiménez,Dogourmet,$15000000,05-19-2024
103541,China Aerospace Science & Tech Corp,Avena Quaker sin Gluten,"$ 7,500,000",09/05/2024
102150,Gabriel Silva Morales,Avena Quaker sin Gluten,3000000,2024-05-26
101817,Jamileh Abdullah Al-Shanti,Avena en Hojuelas,"$ 1,500,000",29/05/2024
103000,,Avena en Hojuelas,"$ 5,000,000",05.05.2024
102771,"LUKASHENKO, Aleksandr",Harina Pancho,,15/05/2024
101365,Diana López Pérez,,1500000,05-25-2024
100788,Ricardo Sofía Hernández Castro,Avena Quaker sin Gluten,5000000.00,25/05/2024
100645,"MADURO MOROS, Nicolas",Avena Quaker sin Gluten,2500000,05-20-2024
101434,"AL-ASSAD, Bashar",Avena en Hojuelas,7500000,31.05.2024
102214,Gabriel Silva Jiménez,Unikat,1500000,2024/05/16 00:00:00
100220,"AL-ZAZA, Ziad",Harina P.A.N. Amarilla,10000000,05-23-2024
102920,Mariana Ricardo Jiménez Castro,Dogourmet,15000000,30.05.2024
101866,Andrés Ospina González,Avena Quaker sin Gluten,35000000.00,25/05/2024
100588,Alex Nain Saab Moran,Avena Molida,5000000 COP,2024-05-13
100123,Alejandro Gonzalo Ospina Mejía,Harina P.A.N. Amarilla,12500000,16/05/2024
102475,Rafael Caro-Quintero,Avena Molida,3000000.00,13.05.2024
101641,Gonzalo Luis Silva Ospina,Avena Molida,10000000,08/05/2024
103212,Daniela Morales Restrepo,Donkat,"$ 20,000,000",05-18-2024
103028,Jamileh Abdullah Al-Shanti,Arena Unikat,$20000000,05-04-2024
100285,Laura Camila Silva Navarro,Avena Molida,"$ 2,500,000",20.05.2024
103346,Verónica Ana Pérez Morales,,20000000 COP,21.05.2024
100801,Felipe Fernando Suárez Valencia,Avena Quaker,$35000000,05-10-2024
102386,Ricardo Lucía Moreno Pérez,Harina P.A.N. Blanca,20000000 COP,13.05.2024
102880,Ana Martínez Gómez,Avena en Hojuelas,7500000,2024/05/10 00:00:00
102560,Ziad Al Zaza,Donkan,10000000,14/05/2024
103440,Javier Suárez Romero,,3000000,05-28-2024
102655,Jamileh Abdullah Al-Shanti,Harina P.A.N. Blanca,"$ 3,000,000",05-16-2024
103660,Andrés Arias Ospina,Arena Unikat,20000000 COP,2024-05-20
101739,Mariana Ortiz Vargas,Avena Molida,1500000.00,28.05.2024
100155,Claudia Juliana Romero López,Avena Molida,"$ 12,500,000",
102117,José Rojas Ospina,Harina P.A.N. Amarilla,$15000000,2024-05-03
103701,Luis Juliana Silva Martínez,Donkan,"$ 15,000,000",16/05/2024
100144,Alejandro Fernando Mendoza Díaz,Arena Unikat,"$ 20,000,000",24.05.2024
101174,Javier Ana Mendoza Rodríguez,Unikat,2500000,2024/05/03 00:00:00
103036,Andrés Claudia Chávez Gómez,Harina P.A.N. Amarilla,20000000,19.05.2024
100740,Natalia Patricia Gutiérrez Mejía,Avena en Hojuelas,1500000,2024/05/03 00:00:00
102706,Felipe Mateo Suárez Gutiérrez,Unikat,35000000,19.05.2024
101900,Patricia Diana Martínez Díaz,Donkat,12500000,2024/05/24 00:00:00
101075,Jorge Suárez Jaramillo,Harina Pancho,$15000000,2024-05-01
103758,,Avena en Hojuelas,35000000,28/05/2024
101045,Claudia Rojas González,Dogourmet,20000000,05-25-2024
102129,Tareck Zaidan El Aissami,Donkan,"$ 35,000,000",2024-05-06
103406,"ABU TEIR, Mohammed",Harina P.A.N. Amarilla,1500000,2024-05-17
100097,Jorge Patricia Castro López,Avena Molida,2500000,05-20-2024
101539,Diana Diana Pérez Ramírez,,35000000.00,2024-05-31
101037,"CABELLO RONDON, Diosdado",Avena Quaker sin Gluten,"$ 12,500,000",05-03-2024
103197,Claudia Gonzalo Chávez Díaz,Harina P.A.N. Amarilla,"$ 5,000,000",13/05/2024
100284,Patricia Patricia Vargas Valencia,Unikat,4500000.00,05-06-2024
103148,"AL-ASSAD, Bashar",Donkat,4500000.00,2024/05/04 00:00:00
103183,Laura García Chávez,Unikat,$1500000,05-05-2024
102722,,Donkat,5000000,2024/05/11 00:00:00
101654,Adriana Verónica Jaramillo Restrepo,Arena Unikat,2500000.00,01/05/2024
102792,Javier Moreno Jiménez,Avena Quaker sin Gluten,10000000,05-31-2024
102653,Alejandro Ospina Mendoza,Avena Quaker,3000000.00,31/05/2024
103671,Ziad Al Zaza,Harina P.A.N. Amarilla,"$ 35,000,000",2024-05-16
102948,Valentina Castro Rodríguez,Avena Molida,4500000,03.05.2024
101389,Verónica Mariana Rodríguez López,Harina P.A.N. Blanca,"$ 7,500,000",02/05/2024
102777,Aleksandr Lukashenko,Avena en Hojuelas,"$ 3,000,000",2024/05/08 00:00:00
102002,"MADURO MOROS, Nicolas",Dogourmet,1500000,05-30-2024
100058,Nicolas Maduro Moros,Harina Pancho,35000000,10.05.2024
100699,"SANCHEZ CEREN, Salvador",Avena Molida,$2500000,2024-05-04
101381,Jorge Castro Restrepo,Arena Unikat,35000000,2024/05/04 00:00:00
102429,Andrés Morales López,Harina Pancho,7500000,2024-05-09
100546,Natalia Mariana Gutiérrez López,Harina P.A.N. Amarilla,35000000.00,2024-05-25
102894,José Vargas Pérez,,$20000000,05-14-2024
102142,Javier Sofía Torres Rojas,Unikat,10000000,05-06-2024
102937,"CABELLO RONDON, Diosdado",Unikat,20000000 COP,21.05.2024
100481,Mateo Gutiérrez Castro,Avena en Hojuelas,2500000.00,28.05.2024
100793,,Harina P.A.N. Amarilla,"$ 3,000,000",2024/05/31 00:00:00
101167,Santiago María Martínez Romero,Avena Quaker,10000000,20.05.2024
100647,María Martínez Vargas,Harina P.A.N. Blanca,12500000.00,2024/05/03 00:00:00
101335,Gonzalo Gonzalo Ortiz Sánchez,Avena Quaker,2500000,2024/05/14 00:00:00
103647,Jorge Mejía Martínez,Donkat,3000000,20/05/2024
100828,Andrés Valentina Moreno Rojas,Donkan,3000000,2024-05-19
101878,Aleksandr Lukashenko,Donkat,"$ 3,000,000",2024/05/08 00:00:00
103510,Santiago Jorge Pérez Arias,,$12500000,
101015,Claudia Restrepo Gutiérrez,Donkan,10000000.00,2024/05/29 00:00:00
103004,Carlos María López Jaramillo,Avena en Hojuelas,1500000,13/05/2024
102839,Laura Gabriel Pérez Gómez,,10000000 COP,05/05/2024
100065,Jamileh Abdullah Al-Shanti,,35000000,23/05/2024
100757,,Donkan,35000000,2024-05-21
101744,Daniela Alejandro López Mendoza,Avena Quaker sin Gluten,20000000.00,2024-05-26
100454,Alejandro Ana Romero Martínez,Donkat,7500000,02/05/2024
102296,Jamileh Abdullah Al-Shanti,Arena Unikat,4500000,2024-05-11
103020,"KIM, Jong Un",Avena Molida,"$ 4,500,000",2024-05-25
100259,Claudia Lucía Rojas Martínez,Donkan,7500000,17/05/2024
102778,"AL-ASSAD, Bashar",,5000000,12.05.2024
100328,Luis Ospina Pérez,Donkat,3000000,2024-05-31
102855,China Aerospace Science & Tech Corp,Harina Pancho,12500000,07/05/2024
101420,Fernando Juliana Ramírez Jaramillo,Donkat,"$ 12,500,000",2024-05-01
103419,"SAAB MORAN, Alex Nain",Avena en Hojuelas,35000000,
101245,Gonzalo Camilo Valencia Ospina,Avena Molida,$3000000,2024-05-10
100607,Javier Mendoza Martínez,Donkan,5000000,05-06-2024
100746,Ismael Zambada Garcia,Harina Pancho,"$ 35,000,000",2024-05-06
102353,"TREVIÑO MORALES, Miguel Angel",Harina Pancho,12500000,2024-05-06
102211,Gonzalo Felipe Romero Valencia,Harina Pancho,15000000,2024-05-30
103024,Felipe Gonzalo Torres Gómez,Avena en Hojuelas,15000000,2024-05-23
102996,Felipe Mariana Jiménez Sánchez,Unikat,1500000,2024-05-18
103444,"SANCHEZ CEREN, Salvador",Avena Quaker,12500000,2024-05-11
100092,Camilo Rojas Castro,Harina P.A.N. Amarilla,$15000000,05-22-2024
101615,"LUKASHENKO, Aleksandr",Avena Quaker,12500000,20/05/2024
101628,"CARO QUINTERO, Rafael",Harina Pancho,,2024-05-12
103037,Ricardo José Morales Valencia,Donkat,12500000,26.05.2024
100851,Mateo Pérez Torres,Avena Quaker sin Gluten,12500000 COP,2024/05/17 00:00:00
103097,"PURI, Genaro",Donkat,2500000,2024/05/21 00:00:00
103409,Diego Andrés Castro Vargas,Donkat,5000000.00,02.05.2024
103240,Ricardo Diego Ortiz Rodríguez,Harina P.A.N. Blanca,,05-31-2024
102014,Diana Fernando Arias Vargas,Arena Unikat,35000000,
103556,Luis Natalia Jaramillo Restrepo,,"$ 35,000,000",23.05.2024
101309,Juan Santiago Martínez Torres,Unikat,3000000,
102104,Paula Mendoza García,Avena Quaker,35000000,05-04-2024
103573,Miguel A. Treviño Morales,Donkan,"$ 35,000,000",05-09-2024
100560,Laura Paula Torres Gómez,Avena en Hojuelas,5000000,16/05/2024
103406,Santiago Torres Ortiz,Avena Quaker,15000000.00,2024/05/27 00:00:00
103782,Diana Luis Sánchez Ramírez,Harina P.A.N. Blanca,,23/05/2024
100117,Camilo Alejandro Vargas Silva,,2500000,05-28-2024
101740,Ricardo Ramírez Pérez,Arena Unikat,2500000,25/05/2024
100487,Valentina Martínez Jaramillo,Avena Quaker sin Gluten,1500000,2024-05-22
103768,CHINA AEROSPACE SCIENCE AND TECHNOLOGY CORPORATION,Avena Molida,4500000.00,2024-05-07
101442,José Rojas Moreno,Harina Pancho,"$ 15,000,000",2024-05-20
101154,Laura Carlos Morales Castro,Harina Pancho,15000000,2024-05-24
101501,Bashar Al Assad,Arena Unikat,20000000,
101554,Rafael Caro-Quintero,Donkat,4500000.00,
103122,Diana Camilo Ramírez Mejía,Donkan,5000000.00,2024-05-02
100925,Daniela Silva Valencia,Avena en Hojuelas,10000000,28/05/2024
102761,Javier Natalia Vargas Gómez,Unikat,35000000,15/05/2024
103036,Diana Navarro González,Harina Pancho,2500000,2024-05-07
101140,Esteban Restrepo Mejía,Arena Unikat,20000000.00,25.05.2024
102094,Esteban Navarro Mejía,Avena Quaker sin Gluten,"$ 3,000,000",2024-05-04
103022,Jorge Andrés Rodríguez González,Harina P.A.N. Blanca,2500000,2024/05/01 00:00:00
102707,Gonzalo González García,Avena en Hojuelas,"$ 12,500,000",2024-05-07
103129,Adriana Jiménez Rodríguez,Harina P.A.N. Blanca,$10000000,04/05/2024
102280,Daniela María López Vargas,Dogourmet,$5000000,06/05/2024
101996,Ziad Al Zaza,Harina P.A.N. Amarilla,"$ 20,000,000",05-22-2024
101078,Javier Santiago Martínez Navarro,Unikat,20000000 COP,05-20-2024
100525,Fernando Rodríguez López,Donkan,$7500000,2024-05-19
101463,Alejandro Restrepo Moreno,Donkat,7500000,2024-05-08
101382,José Luis Silva Sánchez,Harina Pancho,1500000.00,02/05/2024
102408,Adriana Claudia Rodríguez Jaramillo,Harina P.A.N. Blanca,7500000,2024-05-13
100409,"KIM, Jong Un",Arena Unikat,35000000,16/05/2024
101785,Alejandro Silva Romero,Avena Quaker,12500000.00,2024-05-26
102349,,Donkat,4500000.00,2024-05-31
101749,Laura Claudia García Jaramillo,Avena Quaker,"$ 7,500,000",21.05.2024
101697,Ricardo Juliana Hernández Castro,Donkat,5000000.00,
100872,Juan Camilo Vargas Mejía,Dogourmet,12500000,21/05/2024
101894,Lucía Ana Castro Romero,Harina Pancho,4500000,22.05.2024
103465,Mateo García Morales,Donkat,$5000000,2024-05-21
100113,Gabriel Diana Torres Castro,Avena Quaker,5000000,
100119,María Rojas Ramírez,Avena Quaker sin Gluten,"$ 5,000,000",05-06-2024
103204,"KIM, Jong Un",Harina P.A.N. Blanca,$1500000,2024-05-03
101625,Luis Mateo Romero Pérez,Arena Unikat,3000000,19.05.2024
103623,Camilo Camilo Chávez Mejía,Harina P.A.N. Amarilla,4500000.00,25.05.2024
100590,Daniela Gabriel Restrepo Morales,Harina P.A.N. Amarilla,3000000,09/05/2024
102235,Ana Natalia Sánchez Hernández,Donkat,"$ 12,500,000",2024-05-31
100086,Felipe Romero Silva,Dogourmet,20000000,
102617,Gabriel Suárez Silva,Arena Unikat,,2024-05-22
101232,Mariana Navarro Chávez,Harina P.A.N. Amarilla,4500000,
103548,Gonzalo Mateo López Rojas,Harina P.A.N. Amarilla,12500000,2024/05/14 00:00:00
102073,Lucía Laura Díaz Chávez,Harina P.A.N. Amarilla,,24.05.2024
103240,Diego Ana Vargas Valencia,Dogourmet,3000000,05-07-2024
103469,José Gutiérrez Ramírez,Avena Molida,35000000,2024-05-31
100813,Andrés Hernández Mendoza,Harina P.A.N. Amarilla,10000000,2024/05/13 00:00:00
103714,Jorge Rodríguez Ortiz,Harina P.A.N. Amarilla,12500000,2024/05/23 00:00:00
101756,"SANCHEZ CEREN, Salvador",Avena Molida,5000000,31/05/2024
103388,Diana Restrepo Ospina,Dogourmet,12500000,2024-05-23
100533,Claudia Mejía Suárez,Donkat,4500000.00,
101188,Mateo Torres Rodríguez,Avena Quaker sin Gluten,4500000.00,2024-05-30
103569,Diego Jaramillo Ramírez,Donkan,"$ 10,000,000",23/05/2024
101363,Patricia Martínez Martínez,Avena Quaker,12500000 COP,2024/05/20 00:00:00
101616,María Suárez Silva,Dogourmet,7500000,05-29-2024
103595,Patricia Mejía Jiménez,Unikat,3000000,23/05/2024
101283,China Aerospace Science & Tech Corp,Harina P.A.N. Blanca,3000000,2024-05-27
102117,Lucía Chávez Chávez,Donkan,$10000000,11.05.2024
100608,Felipe Mariana Martínez Castro,Harina P.A.N. Blanca,4500000,2024-05-16
101808,Lucía Mejía López,Donkan,15000000,2024-05-16
103556,Felipe Pérez Morales,Avena Quaker sin Gluten,$3000000,24/05/2024
103770,Sofía Carlos Vargas Arias,Harina P.A.N. Amarilla,"$ 4,500,000",2024-05-22
102418,Fernando Diana Navarro Romero,Harina P.A.N. Amarilla,7500000,03/05/2024
100179,Javier Claudia Gómez Jiménez,,20000000 COP,2024/05/11 00:00:00
101323,Andrés Martínez Mendoza,Harina P.A.N. Blanca,2500000.00,20/05/2024
100084,Camila Navarro Pérez,Avena Quaker,3000000,2024-05-13
103014,Felipe Mejía Restrepo,Avena Quaker sin Gluten,35000000.00,05-12-2024
101951,Adriana Valencia Suárez,Avena Quaker sin Gluten,20000000.00,03.05.2024
102102,Camila Lucía Pérez López,Donkan,"$ 12,500,000",05-21-2024
102159,Bashar Al Assad,Dogourmet,35000000.00,10/05/2024
101230,"KIM, Jong Un",Harina Pancho,"$ 3,000,000",10.05.2024
102091,Fernando Luis López González,Donkat,10000000,22.05.2024
100466,Paula Pérez Rodríguez,Arena Unikat,35000000,2024-05-26
103102,José Ricardo Hernández Ospina,Dogourmet,12500000.00,2024-05-09
103570,Camila Pérez Chávez,Dogourmet,,
102686,"CABELLO RONDON, Diosdado",Unikat,"$ 12,500,000",05-28-2024
103295,Verónica Romero Navarro,Avena Quaker sin Gluten,2500000,2024-05-01
102661,Valentina Sofía Jaramillo Torres,Avena Quaker,$10000000,28.05.2024
103152,Ismael Zambada Garcia,Unikat,3000000,2024-05-01
102397,Mariana Javier Rodríguez Valencia,Avena Quaker,4500000,27.05.2024
100420,"ABU TEIR, Mohammed",Dogourmet,10000000 COP,28/05/2024
102102,Fernando Navarro Mejía,Avena Molida,20000000 COP,29.05.2024
101097,Ana Lucía Hernández García,Dogourmet,$10000000,04/05/2024
101179,Paula Lucía Rodríguez Díaz,Arena Unikat,4500000,2024-05-15
103775,Miguel A. Treviño Morales,Avena Molida,35000000,
102547,Mateo Natalia Jaramillo Díaz,Avena Quaker,,05-03-2024
100640,"EL AISSAMI MADDAH, Tareck Zaidan",Avena Molida,12500000,2024/05/14 00:00:00
101469,Gabriel Martínez Rodríguez,Avena Quaker sin Gluten,"$ 7,500,000",06.05.2024
102529,María Alejandro Restrepo Sánchez,Avena Quaker,2500000.00,2024-05-16
102893,,Harina P.A.N. Blanca,"$ 12,500,000",31.05.2024
103201,CHINA AEROSPACE SCIENCE AND TECHNOLOGY CORPORATION,Avena Molida,"$ 20,000,000",2024-05-31
103731,Adriana Sánchez Morales,Donkan,"$ 3,000,000",23/05/2024
103355,Laura Romero Jiménez,Harina Pancho,$2500000,2024/05/15 00:00:00
101174,Carlos Jaramillo Jiménez,Avena en Hojuelas,3000000,12.05.2024
100565,Gabriel Arias Ortiz,Donkat,10000000 COP,29/05/2024
102939,Natalia Mariana Torres Gómez,Avena en Hojuelas,2500000,11/05/2024
103696,Lucía López Torres,Avena Molida,1500000 COP,23.05.2024
100032,Fernando Ricardo Hernández Moreno,Avena Quaker sin Gluten,15000000.00,05.05.2024
103176,Sofía Mariana Moreno Navarro,Avena Quaker,5000000,2024-05-18
100380,Andrés Juliana Mendoza Morales,,15000000,11.05.2024
103646,Mohammed Abu Teir,Avena en Hojuelas,,27.05.2024
101063,Adriana Martínez Romero,Dogourmet,15000000,02.05.2024
101388,Mariana Gómez Ospina,Avena Quaker,20000000.00,2024/05/29 00:00:00
102925,Jorge Mendoza Ramírez,Donkat,"$ 15,000,000",
100335,Natalia Felipe Restrepo Arias,Harina P.A.N. Amarilla,1500000,05/05/2024
102393,Natalia Esteban Navarro Chávez,Unikat,35000000,05-15-2024
102912,Mateo Felipe Ramírez Mejía,Unikat,3000000 COP,2024/05/17 00:00:00
101865,"EL AISSAMI MADDAH, Tareck Zaidan",Unikat,"$ 1,500,000",05-31-2024
101513,Diana Mateo Sánchez Sánchez,Avena Molida,5000000,2024-05-05
103240,Natalia Mejía Rodríguez,,"$ 3,000,000",2024-05-14
100501,Fernando Mejía Gómez,Avena en Hojuelas,7500000,02/05/2024
103120,Mariana Daniela Jaramillo Ramírez,Harina Pancho,15000000.00,25/05/2024
100953,Gonzalo Arias Suárez,Donkat,,05-31-2024
102298,Claudia Santiago Rodríguez Silva,Dogourmet,2500000.00,2024-05-03
102058,Ana Camilo Castro Jaramillo,Harina P.A.N. Blanca,"$ 2,500,000",2024-05-18
101004,"EL AISSAMI MADDAH, Tareck Zaidan",Arena Unikat,20000000,26/05/2024
100739,María Juan Jiménez Restrepo,Donkat,$1500000,11/05/2024
102219,CHINA AEROSPACE SCIENCE AND TECHNOLOGY CORPORATION,Harina Pancho,5000000,09.05.2024
102779,Jong-Un Kim,Harina Pancho,1500000.00,2024-05-11
101690,,Donkan,5000000,2024/05/27 00:00:00
103080,"SAAB MORAN, Alex Nain",Avena Molida,20000000,17.05.2024
102265,Diana Hernández Ospina,Donkat,2500000,05-14-2024
103125,Juan González Gutiérrez,Avena en Hojuelas,"$ 35,000,000",05-10-2024
102213,Adriana Torres Romero,Harina Pancho,4500000.00,2024/05/14 00:00:00
102674,María Ospina Mendoza,Harina Pancho,1500000,30/05/2024
100661,Daniela Sofía Mendoza López,Arena Unikat,15000000.00,2024-05-10
102500,Andrés Claudia Restrepo Morales,Avena en Hojuelas,$7500000,2024-05-31
100862,Mariana Hernández Jiménez,Unikat,20000000,05-30-2024
101692,Carlos Carlos Gómez Vargas,Avena en Hojuelas,"$ 12,500,000",2024-05-18
103329,Luis Mariana Sánchez Moreno,Donkat,20000000,06.05.2024
101820,Carlos Romero Castro,Harina P.A.N. Blanca,"$ 4,500,000",2024-05-25
100959,Paula Silva Ortiz,Unikat,7500000,2024/05/16 00:00:00
103563,Sofía Navarro Sánchez,Avena Quaker sin Gluten,20000000.00,05-06-2024
100521,Camila Ramírez García,Avena Quaker sin Gluten,$20000000,29/05/2024
100008,Valentina Juan Chávez Ospina,Donkat,"$ 35,000,000",2024-05-21
102785,Lucía Mateo Rojas Sánchez,Avena en Hojuelas,12500000,17.05.2024
101295,Jorge Arias Valencia,Harina P.A.N. Blanca,10000000,
100806,Jorge Lucía García Gutiérrez,Harina Pancho,7500000,05-21-2024
103309,HAMAS,Harina P.A.N. Blanca,"$ 20,000,000",2024-05-30
102128,Laura Alejandro Martínez Jiménez,Avena Quaker,"$ 2,500,000",20/05/2024
102371,HEZBOLLAH,,2500000 COP,2024-05-30
101234,Luis Ana Valencia Martínez,Avena Molida,35000000,05-04-2024
100954,Fernando Esteban González Arias,Avena Molida,35000000.00,15/05/2024
102118,,Donkan,20000000,2024-05-04
101724,Valentina Andrés Chávez Moreno,Unikat,20000000,2024-05-08
101276,"MADURO MOROS, Nicolas",Avena Molida,10000000.00,21.05.2024
102471,,Donkan,,01/05/2024
101408,Felipe Martínez Restrepo,Avena Quaker,4500000.00,07.05.2024
102523,Javier Diego Jiménez Jiménez,Avena Quaker sin Gluten,10000000,04/05/2024
101910,María Carlos Ortiz Ortiz,Avena Molida,4500000,24.05.2024
101486,Daniela Vargas Gómez,Harina P.A.N. Blanca,2500000,2024-05-18
100815,Valentina Natalia López Rodríguez,Avena Quaker,,2024-05-29
100731,Alex Nain Saab Moran,Avena Quaker,1500000,2024/05/09 00:00:00
101552,"MADURO MOROS, Nicolas",Dogourmet,2500000,2024-05-07
102707,Rafael Caro-Quintero,Harina Pancho,15000000 COP,2024/05/20 00:00:00
100785,Luis Ramírez Castro,Avena en Hojuelas,"$ 10,000,000",05-11-2024
101342,Gabriel Valentina Mendoza Torres,Avena Quaker,1500000.00,2024/05/09 00:00:00
103239,Verónica Pérez Jaramillo,Dogourmet,20000000,17/05/2024
101318,Adriana Ospina Vargas,Arena Unikat,7500000.00,16.05.2024
103665,Claudia María Morales Ortiz,Avena Quaker,$12500000,2024-05-13
100550,Daniela Natalia Chávez Pérez,Harina P.A.N. Amarilla,5000000,2024-05-12
102544,"LUKASHENKO, Aleksandr",Donkan,10000000,14/05/2024
101809,Gonzalo Rodríguez Vargas,Avena Quaker,5000000.00,2024/05/12 00:00:00
100403,Adriana José Rojas Ortiz,Harina P.A.N. Amarilla,2500000,2024-05-18
101024,Miguel A. Treviño Morales,Avena Quaker sin Gluten,$35000000,07.05.2024
103368,,Donkan,10000000 COP,05-27-2024
100929,Javier Felipe Navarro Ortiz,Arena Unikat,4500000,05-17-2024
101282,Diego Diego Jiménez Pérez,Avena Quaker,"$ 10,000,000",23/05/2024
103022,Juan Ramírez Silva,,$12500000,27/05/2024
102808,Jong-Un Kim,Donkat,15000000,
101561,Andrés Jiménez Navarro,Avena Quaker,10000000,2024-05-13
101849,"PURI, Genaro",Dogourmet,5000000,05-04-2024
100109,Bashar Al Assad,Harina Pancho,4500000,31/05/2024
102701,Ismael Zambada Garcia,Avena en Hojuelas,2500000,12/05/2024
101601,Jong-Un Kim,Harina Pancho,,14/05/2024
100532,"EL AISSAMI MADDAH, Tareck Zaidan",Avena Quaker,5000000,05-23-2024
102406,Ismael Zambada Garcia,Avena Quaker,"$ 15,000,000",2024-05-15
101825,"MADURO MOROS, Nicolas",Harina P.A.N. Amarilla,10000000.00,08/05/2024
102647,Verónica María Pérez Mendoza,Unikat,"$ 7,500,000",23.05.2024
101575,Camila Camila Restrepo Ospina,Dogourmet,"$ 3,000,000",04/05/2024
102730,Gabriel Santiago Rojas Mendoza,Harina P.A.N. Amarilla,4500000 COP,2024/05/14 00:00:00
101679,,Unikat,3000000,2024-05-17
101561,HEZBOLLAH,,$10000000,2024-05-13
101889,Andrés Ospina Mejía,,2500000.00,
102486,Javier Santiago Díaz Rodríguez,Harina P.A.N. Amarilla,3000000,18.05.2024
102774,Mohammed Abu Teir,Avena Quaker sin Gluten,3000000,2024-05-06
100885,"AL-ASSAD, Bashar",Unikat,$1500000,26/05/2024
100214,Laura Silva Valencia,,1500000,13.05.2024
101727,Natalia Valentina Pérez Rodríguez,Harina P.A.N. Blanca,1500000,05-07-2024
103264,CHINA AEROSPACE SCIENCE AND TECHNOLOGY CORPORATION,Dogourmet,"$ 3,000,000",02/05/2024
101321,"TREVIÑO MORALES, Miguel Angel",Avena en Hojuelas,35000000,2024/05/07 00:00:00
101460,Lucía Morales González,Donkan,,2024-05-21
100179,Diego Rojas Romero,Harina P.A.N. Amarilla,4500000,05-25-2024
102457,Laura Santiago Chávez González,Donkan,"$ 35,000,000",2024/05/22 00:00:00
100276,Andrés Hernández Jaramillo,Donkan,1500000.00,19/05/2024
102524,Jorge Carlos Ortiz Rodríguez,Harina P.A.N. Amarilla,5000000,14.05.2024
100827,Ana Mejía Mendoza,Harina Pancho,10000000,
101300,Mariana Alejandro Ramírez Rojas,Dogourmet,1500000.00,05-14-2024
100992,Juan Jiménez Jiménez,Avena Quaker,15000000,05-30-2024
102490,,Donkat,15000000,05-15-2024
100286,"KIM, Jong Un",Avena Quaker,1500000.00,2024/05/05 00:00:00
102427,"CABELLO RONDON, Diosdado",Avena en Hojuelas,4500000,03/05/2024
102481,Santiago Gabriel Restrepo Vargas,Avena Quaker,5000000,
100327,,Donkan,10000000,16/05/2024
101750,Lucía Javier Rodríguez Suárez,Harina P.A.N. Amarilla,5000000.00,05-05-2024
101899,Ziad Al Zaza,Avena Quaker sin Gluten,12500000,
102928,"MADURO MOROS, Nicolas",Unikat,4500000,2024-05-07
101573,,Unikat,5000000.00,2024-05-19
103125,Diana Díaz Castro,Donkat,"$ 5,000,000",25.05.2024
103795,Verónica Natalia Martínez Suárez,Donkat,4500000,2024/05/02 00:00:00
102789,Juan Felipe Chávez Ospina,Harina Pancho,5000000,2024/05/19 00:00:00
101628,Carlos Pérez Suárez,Arena Unikat,,03/05/2024
100679,Jong-Un Kim,Donkat,"$ 5,000,000",2024/05/17 00:00:00
102605,Daniela Mateo Pérez González,Avena Molida,$7500000,09.05.2024
100006,Esteban Carlos Díaz Mejía,Harina P.A.N. Amarilla,"$ 2,500,000",14/05/2024
102883,Lucía Romero Vargas,Harina Pancho,4500000,
103314,Sofía Martínez Vargas,Avena Quaker,5000000 COP,28/05/2024
100351,Laura Santiago Pérez Mendoza,Donkat,2500000,2024-05-11
102755,Bashar Al Assad,Harina P.A.N. Amarilla,1500000,2024/05/25 00:00:00
102469,María Gómez Suárez,Avena en Hojuelas,5000000 COP,16.05.2024
103345,Alejandro Jiménez Hernández,Avena Quaker,"$ 7,500,000",05-13-2024
102970,Alejandro Carlos Ospina Navarro,Harina Pancho,1500000.00,28/05/2024
102704,Gabriel Jaramillo Arias,Avena Quaker,1500000 COP,2024/05/31 00:00:00
102485,,Unikat,"$ 10,000,000",
102486,Javier Laura Suárez Mendoza,Avena Quaker,$3000000,05-29-2024
101234,Adriana Mejía Pérez,Dogourmet,15000000 COP,2024-05-15
100866,,Harina Pancho,"$ 35,000,000",04/05/2024
100902,Santiago Gonzalo Suárez Rojas,Arena Unikat,"$ 5,000,000",2024/05/31 00:00:00
103779,"MADURO MOROS, Nicolas",Avena en Hojuelas,"$ 35,000,000",03.05.2024
103728,Jorge Luis Jiménez Suárez,Arena Unikat,"$ 10,000,000",05-26-2024
100359,Jorge Sánchez Mendoza,Harina P.A.N. Amarilla,2500000,2024/05/19 00:00:00
102363,Diana Andrés Hernández Suárez,Arena Unikat,1500000,19/05/2024
102128,Lucía Romero Ramírez,Dogourmet,20000000.00,04/05/2024
102047,Diego Mendoza Ortiz,Dogourmet,12500000,2024-05-10
103472,María Ricardo Sánchez Rojas,Arena Unikat,20000000,2024-05-27
103391,Daniela Jiménez Torres,Arena Unikat,,30.05.2024
101225,Ana Camila Mejía Navarro,Dogourmet,3000000 COP,18/05/2024
102162,Javier Esteban Navarro García,Arena Unikat,5000000,2024-05-30
103480,Esteban Hernández Martínez,Arena Unikat,5000000,05-06-2024
100893,Javier Torres Morales,Arena Unikat,"$ 4,500,000",01/05/2024
102783,Laura Felipe Suárez Restrepo,Harina Pancho,1500000,2024-05-16
102662,"LUKASHENKO, Aleksandr",Donkan,20000000,05-05-2024
101239,María Navarro Mejía,Arena Unikat,20000000 COP,21.05.2024
101504,José Daniela Rojas Valencia,Harina P.A.N. Blanca,2500000,04/05/2024
102841,Adriana Jaramillo Rojas,Arena Unikat,"$ 2,500,000",06/05/2024
101332,Lucía Ramírez González,Harina P.A.N. Amarilla,15000000,27.05.2024
102125,Juliana Camilo Mejía García,Avena Molida,"$ 15,000,000",05-26-2024
100021,Sofía Diana Vargas Vargas,Avena en Hojuelas,$12500000,2024-05-04
100346,Santiago Chávez López,Harina P.A.N. Amarilla,,31/05/2024
102699,Carlos López Mendoza,Avena en Hojuelas,12500000,
102714,,Harina P.A.N. Blanca,4500000,2024-05-05
100526,Andrés Sofía Moreno Rojas,Arena Unikat,20000000,2024-05-18
102844,Santiago José Chávez Restrepo,Harina Pancho,15000000,21.05.2024
103365,Valentina Adriana Díaz Arias,Harina Pancho,7500000 COP,14/05/2024
102801,Gabriel Sánchez Sánchez,Avena en Hojuelas,10000000,2024-05-21
100040,Claudia Ortiz Rojas,Harina P.A.N. Amarilla,10000000 COP,
100719,CHINA AEROSPACE SCIENCE AND TECHNOLOGY CORPORATION,Avena en Hojuelas,5000000.00,26/05/2024
101302,Fernando Laura Martínez Díaz,Donkat,3000000,05-24-2024
102812,Esteban Andrés Chávez Gómez,Avena en Hojuelas,"$ 3,000,000",
102894,Ana Natalia Gutiérrez Arias,Unikat,3000000,12.05.2024
102603,Claudia Camilo Ortiz Silva,Harina P.A.N. Amarilla,5000000,
100346,,Arena Unikat,5000000.00,16.05.2024
102773,HAMAS,Avena en Hojuelas,3000000,05-17-2024
103730,Juliana Esteban Gómez Castro,Arena Unikat,,23/05/2024
102762,Camilo María Valencia Díaz,Avena en Hojuelas,,12.05.2024
100463,Ana Daniela Díaz Romero,Donkan,35000000,2024/05/18 00:00:00
100872,Fernando Mendoza Chávez,Harina P.A.N. Blanca,35000000.00,2024/05/07 00:00:00
100235,Adriana María Ospina Mejía,,1500000.00,2024-05-11
103646,"CARO QUINTERO, Rafael",Arena Unikat,3000000,2024-05-01
103740,José Felipe Arias Sánchez,Unikat,1500000,2024-05-22
102197,,Avena Quaker sin Gluten,2500000 COP,22.05.2024
103060,Rafael Caro-Quintero,Donkat,,28.05.2024
100164,"ZAMBADA GARCIA, Ismael",,10000000,2024/05/11 00:00:00
101963,Tareck Zaidan El Aissami,Dogourmet,5000000,05-16-2024
100538,Andrés Navarro Suárez,Harina P.A.N. Amarilla,"$ 2,500,000",2024-05-05
102445,Gabriel Jiménez Restrepo,Arena Unikat,1500000,2024-05-10
101014,HAMAS,Avena Molida,"$ 3,000,000",2024-05-06
101941,Patricia Gabriel Restrepo Castro,Arena Unikat,"$ 2,500,000",05-17-2024
100939,Nicolas Maduro Moros,Harina P.A.N. Amarilla,3000000,2024/05/09 00:00:00
103540,Lucía Castro Pérez,,10000000,10.05.2024
102088,Jorge Jaramillo Martínez,Donkat,35000000,2024-05-04
100744,Paula Gabriel Hernández Martínez,Harina P.A.N. Blanca,1500000,2024-05-24
101033,,Unikat,7500000,2024-05-04
103155,"AL-ASSAD, Bashar",Harina Pancho,7500000,26/05/2024
102393,Camilo Gabriel Rojas Morales,Donkat,$2500000,
103790,María Valentina Castro Valencia,Harina P.A.N. Amarilla,2500000 COP,2024-05-20
100785,Valentina Felipe López Ramírez,Donkat,"$ 15,000,000",2024/05/29 00:00:00
100277,Paula Mariana Sánchez Restrepo,Unikat,10000000.00,31/05/2024
101122,"SANCHEZ CEREN, Salvador",Arena Unikat,3000000,05-31-2024
100677,Valentina Esteban Mejía García,Unikat,15000000,25/05/2024
102425,Sofía Díaz Morales,Arena Unikat,$1500000,26/05/2024
102901,Camilo Ortiz Mendoza,Avena Quaker sin Gluten,15000000,2024-05-08
102619,Mahmoud Khaled Zahhar,Harina Pancho,5000000 COP,2024/05/09 00:00:00
103372,"SAAB MORAN, Alex Nain",Avena Quaker,15000000,2024-05-21
101672,Natalia Chávez Ramírez,Avena Molida,5000000,05-02-2024
100898,"CARO QUINTERO, Rafael",Arena Unikat,5000000,01/05/2024
103345,Laura Daniela Chávez Morales,Unikat,4500000,
101509,Esteban Ortiz Restrepo,Harina Pancho,12500000,06/05/2024
102652,Camila Mejía Vargas,Avena Quaker sin Gluten,1500000,2024-05-29
101004,,Unikat,35000000 COP,04.05.2024
102471,Mohammed Abu Teir,Harina P.A.N. Amarilla,10000000,04.05.2024
100584,María Pérez Rojas,,20000000,2024-05-31
100570,,Unikat,$20000000,2024-05-27
100086,Felipe Rojas Sánchez,Harina P.A.N. Blanca,2500000.00,04/05/2024
100928,Felipe Ortiz Rodríguez,Donkat,10000000,2024-05-21
100451,Daniela Diana Mejía Díaz,Avena Quaker,2500000 COP,10/05/2024
102476,Diana Pérez López,,3000000,05-11-2024
103585,Felipe Ricardo Mendoza Moreno,Harina P.A.N. Amarilla,5000000 COP,22/05/2024
100605,Luis Felipe Torres Hernández,,"$ 12,500,000",2024/05/26 00:00:00
101323,Diana Claudia Torres Pérez,Harina Pancho,"$ 3,000,000",2024-05-12
101569,Mateo Alejandro Ramírez Gutiérrez,,15000000,18/05/2024
102879,Jorge Arias Ortiz,Harina P.A.N. Amarilla,,2024/05/07 00:00:00
101941,"AL-ASSAD, Bashar",Harina Pancho,,12/05/2024
100993,Andrés Torres Arias,Avena Quaker,4500000,2024-05-05
101522,Felipe Rodríguez Restrepo,Harina P.A.N. Blanca,"$ 2,500,000",03/05/2024
100323,Santiago Romero Torres,,2500000,27.05.2024
101924,Diosdado Cabello Rondon,Arena Unikat,"$ 3,000,000",2024/05/23 00:00:00
100638,Alejandro Carlos Mendoza Sánchez,Harina P.A.N. Blanca,35000000,2024-05-25
103410,Ziad Al Zaza,Donkat,35000000 COP,05-15-2024
100642,Adriana Ortiz Restrepo,Avena Quaker sin Gluten,2500000.00,2024-05-31
100896,Mahmoud Khaled Zahhar,Donkat,$3000000,
101955,HEZBOLLAH,Donkan,35000000.00,27/05/2024
102648,"CARO QUINTERO, Rafael",Donkat,4500000,2024-05-04
102218,Alejandro Mendoza Díaz,Harina P.A.N. Amarilla,2500000,01.05.2024
100348,Valentina María Gutiérrez Rojas,Avena Molida,20000000,26/05/2024
101264,"AL-SHANTI, Jamileh Abdullah",Harina P.A.N. Blanca,"$ 7,500,000",
102972,Ziad Al Zaza,Donkan,"$ 3,000,000",
102405,Adriana Torres Rodríguez,Donkat,12500000.00,2024-05-28
100322,Aleksandr Lukashenko,Dogourmet,2500000 COP,
103216,Felipe Santiago Jiménez Valencia,Harina Pancho,,2024/05/20 00:00:00
102322,Daniela García Torres,Dogourmet,12500000,2024-05-01
101210,José Diego Hernández Díaz,Harina Pancho,2500000,12/05/2024
101056,HEZBOLLAH,Unikat,"$ 5,000,000",05-15-2024
102329,China Aerospace Science & Tech Corp,Unikat,1500000,10/05/2024
100341,Andrés Adriana Hernández Romero,Dogourmet,10000000.00,2024/05/09 00:00:00
100633,María Ana Gutiérrez Gómez,Harina P.A.N. Amarilla,5000000,
103580,"AL-ZAZA, Ziad",Unikat,35000000,15/05/2024
103757,Diego Vargas González,Donkat,10000000,2024-05-11
101140,,Unikat,1500000.00,31/05/2024
103234,Gonzalo Daniela Martínez Romero,Donkat,12500000,2024/05/07 00:00:00
100580,Lucía Vargas Pérez,Harina P.A.N. Amarilla,5000000,2024/05/10 00:00:00
100378,Mateo Patricia Vargas Martínez,Donkat,7500000 COP,2024-05-10
101452,Mateo Juliana Díaz Restrepo,Arena Unikat,20000000,05-01-2024
102720,Valentina Torres Hernández,Arena Unikat,7500000,29/05/2024
100465,,Dogourmet,10000000,2024-05-24
103054,Andrés Laura López Morales,Avena Quaker,"$ 10,000,000",2024-05-25
101516,Paula Castro Gómez,Donkan,,10/05/2024
101440,Verónica Diego Arias Arias,Donkan,15000000,2024-05-25
101562,Diego Camila Díaz Restrepo,Avena Quaker sin Gluten,"$ 35,000,000",05-14-2024
102524,Laura Laura Pérez Rodríguez,Donkat,2500000,05-25-2024
100867,Mariana María Mendoza Arias,Avena Quaker,12500000.00,2024-05-04
103719,Diana Ospina Arias,Dogourmet,10000000,12.05.2024
102757,Claudia Patricia Silva Arias,Avena Quaker,1500000 COP,2024-05-14
103443,"CARO QUINTERO, Rafael",Avena en Hojuelas,20000000,2024/05/06 00:00:00
103393,Gabriel Esteban Castro Navarro,Harina P.A.N. Blanca,,05-31-2024
100946,,Harina P.A.N. Amarilla,3000000.00,05-21-2024
100381,Patricia Santiago Hernández Morales,Harina P.A.N. Amarilla,,21.05.2024
102342,Jamileh Abdullah Al-Shanti,Donkat,"$ 1,500,000",2024/05/05 00:00:00
100793,Paula Ortiz Silva,Avena en Hojuelas,"$ 4,500,000",26.05.2024
102614,Ana Torres Rodríguez,Avena Molida,2500000,05-30-2024
101073,"ZAMBADA GARCIA, Ismael",Harina Pancho,2500000,28/05/2024
100301,Esteban Rodríguez Arias,Unikat,35000000,22/05/2024
103701,Mariana Camila Silva Gómez,Harina Pancho,35000000.00,2024/05/20 00:00:00
101420,"TREVIÑO MORALES, Miguel Angel",Unikat,20000000.00,2024-05-01
102121,Diana Rodríguez Rodríguez,Avena en Hojuelas,3000000,2024-05-12
100567,Miguel A. Treviño Morales,Avena Quaker,"$ 2,500,000",2024-05-31
103052,Valentina Paula Mendoza Ospina,Unikat,10000000.00,2024/05/13 00:00:00
102390,Valentina Claudia Navarro González,Avena Molida,5000000,
102487,Mariana Claudia Hernández González,Donkat,10000000,12/05/2024
101202,Luis María Chávez Arias,Avena Molida,35000000 COP,17/05/2024
103313,"CABELLO RONDON, Diosdado",Donkan,"$ 10,000,000",2024-05-12
101523,Rafael Caro-Quintero,Harina Pancho,,05-11-2024
101579,,Avena Quaker sin Gluten,20000000,2024-05-07
103331,Luis Mateo Restrepo Hernández,Donkan,4500000,26/05/2024
101725,,Harina P.A.N. Amarilla,2500000,2024-05-20
101164,Juan Gómez Ospina,Harina Pancho,,2024/05/18 00:00:00
100284,"ABU TEIR, Mohammed",Unikat,$2500000,14.05.2024
101611,Paula Gonzalo Mejía Martínez,Avena Quaker sin Gluten,12500000,2024/05/21 00:00:00
102531,"CARO QUINTERO, Rafael",Harina P.A.N. Amarilla,1500000,2024-05-27
103528,"TREVIÑO MORALES, Miguel Angel",Arena Unikat,10000000,2024-05-03
101063,Natalia Juliana Gómez Martínez,Harina P.A.N. Blanca,2500000,2024-05-10
102389,Daniela Díaz Ramírez,Unikat,2500000,2024-05-28
102708,Mateo Diana Gutiérrez Jaramillo,Unikat,5000000,24/05/2024
102913,"ZAMBADA GARCIA, Ismael",Harina P.A.N. Amarilla,7500000.00,2024-05-28
100870,Sofía Luis Mejía Martínez,Harina P.A.N. Blanca,35000000,
102902,Alejandro Hernández Silva,Unikat,35000000,2024-05-17
101579,Rafael Caro-Quintero,Unikat,20000000.00,25/05/2024
100672,HAMAS,Dogourmet,5000000 COP,05-19-2024
103051,China Aerospace Science & Tech Corp,Harina P.A.N. Amarilla,4500000,2024-05-15
101854,"LUKASHENKO, Aleksandr",Donkan,,
100217,Felipe Restrepo Jiménez,Unikat,5000000,05-02-2024
100723,Lucía Castro Navarro,Avena Molida,,16/05/2024
102647,"ZAHHAR, Mahmoud Khaled",Avena Quaker,2500000,2024/05/02 00:00:00
100927,Gabriel González Rojas,Avena Molida,10000000,2024-05-04
102608,Claudia Santiago Morales Moreno,Avena Quaker sin Gluten,20000000,2024-05-01
102791,Javier Gabriel Díaz Hernández,Harina P.A.N. Amarilla,3000000,29/05/2024
103609,Javier Juan Vargas Chávez,Harina P.A.N. Amarilla,"$ 3,000,000",2024-05-28
100448,,Harina P.A.N. Blanca,1500000.00,10.05.2024
103292,,Arena Unikat,,24/05/2024
103390,Verónica Ospina Gómez,Donkan,"$ 5,000,000",29/05/2024
101680,Javier Rodríguez Torres,,35000000 COP,12/05/2024
101472,Jong-Un Kim,Avena Quaker,2500000,31/05/2024
103592,"GUZMAN LOERA, Joaquin",Dogourmet,35000000.00,30/05/2024
101601,Camilo Moreno Jiménez,Avena Molida,10000000 COP,2024-05-09
102874,"LUKASHENKO, Aleksandr",Donkan,20000000,26/05/2024
103797,Paula Gómez Mejía,Dogourmet,3000000,05/05/2024
103275,Santiago Mendoza García,Avena Quaker sin Gluten,1500000,2024-05-07
102704,Ana Carlos Restrepo Moreno,Harina P.A.N. Blanca,1500000,2024/05/12 00:00:00
100584,Adriana Felipe Pérez Rojas,Arena Unikat,4500000,2024-05-30
101452,Bashar Al Assad,Avena Quaker,35000000.00,14/05/2024
102780,Patricia Ricardo Vargas Restrepo,Donkan,20000000,2024-05-25
101233,Tareck Zaidan El Aissami,Avena Quaker sin Gluten,2500000,05-30-2024
102156,Daniela Lucía González Ramírez,Unikat,7500000.00,22.05.2024
103737,Lucía Mateo Ospina Rodríguez,Avena en Hojuelas,1500000 COP,2024-05-14
103222,Ismael Zambada Garcia,,20000000.00,05-05-2024
101650,Fernando Navarro Ramírez,Dogourmet,1500000,2024/05/25 00:00:00
101365,Ana Rojas González,Avena Molida,$2500000,19/05/2024
102114,Ana Martínez Morales,Harina Pancho,,2024-05-16
103299,Felipe Silva Gómez,Unikat,"$ 20,000,000",2024-05-04
102129,China Aerospace Science & Tech Corp,Harina P.A.N. Amarilla,4500000,2024-05-16
101657,Esteban Sánchez Silva,Unikat,$3000000,27.05.2024
102605,Mariana Diana Restrepo Torres,,3000000,05-24-2024
101950,Tareck Zaidan El Aissami,Unikat,5000000,2024/05/04 00:00:00
101707,Claudia González Ospina,Donkat,3000000,2024-05-15
103719,Ricardo Valencia López,Donkan,3000000,24/05/2024
101465,,Avena en Hojuelas,15000000,29.05.2024
102686,Luis Torres Moreno,Arena Unikat,20000000,
103782,Ismael Zambada Garcia,Donkat,2500000 COP,21/05/2024
102858,Camila Adriana Chávez Ramírez,Donkan,20000000 COP,
100395,Luis Díaz Ortiz,Dogourmet,2500000,22/05/2024
103095,Gabriel Vargas Suárez,Donkat,2500000,2024-05-09
101315,Luis Natalia Rodríguez Vargas,Harina P.A.N. Amarilla,12500000,05-21-2024
102011,Joaquin Guzman Loera 'El Chapo',Unikat,35000000,07.05.2024
102576,Camilo Valentina Pérez Rodríguez,Dogourmet,2500000,
102327,HAMAS,Avena en Hojuelas,2500000,22.05.2024
101460,Camilo Sofía Jaramillo Moreno,Avena Molida,$15000000,2024-05-26
100413,Daniela José Ramírez Silva,Harina P.A.N. Amarilla,12500000,20/05/2024
103777,"ZAMBADA GARCIA, Ismael",Avena Quaker sin Gluten,,2024/05/03 00:00:00
100306,Ismael Zambada Garcia,Avena en Hojuelas,20000000,2024/05/17 00:00:00
103757,Esteban Juliana Sánchez Jaramillo,Avena Quaker sin Gluten,35000000,11/05/2024
100570,Mahmoud Khaled Zahhar,Avena Quaker,$15000000,2024/05/11 00:00:00
101416,Ana García López,Harina P.A.N. Amarilla,10000000.00,2024/05/20 00:00:00
100145,Javier Claudia López González,Unikat,15000000,12/05/2024
103168,Jorge Martínez Rodríguez,Avena Quaker,15000000.00,05-13-2024
101760,Javier Suárez Ramírez,Arena Unikat,10000000.00,04/05/2024
103760,Natalia Jiménez Restrepo,,4500000,2024-05-19
100313,Juliana Carlos Gutiérrez Martínez,Harina P.A.N. Blanca,3000000,2024-05-10
102693,Gabriel Andrés Navarro Jaramillo,,35000000,2024/05/09 00:00:00
103676,Rafael Caro-Quintero,Avena Quaker,"$ 12,500,000",31/05/2024
100221,Gabriel Claudia Hernández González,Donkan,,20/05/2024
103446,"MADURO MOROS, Nicolas",Avena en Hojuelas,4500000,2024-05-18
102662,Felipe Gutiérrez Valencia,Unikat,2500000,2024-05-27
101143,Daniela Pérez Martínez,Avena Molida,10000000,28/05/2024
102181,Jorge Vargas Restrepo,Harina P.A.N. Blanca,35000000,18.05.2024
101396,Alejandro Patricia Morales Rodríguez,Arena Unikat,20000000,14.05.2024
101736,Ana Daniela Mendoza Ospina,Avena Molida,"$ 20,000,000",2024-05-09
103275,Gabriel Gómez Rojas,Dogourmet,5000000,08.05.2024
101100,Esteban Rojas Romero,Dogourmet,"$ 5,000,000",26.05.2024
102328,"ZAMBADA GARCIA, Ismael",Dogourmet,$7500000,
101966,Mariana López Moreno,,15000000,05-02-2024
102258,"SANCHEZ CEREN, Salvador",Donkan,2500000,09.05.2024
103568,Verónica Vargas Torres,Avena Molida,35000000,05-04-2024
102375,Aleksandr Lukashenko,Donkan,1500000.00,2024-05-08
102459,Patricia Juan Moreno López,Avena Quaker,7500000,17/05/2024
100292,Gabriel Romero Arias,Dogourmet,$10000000,2024-05-05
101927,Natalia Arias Romero,Avena Quaker sin Gluten,20000000,2024-05-12
102092,Juan Morales Hernández,Arena Unikat,"$ 15,000,000",2024-05-23
102691,Mahmoud Khaled Zahhar,Arena Unikat,3000000,2024-05-21
102315,"SAAB MORAN, Alex Nain",Avena en Hojuelas,20000000.00,24/05/2024
101102,Camilo Javier Valencia Hernández,Avena Quaker,,2024-05-08
102838,Natalia Hernández Sánchez,Avena Quaker,"$ 12,500,000",29/05/2024
102071,"AL-ASSAD, Bashar",Harina P.A.N. Amarilla,"$ 7,500,000",2024-05-20
102761,Jorge Andrés Gutiérrez Arias,Avena Molida,35000000,09.05.2024
102359,Diana Arias Torres,Unikat,$35000000,2024/05/07 00:00:00
103135,Carlos Arias Chávez,Avena en Hojuelas,"$ 12,500,000",2024/05/05 00:00:00
103703,Juan Luis Ramírez Suárez,Donkat,,05-23-2024
102958,Diana Jiménez González,Harina P.A.N. Blanca,"$ 2,500,000",2024/05/12 00:00:00
102867,Mariana Lucía Mendoza Jaramillo,,"$ 3,000,000",2024/05/19 00:00:00
102760,José Gómez Romero,Dogourmet,12500000,2024-05-15
102020,Claudia Laura Ortiz Silva,Donkan,1500000.00,29/05/2024
103101,Lucía Suárez Hernández,,3000000,31.05.2024
101422,Sofía Claudia Hernández González,Avena Quaker sin Gluten,3000000,09/05/2024
101181,Diosdado Cabello Rondon,Avena Quaker sin Gluten,"$ 20,000,000",2024-05-30
102451,Laura Díaz Rodríguez,Harina P.A.N. Blanca,15000000.00,2024-05-07
102998,,Unikat,15000000,2024-05-15
101820,CHINA AEROSPACE SCIENCE AND TECHNOLOGY CORPORATION,Donkat,12500000,2024-05-28
101339,Diana José Ortiz García,Harina Pancho,15000000,05-15-2024
100411,Luis Gonzalo López Restrepo,Arena Unikat,15000000,05-27-2024
102401,María Carlos Gutiérrez Ramírez,Donkat,"$ 4,500,000",09/05/2024
102600,Camila Fernando Ramírez Castro,Harina P.A.N. Amarilla,$15000000,2024-05-24
101712,Verónica Sofía Vargas López,Arena Unikat,5000000.00,05-21-2024
103584,Javier Camila Silva Ortiz,Avena Quaker sin Gluten,35000000,05-26-2024
103608,Juliana Laura Ortiz Sánchez,Avena Quaker sin Gluten,10000000 COP,2024-05-11
102854,,,"$ 3,000,000",16.05.2024
102078,Mateo Juan Mendoza Rojas,Avena Quaker,10000000,2024-05-25
101632,Mateo Valencia Restrepo,,1500000,
102344,María Arias Ortiz,Harina Pancho,15000000,2024-05-21
103286,Alejandro Rodríguez Rodríguez,,"$ 2,500,000",2024/05/11 00:00:00
102193,Luis Camilo Morales Romero,Avena Quaker,$3000000,2024/05/13 00:00:00
103730,Diosdado Cabello Rondon,Donkan,7500000,18.05.2024
103241,María Camilo González Navarro,Unikat,1500000,2024-05-10
102684,Gabriel Sánchez Suárez,Donkat,$3000000,2024-05-29
102066,"AL-SHANTI, Jamileh Abdullah",Arena Unikat,10000000,24.05.2024
103405,Felipe Navarro Castro,Avena Molida,"$ 5,000,000",14/05/2024
101879,"GUZMAN LOERA, Joaquin",Avena Quaker,,05-21-2024
101979,Lucía Arias Rojas,Avena Quaker sin Gluten,15000000.00,2024-05-13
100917,Esteban Juliana González Valencia,Avena Molida,1500000,08/05/2024
100390,Laura Alejandro Torres Pérez,Avena en Hojuelas,3000000,31/05/2024
101651,Nicolas Maduro Moros,Avena Molida,12500000.00,05-27-2024
101032,Bashar Al Assad,,"$ 5,000,000",2024-05-27
102234,Mateo Claudia Morales Mejía,Unikat,7500000 COP,2024-05-08
102864,Adriana José González Restrepo,Harina P.A.N. Amarilla,10000000,2024-05-01
103627,Santiago Sánchez López,Donkat,12500000,26/05/2024
101635,Jong-Un Kim,Harina P.A.N. Blanca,5000000,10.05.2024
101188,Claudia Natalia Díaz Torres,Avena en Hojuelas,35000000,2024/05/20 00:00:00
100672,Patricia Sofía Jiménez Ramírez,Avena en Hojuelas,12500000,2024-05-14
102842,Carlos Castro Castro,Harina P.A.N. Amarilla,15000000,
102575,Santiago Ortiz Moreno,Harina P.A.N. Blanca,4500000,2024/05/27 00:00:00
102298,Ricardo Navarro Chávez,Avena en Hojuelas,"$ 35,000,000",05-03-2024
101146,,Harina Pancho,5000000.00,05.05.2024
100857,Daniela Rojas Jaramillo,Harina Pancho,"$ 1,500,000",2024-05-07
101324,Felipe Jaramillo Gómez,Harina P.A.N. Amarilla,1500000,26/05/2024
102294,Gonzalo Sánchez Gutiérrez,Donkat,"$ 10,000,000",
100680,Camilo Pérez Morales,Dogourmet,"$ 5,000,000",27/05/2024
100103,Patricia Lucía Moreno Vargas,Donkan,"$ 12,500,000",12.05.2024
101566,Tareck Zaidan El Aissami,Donkan,3000000 COP,2024-05-01
100385,,Donkan,5000000.00,05-01-2024
102628,,Unikat,10000000,23.05.2024
102008,Ana Juan Jaramillo Ospina,Harina Pancho,"$ 12,500,000",21.05.2024
103567,María Torres Vargas,Harina Pancho,2500000,2024-05-28
102683,Ana Rojas Castro,Avena Molida,1500000,22.05.2024
101705,Santiago Natalia Gómez Navarro,Dogourmet,35000000,07.05.2024
101128,Claudia Valencia López,Avena Molida,"$ 4,500,000",2024-05-14
101398,Carlos Moreno Sánchez,Unikat,,05-03-2024
101300,Diana Camila Pérez Vargas,,35000000 COP,2024-05-25
101885,"CARO QUINTERO, Rafael",Harina P.A.N. Amarilla,4500000,05-22-2024
101553,Valentina Andrés Silva Martínez,Arena Unikat,5000000,05-05-2024
101208,Valentina Castro Vargas,Avena Quaker sin Gluten,12500000,16/05/2024
100637,Camilo Santiago López Suárez,Avena en Hojuelas,,23/05/2024
102102,Fernando Rojas Pérez,Avena Quaker,5000000,2024-05-09
101946,"CABELLO RONDON, Diosdado",Harina Pancho,12500000.00,05-12-2024
103560,María González Moreno,Harina P.A.N. Blanca,3000000,2024-05-11
102239,Camila Ricardo Díaz Ospina,Harina Pancho,1500000,20/05/2024
102962,Lucía Javier Gutiérrez Chávez,Donkan,20000000,22/05/2024
103125,"SAAB MORAN, Alex Nain",Avena en Hojuelas,2500000,2024-05-25
103631,Juan Díaz Silva,Avena Molida,15000000,19.05.2024
103229,"TREVIÑO MORALES, Miguel Angel",Harina P.A.N. Blanca,2500000,2024-05-25
100820,Esteban Gómez Torres,Harina Pancho,5000000,2024-05-06
102966,Jamileh Abdullah Al-Shanti,Avena Quaker,"$ 3,000,000",28.05.2024
101411,"CABELLO RONDON, Diosdado",Harina P.A.N. Amarilla,12500000.00,
100526,Daniela Gabriel González Suárez,Donkan,3000000,2024/05/11 00:00:00
102000,Lucía Juliana García Moreno,Dogourmet,20000000,05-29-2024
103746,Natalia Gómez Navarro,Harina P.A.N. Amarilla,35000000,2024-05-16
100380,Jong-Un Kim,Donkan,"$ 10,000,000",2024-05-14
100669,Javier Arias Vargas,Donkat,35000000.00,04/05/2024
102686,CHINA AEROSPACE SCIENCE AND TECHNOLOGY CORPORATION,Donkat,1500000,05-05-2024
103159,Diego Navarro Restrepo,Harina P.A.N. Blanca,5000000,
100457,Mariana Javier Jiménez Romero,Harina Pancho,10000000.00,2024/05/13 00:00:00
101380,,Arena Unikat,20000000,17.05.2024
100497,Diego Diego Mendoza López,Unikat,12500000,05-29-2024
102223,Lucía Mendoza Rodríguez,Avena Quaker sin Gluten,3000000,2024-05-14
101018,María Paula López Navarro,Harina Pancho,2500000.00,05.05.2024
103763,Lucía Paula Ospina Gutiérrez,Arena Unikat,15000000.00,2024-05-02
101383,Felipe Laura Suárez Pérez,Dogourmet,5000000,2024-05-01
102338,José Lucía Sánchez Castro,Avena Quaker sin Gluten,5000000.00,2024/05/18 00:00:00
101532,Mahmoud Khaled Zahhar,Avena Molida,12500000,30/05/2024
103726,Camila López Navarro,Harina Pancho,35000000,01/05/2024
102691,HAMAS,Harina Pancho,5000000,20.05.2024
100905,Laura Rodríguez Hernández,Harina P.A.N. Amarilla,20000000,05-23-2024
102284,Mateo Alejandro Suárez Jaramillo,Harina P.A.N. Blanca,7500000,12.05.2024
100862,Bashar Al Assad,Avena en Hojuelas,"$ 3,000,000",09/05/2024
103063,José Paula Pérez Morales,Avena en Hojuelas,7500000,2024-05-25
102313,,Donkat,10000000 COP,01.05.2024
102486,Verónica Daniela Ramírez Suárez,Harina P.A.N. Amarilla,2500000,2024/05/07 00:00:00
103077,Camila Esteban Arias Moreno,Avena Quaker,10000000 COP,
103518,Laura Gonzalo Navarro Ortiz,Donkat,"$ 12,500,000",10.05.2024
102687,Camila Carlos Jiménez Ospina,Harina Pancho,35000000 COP,05-13-2024
102497,Mateo Juan Ortiz Ramírez,Avena Molida,15000000 COP,05-20-2024
102331,Juan Gutiérrez Díaz,,"$ 12,500,000",31/05/2024
101511,Daniela Valentina Díaz Ospina,Arena Unikat,4500000,
101200,Nicolas Maduro Moros,Harina P.A.N. Amarilla,1500000,15/05/2024
103291,Mariana Camila Ospina Sánchez,Avena Molida,,2024-05-30
103551,Luis López Arias,Avena en Hojuelas,$12500000,03.05.2024
101969,Juliana Rodríguez Valencia,Arena Unikat,1500000,
103225,María Valencia Restrepo,Harina P.A.N. Amarilla,2500000,09.05.2024
100581,Diana Natalia Arias Jiménez,Avena Quaker,12500000,2024-05-04
101402,Diego Verónica Gutiérrez Chávez,Avena Quaker sin Gluten,12500000,05-15-2024
100905,María Felipe Mendoza Rodríguez,Donkan,20000000,2024-05-10
103046,Ricardo Mariana Mendoza Torres,Arena Unikat,3000000,2024/05/10 00:00:00
100607,,Avena Molida,1500000,24/05/2024
102404,Camilo Santiago Moreno Torres,Avena en Hojuelas,7500000.00,2024/05/13 00:00:00
103674,Santiago Javier Vargas Jaramillo,Donkat,"$ 1,500,000",2024-05-03
101460,Jorge Sánchez Castro,Unikat,12500000.00,2024/05/21 00:00:00
101632,Camilo Valentina Romero López,Dogourmet,2500000 COP,2024-05-17
101829,Juliana Juliana Pérez Martínez,Avena Molida,15000000,09.05.2024
100935,Alex Nain Saab Moran,Arena Unikat,12500000,2024-05-20
100249,Valentina Luis Ramírez Silva,Avena Quaker,4500000,05-25-2024
100804,Juliana Ana Hernández García,Unikat,2500000,2024-05-16
103527,,Harina P.A.N. Amarilla,"$ 12,500,000",05-07-2024
102017,Diego Patricia Arias Rojas,Dogourmet,3000000,16/05/2024
101127,Ricardo Gutiérrez Jiménez,Dogourmet,15000000.00,21/05/2024
100668,Camila Gonzalo Jaramillo Mejía,Harina Pancho,"$ 2,500,000",2024-05-22
103189,Mariana Vargas Castro,Harina P.A.N. Amarilla,4500000,2024-05-17
102338,Javier Silva Morales,Dogourmet,3000000,07.05.2024
102676,Santiago Santiago Hernández Jaramillo,Avena Molida,"$ 10,000,000",2024-05-09
102976,Ricardo Silva Jiménez,Donkan,7500000,05-14-2024
101448,Carlos Esteban Martínez Arias,Dogourmet,3000000 COP,2024-05-25
103410,Valentina Chávez Mendoza,Donkan,1500000,26/05/2024
100437,,Harina P.A.N. Amarilla,,24/05/2024
101023,Javier María Suárez Mejía,Avena Quaker sin Gluten,20000000.00,2024-05-02
101932,Claudia Mariana Mendoza Sánchez,Harina Pancho,2500000,25.05.2024
101004,Felipe Valentina Pérez Valencia,Donkan,20000000.00,2024-05-22
103495,Fernando Andrés García Hernández,Donkan,"$ 12,500,000",2024-05-07
101045,,Avena Molida,1500000,
100066,Verónica Camilo Martínez Romero,Avena Molida,10000000 COP,
102315,Juliana Alejandro García García,Harina P.A.N. Amarilla,"$ 15,000,000",2024-05-18
103142,José Diego Castro García,Dogourmet,$10000000,15/05/2024
101859,Felipe Luis Vargas Jiménez,Avena en Hojuelas,$10000000,05-13-2024
100077,"AL-ZAZA, Ziad",Harina P.A.N. Blanca,4500000,2024-05-05
102180,Miguel A. Treviño Morales,Unikat,,25.05.2024
101263,Felipe Torres Morales,Harina Pancho,,2024/05/20 00:00:00
102212,"MADURO MOROS, Nicolas",Donkan,2500000,2024/05/11 00:00:00
100954,Valentina Restrepo Rojas,Avena Quaker,7500000,2024/05/29 00:00:00
100201,Daniela Morales Suárez,Unikat,12500000,07.05.2024
100667,Diana Vargas Sánchez,Avena Quaker,2500000 COP,05-24-2024
101957,,Avena Quaker sin Gluten,15000000,2024-05-15
101269,Mateo Laura Moreno Romero,Harina P.A.N. Amarilla,10000000 COP,2024-05-21
101125,,Arena Unikat,$35000000,2024-05-02
100524,Mohammed Abu Teir,Avena en Hojuelas,3000000,16.05.2024
103548,"EL AISSAMI MADDAH, Tareck Zaidan",Arena Unikat,,20/05/2024
100715,Diosdado Cabello Rondon,Avena en Hojuelas,,05-26-2024
101253,Diana Juan Mejía Morales,Donkat,35000000,2024-05-27
103010,Juan Jaramillo López,Harina Pancho,10000000,13.05.2024
103674,Santiago Gómez Moreno,Avena Quaker,2500000,2024-05-03
103509,Mateo Juliana Valencia Ramírez,Avena Molida,35000000,16/05/2024
101957,Andrés Romero González,Unikat,20000000,08/05/2024
102937,Felipe Pérez González,Donkat,$5000000,2024-05-04
103112,Ricardo Ospina Rojas,Harina Pancho,7500000,
100746,María Daniela Martínez Castro,Harina P.A.N. Blanca,3000000.00,27.05.2024
100047,Miguel A. Treviño Morales,Avena Molida,12500000,2024-05-12
102235,Esteban Sofía Ospina Chávez,Unikat,"$ 2,500,000",21.05.2024
103305,Alejandro Camila Chávez Jiménez,Unikat,15000000,05-04-2024
102630,Camilo Romero Restrepo,Harina P.A.N. Blanca,15000000,2024/05/08 00:00:00
101257,Diana Fernando Ramírez Moreno,Unikat,10000000.00,2024-05-31
103440,Adriana Castro Torres,,"$ 4,500,000",07.05.2024
102209,Felipe Camilo Martínez Romero,Avena Quaker,15000000,2024-05-06
103453,Alex Nain Saab Moran,Arena Unikat,3000000.00,05-31-2024
101596,Claudia Navarro Mendoza,Avena en Hojuelas,$10000000,2024-05-15
100855,Ricardo Chávez Silva,Arena Unikat,,2024-05-03
103220,Felipe Santiago Gutiérrez Navarro,Harina Pancho,35000000,2024-05-19
103656,Luis Rojas Ramírez,Donkat,"$ 2,500,000",2024/05/19 00:00:00
100583,Aleksandr Lukashenko,Dogourmet,"$ 5,000,000",05-01-2024
102705,Camilo Jaramillo Ortiz,Unikat,$5000000,
101562,Luis Alejandro Rojas López,Avena Quaker sin Gluten,2500000.00,05-14-2024
102997,Verónica Jorge González Pérez,,,2024/05/08 00:00:00
103705,Lucía Laura Rojas Rojas,,35000000.00,05-14-2024
100994,Paula González Mejía,Avena Molida,12500000,05-14-2024
102296,"KIM, Jong Un",Avena Molida,20000000,2024/05/17 00:00:00
103129,María Laura González Sánchez,Avena Quaker,7500000.00,2024/05/23 00:00:00
103490,Esteban María Moreno Valencia,Unikat,$20000000,2024/05/02 00:00:00
100098,Lucía Juan Morales Vargas,Dogourmet,7500000,30/05/2024
103479,HEZBOLLAH,Avena Quaker sin Gluten,$7500000,12/05/2024
102863,Claudia Ana Hernández Ospina,Dogourmet,"$ 5,000,000",2024-05-06
103508,Gonzalo Paula Vargas Mejía,Harina P.A.N. Amarilla,7500000,18.05.2024
103744,,Arena Unikat,2500000.00,05-11-2024
101380,Daniela Mejía Moreno,Unikat,"$ 7,500,000",
102383,"EL AISSAMI MADDAH, Tareck Zaidan",Avena Quaker sin Gluten,"$ 15,000,000",2024-05-18
100382,Camila García Castro,Harina P.A.N. Amarilla,20000000 COP,22/05/2024
100424,Alejandro Esteban Ramírez Suárez,Arena Unikat,5000000.00,2024-05-03
101007,Mahmoud Khaled Zahhar,Avena en Hojuelas,"$ 3,000,000",2024-05-09
101004,Alex Nain Saab Moran,Avena Quaker,12500000.00,2024-05-07
102278,Juan Javier Valencia Arias,Avena en Hojuelas,20000000,06.05.2024
101516,Daniela Natalia Chávez Restrepo,Donkan,4500000,
103757,Gonzalo Gabriel Ramírez González,Avena en Hojuelas,12500000.00,04.05.2024
102352,,Harina P.A.N. Blanca,12500000.00,05-16-2024
100090,"CABELLO RONDON, Diosdado",,12500000.00,2024/05/02 00:00:00
102944,Felipe Moreno García,Avena Quaker sin Gluten,,29.05.2024
102710,Verónica Andrés Navarro Morales,,5000000.00,
100590,Jong-Un Kim,Avena en Hojuelas,35000000.00,2024-05-28
102991,Paula Luis García Arias,Harina Pancho,4500000,20.05.2024
101359,Camila Mejía Sánchez,Harina P.A.N. Amarilla,2500000 COP,19.05.2024
103470,Mateo Jaramillo Ramírez,Donkan,3000000,
100821,Patricia Camila Chávez Navarro,Avena Quaker,7500000 COP,2024-05-21
102796,Laura Juan Martínez Martínez,Donkan,2500000,2024/05/31 00:00:00
101575,"TREVIÑO MORALES, Miguel Angel",Avena Quaker sin Gluten,$1500000,05-19-2024
102192,Camila Mejía Vargas,Avena Quaker,7500000,2024/05/22 00:00:00
100124,Camila Camila Torres Valencia,Avena Molida,1500000 COP,2024/05/29 00:00:00
102417,Ricardo Laura Moreno Vargas,Avena en Hojuelas,3000000 COP,2024-05-16
101862,Miguel A. Treviño Morales,Dogourmet,$15000000,26/05/2024
100268,"AL-ASSAD, Bashar",Donkan,4500000,
103321,Esteban Martínez Jaramillo,Dogourmet,20000000,2024-05-17
101157,Camilo Juliana Navarro Castro,Donkan,3000000,2024-05-07
102012,Esteban José Mejía Rodríguez,Harina P.A.N. Amarilla,7500000.00,20/05/2024
100365,Fernando Ana López Castro,Avena Quaker sin Gluten,"$ 20,000,000",19/05/2024
100771,Ana Ana Silva Suárez,Donkan,15000000,
103730,Adriana Camila Romero López,Avena Quaker,2500000,2024/05/06 00:00:00
100185,Luis Verónica Morales Gómez,Donkat,4500000 COP,2024/05/04 00:00:00
102701,"SAAB MORAN, Alex Nain",Donkan,3000000 COP,2024-05-27
102546,Esteban Torres Gutiérrez,Dogourmet,$5000000,05-14-2024
102827,Ricardo Rojas Arias,Harina P.A.N. Blanca,$10000000,2024-05-13
100171,Verónica Gómez Navarro,,12500000,2024-05-23
100751,Diana Mejía García,Avena en Hojuelas,7500000,2024-05-24
103504,Esteban Mendoza Mendoza,Avena Molida,5000000,04/05/2024
102122,Valentina Verónica Castro Ramírez,Harina P.A.N. Blanca,12500000,2024-05-04
101785,Camila García Gutiérrez,Avena Molida,7500000,05/05/2024
100179,Adriana Valentina Morales Hernández,Avena Molida,1500000 COP,2024/05/11 00:00:00
101602,Camila Castro Martínez,Donkat,3000000 COP,2024-05-17
101375,Tareck Zaidan El Aissami,,12500000,2024-05-15
102280,Ismael Zambada Garcia,Harina Pancho,3000000.00,2024-05-11
101517,Mateo Juan Díaz Hernández,Harina P.A.N. Blanca,3000000 COP,2024-05-22
102308,Ana Diana Ortiz López,Avena en Hojuelas,2500000,2024/05/27 00:00:00
103728,Daniela Suárez Valencia,Arena Unikat,,
100916,Diego Felipe Ospina Romero,Harina Pancho,5000000.00,2024/05/06 00:00:00
103299,Patricia Natalia Rodríguez Restrepo,Avena Quaker sin Gluten,3000000,14.05.2024
101662,Jorge Andrés Moreno Morales,Donkat,10000000,
102962,Natalia Navarro Ramírez,Avena en Hojuelas,,2024-05-23
103687,Rafael Caro-Quintero,Unikat,$15000000,26/05/2024
102223,Sofía Jaramillo González,Dogourmet,12500000,2024/05/27 00:00:00
102259,Mateo Morales Jiménez,Harina Pancho,35000000,17/05/2024
103055,Juan Daniela Vargas Rojas,Dogourmet,"$ 20,000,000",21/05/2024
101006,Valentina Hernández Ospina,Arena Unikat,"$ 3,000,000",2024-05-16
100351,Camilo María González García,Harina P.A.N. Blanca,1500000 COP,2024-05-28
100872,Gonzalo Paula Castro Torres,Avena Quaker sin Gluten,2500000,2024-05-30
100415,Mariana Camila Mendoza Silva,Avena en Hojuelas,3000000 COP,
101678,"SANCHEZ CEREN, Salvador",Harina Pancho,15000000.00,05-16-2024
103095,Gabriel Felipe Valencia González,Harina P.A.N. Blanca,$3000000,16/05/2024
102400,Mohammed Abu Teir,Arena Unikat,7500000 COP,05-19-2024
103631,,Donkan,2500000,2024-05-20
101197,Felipe Castro Hernández,Arena Unikat,2500000,26/05/2024
102102,Mateo Natalia Chávez Castro,,15000000 COP,01/05/2024
101773,Ana Ricardo Chávez Valencia,Donkan,1500000,05-25-2024
101239,Alejandro Andrés Gómez Rodríguez,Donkat,4500000 COP,13/05/2024
101667,Claudia Alejandro Romero Restrepo,Arena Unikat,7500000,12.05.2024
103763,Verónica Pérez Valencia,Dogourmet,$2500000,2024-05-30
100995,Diana Ramírez González,Harina P.A.N. Amarilla,3000000,05-05-2024
103537,Jamileh Abdullah Al-Shanti,,"$ 1,500,000",24.05.2024
103219,Luis Ospina Jiménez,Dogourmet,2500000.00,02.05.2024
100760,Jamileh Abdullah Al-Shanti,Harina P.A.N. Amarilla,2500000,05-26-2024
101584,,Donkan,35000000.00,16.05.2024
102996,Verónica Camila Jaramillo Mendoza,Dogourmet,$20000000,02/05/2024
100589,José Castro Chávez,Avena en Hojuelas,20000000 COP,2024-05-23
100665,,Donkat,$35000000,05-10-2024
103012,Fernando Chávez Moreno,Avena Quaker,15000000,2024/05/29 00:00:00
101409,Santiago García Mejía,Arena Unikat,1500000.00,27/05/2024
102409,Mariana Pérez Hernández,Donkan,35000000.00,2024-05-31
101229,Gonzalo Javier Romero Mejía,Unikat,7500000.00,2024-05-24
101328,María Mateo Ospina Ospina,Donkat,$12500000,15/05/2024
101718,,,"$ 3,000,000",2024/05/13 00:00:00
100618,Esteban Restrepo Vargas,Avena Molida,3000000,01/05/2024
100810,Miguel A. Treviño Morales,Harina P.A.N. Blanca,12500000,10.05.2024
101772,Claudia Mejía Mejía,Donkat,3000000,2024-05-22
100963,,Avena en Hojuelas,$12500000,14/05/2024
102505,Santiago Silva Restrepo,Harina P.A.N. Amarilla,20000000,2024-05-10
100072,Andrés Jaramillo García,Unikat,,2024/05/07 00:00:00
102364,Gonzalo Javier Rojas Jiménez,Donkan,4500000 COP,2024-05-31
102307,Jorge Gabriel Gutiérrez Mejía,Unikat,1500000,2024-05-29
102468,Gonzalo Mejía Ospina,Arena Unikat,5000000,13.05.2024
101010,Claudia Natalia Martínez Jaramillo,Avena Quaker,35000000,12.05.2024
102477,Felipe Gonzalo Mejía Hernández,Avena en Hojuelas,$4500000,2024-05-21
102144,Diana Martínez Castro,Avena en Hojuelas,5000000,13/05/2024
101212,,Harina P.A.N. Blanca,"$ 1,500,000",25/05/2024
103106,Felipe Daniela Díaz Valencia,Donkan,2500000 COP,2024-05-15
100069,Diego Ramírez Hernández,Harina P.A.N. Amarilla,$1500000,18/05/2024
102253,Ziad Al Zaza,Harina P.A.N. Blanca,35000000,11/05/2024
102960,María Gonzalo López Martínez,Arena Unikat,3000000,2024-05-30
102923,Diosdado Cabello Rondon,Avena Quaker,"$ 2,500,000",2024-05-12
102628,Luis Juliana Martínez Arias,,3000000.00,03.05.2024
100231,Diana Patricia Ortiz Gutiérrez,Dogourmet,35000000.00,05-02-2024
100625,Javier Ortiz Ortiz,,15000000,13.05.2024
102742,Juan Fernando Mejía Rodríguez,Arena Unikat,10000000.00,2024-05-02
102386,"SAAB MORAN, Alex Nain",Unikat,1500000,05-03-2024
103748,Santiago Torres Gómez,Dogourmet,20000000,18/05/2024
101339,Valentina Patricia Jiménez Castro,Avena Quaker sin Gluten,10000000,10/05/2024
100170,Adriana Sofía Vargas Sánchez,Donkat,,2024-05-28
101899,Ricardo Sofía Silva Romero,Harina P.A.N. Blanca,35000000.00,2024/05/19 00:00:00
103397,Sofía Ricardo Gómez Morales,Harina Pancho,7500000,31.05.2024
102297,Diego Santiago Mejía Jaramillo,Avena Molida,"$ 5,000,000",2024/05/22 00:00:00
103622,China Aerospace Science & Tech Corp,Harina P.A.N. Blanca,,
100398,Carlos Suárez Díaz,Harina P.A.N. Blanca,7500000,2024/05/07 00:00:00
101218,,Harina P.A.N. Blanca,2500000,09/05/2024
100715,Sofía Rodríguez Jaramillo,Harina P.A.N. Blanca,2500000,08/05/2024
102995,Claudia Jaramillo García,Arena Unikat,3000000,05-13-2024
101771,"KIM, Jong Un",Unikat,10000000,05-01-2024
103152,"AL-SHANTI, Jamileh Abdullah",,"$ 5,000,000",07.05.2024
103571,"GUZMAN LOERA, Joaquin",Avena Quaker,"$ 4,500,000",2024-05-26
101173,Lucía Verónica Ortiz Martínez,Donkan,2500000.00,
103011,Natalia Natalia Torres Hernández,Dogourmet,7500000,19/05/2024
101475,Paula Felipe Mejía Arias,Donkat,2500000.00,2024-05-29
101406,Diego Juliana Díaz López,Avena en Hojuelas,35000000,11/05/2024
100334,Santiago Andrés Morales Navarro,Donkat,2500000 COP,2024-05-18
101043,,,,2024-05-24
102142,Alejandro Gonzalo Romero Navarro,Dogourmet,10000000,12.05.2024
103417,Laura Ospina Torres,Arena Unikat,"$ 4,500,000",29.05.2024
103095,Laura Luis Silva Gutiérrez,Donkat,$5000000,05-18-2024
100495,Valentina Rodríguez Mendoza,Avena Quaker,$3000000,2024-05-22
102858,Diana Paula Navarro Gómez,Avena Molida,,2024-05-12
102047,Javier María Mejía López,Donkan,7500000,23/05/2024
100111,Juliana Lucía Moreno Mejía,Donkat,1500000 COP,2024/05/25 00:00:00
101862,Juliana Gutiérrez González,Donkat,7500000,2024-05-16
100042,Mariana Arias González,Dogourmet,3000000.00,22.05.2024
101125,Mariana Vargas Ospina,Arena Unikat,20000000,30/05/2024
103695,Patricia Camilo Mejía Vargas,Unikat,$5000000,2024-05-02
101991,Diana Luis Castro Jaramillo,Avena Quaker,1500000,24.05.2024
101392,Daniela Vargas Ortiz,Dogourmet,$20000000,08.05.2024
103032,Diana Ramírez Ramírez,Avena Molida,20000000,16/05/2024
101940,Juan Natalia González Arias,Harina P.A.N. Blanca,5000000,23/05/2024
103595,"GUZMAN LOERA, Joaquin",Dogourmet,7500000,2024/05/17 00:00:00
102336,Andrés Díaz Pérez,Harina Pancho,35000000,
102292,,,4500000,2024-05-10
102148,Carlos Gómez Sánchez,Dogourmet,5000000.00,2024-05-01
102719,Gonzalo Javier Morales Castro,Unikat,12500000,2024-05-04
103513,Juliana Luis Torres Ramírez,Avena en Hojuelas,$3000000,03/05/2024
100923,Luis Gabriel Arias Romero,Avena Quaker sin Gluten,10000000,2024-05-14
101842,Esteban Romero Navarro,Avena Molida,"$ 4,500,000",05/05/2024
102036,Adriana Santiago Gutiérrez Mendoza,Harina P.A.N. Amarilla,10000000.00,2024-05-14
103165,"MADURO MOROS, Nicolas",Dogourmet,1500000,
103503,Alejandro Hernández Silva,Unikat,15000000,2024/05/25 00:00:00
102182,Andrés José Mejía Jiménez,Avena en Hojuelas,20000000.00,05-09-2024
103715,Fernando Jorge Hernández Hernández,Avena Quaker,20000000,2024-05-10
103147,Mateo Restrepo Castro,Avena Molida,$3000000,2024-05-23
102382,Natalia Gonzalo Morales Ospina,Avena en Hojuelas,3000000,2024/05/24 00:00:00
101535,Sofía Alejandro Vargas Mejía,Avena Quaker,,2024/05/09 00:00:00
100509,Alejandro García Chávez,,15000000 COP,2024-05-01
100815,Patricia Diego Rojas Arias,Avena Quaker sin Gluten,1500000 COP,2024/05/21 00:00:00
100741,Javier Gonzalo Sánchez Ramírez,Harina P.A.N. Amarilla,"$ 7,500,000",2024-05-02
102246,CHINA AEROSPACE SCIENCE AND TECHNOLOGY CORPORATION,Avena en Hojuelas,5000000,2024/05/04 00:00:00
100456,Sofía Martínez Gómez,Donkan,"$ 20,000,000",10/05/2024
102263,,Donkan,4500000,05-18-2024
100656,Santiago Daniela Morales Rodríguez,,"$ 20,000,000",09.05.2024
103462,"SAAB MORAN, Alex Nain",Donkat,4500000,2024-05-20
101144,Alex Nain Saab Moran,Harina P.A.N. Amarilla,1500000,10/05/2024
101673,Daniela Jorge González Pérez,Arena Unikat,12500000,2024/05/24 00:00:00
103611,Daniela Rojas Morales,Dogourmet,12500000,29/05/2024
101527,Verónica Daniela Valencia Morales,Harina Pancho,2500000.00,05-23-2024
100848,Ziad Al Zaza,Avena Quaker,7500000,2024-05-09
102811,Jorge Jaramillo Rodríguez,,,03/05/2024
102010,Daniela Natalia Suárez Rodríguez,Donkat,12500000 COP,03/05/2024
100647,Claudia Chávez Jaramillo,Harina Pancho,$4500000,21/05/2024
103115,,Avena Quaker,"$ 2,500,000",2024-05-06
100610,Ana Chávez Valencia,Avena Quaker sin Gluten,$3000000,2024/05/09 00:00:00
101276,,Harina Pancho,15000000,2024-05-28
101180,"CABELLO RONDON, Diosdado",Avena en Hojuelas,12500000 COP,2024-05-29
102468,"EL AISSAMI MADDAH, Tareck Zaidan",Arena Unikat,2500000,2024-05-04
102962,Juliana Ospina Romero,Harina Pancho,3000000.00,2024-05-06
103138,"CABELLO RONDON, Diosdado",Avena Quaker sin Gluten,$15000000,17/05/2024
100684,"MADURO MOROS, Nicolas",Harina P.A.N. Blanca,12500000,2024-05-05
101863,Natalia Claudia Ospina Gutiérrez,Harina Pancho,,05-06-2024
101887,Luis Andrés Gómez Mendoza,Avena en Hojuelas,"$ 12,500,000",05-13-2024
103078,Camilo Camilo Moreno Navarro,Avena Quaker sin Gluten,15000000 COP,06/05/2024
100473,María Romero Silva,Avena Molida,10000000,10/05/2024
101842,Valentina Sofía Restrepo Torres,Avena Molida,3000000.00,10/05/2024
103701,Alex Nain Saab Moran,,5000000,15.05.2024
100596,Sofía Mateo Martínez Gutiérrez,Dogourmet,2500000,02/05/2024
103363,Lucía Mendoza Moreno,Avena en Hojuelas,15000000,2024/05/30 00:00:00
103776,Luis Castro Silva,Avena en Hojuelas,3000000,2024-05-04
100098,Claudia Morales Romero,Unikat,10000000,20/05/2024
103106,Fernando Sánchez Valencia,Unikat,"$ 10,000,000",05-02-2024
101352,Adriana Torres Suárez,Dogourmet,"$ 12,500,000",2024-05-21
100381,Tareck Zaidan El Aissami,,10000000,2024-05-08
103274,Andrés Castro Arias,Harina Pancho,10000000.00,2024/05/09 00:00:00
100669,Jamileh Abdullah Al-Shanti,Harina P.A.N. Blanca,"$ 5,000,000",2024-05-26
102741,Santiago Verónica Sánchez Pérez,Unikat,7500000.00,2024/05/12 00:00:00
102735,Patricia Alejandro Hernández Torres,Dogourmet,20000000.00,09.05.2024
101979,Gabriel Rodríguez Restrepo,Avena Quaker sin Gluten,7500000 COP,10/05/2024
100436,Esteban Silva Chávez,Harina Pancho,15000000,2024-05-26
103041,Diego Laura Romero Arias,Donkat,10000000.00,
102715,Bashar Al Assad,Harina P.A.N. Amarilla,7500000 COP,02/05/2024
100484,Felipe Juan Jiménez Romero,Avena Quaker sin Gluten,4500000,2024/05/16 00:00:00
102500,Sofía Gabriel Mendoza Gutiérrez,Harina Pancho,7500000,05-11-2024
102213,Laura Gómez Torres,Donkat,$12500000,2024/05/30 00:00:00
100133,Felipe Carlos Jaramillo Vargas,Harina Pancho,5000000 COP,05-12-2024
103657,Paula José López Díaz,Avena Quaker sin Gluten,7500000,2024-05-19
103364,"ABU TEIR, Mohammed",Avena Quaker,$3000000,
101193,,Avena Molida,15000000,2024-05-20
103491,"SANCHEZ CEREN, Salvador",Avena Quaker sin Gluten,3000000.00,23/05/2024
102723,Jorge María Navarro Jiménez,Harina Pancho,$12500000,2024/05/12 00:00:00
100862,Esteban Gabriel Silva Hernández,Avena Quaker,12500000,2024-05-05
100604,CHINA AEROSPACE SCIENCE AND TECHNOLOGY CORPORATION,Harina P.A.N. Amarilla,12500000,2024-05-24
100502,Gonzalo Javier Restrepo Arias,,35000000 COP,18.05.2024
101600,Sofía María Romero Díaz,Avena Quaker,7500000,02.05.2024
102696,Daniela Mejía Ospina,Donkat,7500000,2024-05-27
101026,Lucía Camila Gómez Díaz,Donkat,2500000,2024-05-11
102952,Gabriel Verónica Rojas Castro,,10000000,05-01-2024
103160,Natalia González Jaramillo,Avena en Hojuelas,4500000,05-11-2024
101781,Adriana Navarro Castro,Arena Unikat,1500000,05-24-2024
101668,Diego Jiménez Rodríguez,Avena Molida,35000000 COP,
101840,Diego Jorge Hernández Ortiz,Avena Quaker sin Gluten,$5000000,2024-05-28
101617,Joaquin Guzman Loera 'El Chapo',Avena Quaker sin Gluten,1500000.00,2024-05-02
100311,Gabriel Restrepo Martínez,Avena Quaker sin Gluten,$15000000,2024/05/18 00:00:00
103149,"ZAMBADA GARCIA, Ismael",Avena Molida,35000000,2024-05-19
100725,Fernando Gabriel Suárez Jiménez,Avena en Hojuelas,35000000,22/05/2024
103069,Gabriel Juan González Ramírez,Arena Unikat,,05-10-2024
100399,Lucía Díaz Romero,Avena Quaker sin Gluten,5000000 COP,23/05/2024
103576,"MADURO MOROS, Nicolas",Harina P.A.N. Amarilla,1500000 COP,03.05.2024
100497,Claudia Diana Valencia Jiménez,Avena en Hojuelas,15000000,04/05/2024
100722,José Pérez Moreno,Donkat,4500000.00,09.05.2024
100656,José Santiago Torres Jiménez,,15000000,30.05.2024
100869,Alejandro Lucía González Navarro,Harina Pancho,4500000.00,16.05.2024
101586,Luis Jorge Mejía Ospina,Donkan,35000000,2024-05-29
101702,Carlos Juan Romero Jiménez,Arena Unikat,1500000 COP,28/05/2024
102435,China Aerospace Science & Tech Corp,Avena en Hojuelas,"$ 15,000,000",2024-05-19
101007,,Avena Quaker sin Gluten,$15000000,2024-05-10
102723,"ZAMBADA GARCIA, Ismael",Harina Pancho,$5000000,2024-05-05
101263,Luis Natalia García Mejía,Arena Unikat,5000000,
100464,José Camilo González Romero,Harina P.A.N. Amarilla,"$ 5,000,000",2024/05/11 00:00:00
102384,Tareck Zaidan El Aissami,Harina P.A.N. Amarilla,4500000,10.05.2024
100411,Juliana José Silva Silva,Donkat,1500000,29/05/2024
102409,Claudia Andrés García González,Harina P.A.N. Blanca,$2500000,02/05/2024
100335,Juliana Díaz Gutiérrez,Donkan,3000000,05-30-2024
101670,Juan Andrés Díaz Gutiérrez,Harina P.A.N. Blanca,35000000.00,05-09-2024
100864,Valentina Gabriel Martínez Restrepo,Avena Molida,35000000,27/05/2024
101020,Esteban Mateo Mendoza Rojas,Avena Molida,"$ 2,500,000",05-09-2024
102361,Diana Valentina Chávez Ramírez,,,05-31-2024
100945,Mahmoud Khaled Zahhar,Avena Quaker,"$ 1,500,000",
103399,Claudia Carlos Morales Sánchez,Arena Unikat,1500000,2024-05-11
103558,China Aerospace Science & Tech Corp,Donkan,7500000 COP,05-13-2024
101446,Mariana Felipe Morales Suárez,Avena Quaker,$35000000,2024-05-22
101898,Claudia Patricia Gómez Restrepo,Harina Pancho,"$ 1,500,000",2024-05-27
100576,Fernando Sánchez Mendoza,Avena Quaker sin Gluten,5000000,2024-05-25
101241,Camilo Ospina Moreno,Dogourmet,4500000,2024/05/23 00:00:00
101794,Daniela Jaramillo Ortiz,Harina Pancho,"$ 1,500,000",
100449,Nicolas Maduro Moros,Avena Quaker sin Gluten,7500000.00,2024-05-23
102323,Camilo Esteban Rodríguez García,Harina P.A.N. Amarilla,$4500000,09.05.2024
100080,Camilo Verónica Gómez Torres,Donkan,15000000,2024-05-11
103000,China Aerospace Science & Tech Corp,Avena Quaker sin Gluten,10000000,2024-05-26
102743,Ziad Al Zaza,Avena Molida,20000000.00,04/05/2024
101930,Gabriel Jiménez Moreno,Avena Quaker,15000000,08/05/2024
101682,Luis Ramírez Ortiz,Harina P.A.N. Blanca,4500000,2024/05/18 00:00:00
101807,"AL-ASSAD, Bashar",Arena Unikat,3000000,2024-05-07
100047,"GUZMAN LOERA, Joaquin",Avena Molida,10000000,05-09-2024
100383,Sofía Gutiérrez Sánchez,Avena Quaker sin Gluten,20000000.00,2024/05/21 00:00:00
102822,Bashar Al Assad,Avena Quaker sin Gluten,15000000,05-25-2024
103346,"KIM, Jong Un",Avena Quaker,$10000000,2024-05-04
103085,Claudia Moreno Moreno,Unikat,,01.05.2024
100959,Juan Valentina Vargas Díaz,Arena Unikat,"$ 1,500,000",07.05.2024
101887,Ismael Zambada Garcia,Harina P.A.N. Blanca,35000000,2024-05-20
101501,"EL AISSAMI MADDAH, Tareck Zaidan",Dogourmet,$5000000,2024-05-14
101940,"CABELLO RONDON, Diosdado",Donkat,1500000,02/05/2024
100299,Mateo Díaz Morales,,10000000,
103630,Miguel A. Treviño Morales,Unikat,,20/05/2024
101065,Mariana Mariana Rojas Hernández,Avena Molida,4500000 COP,26.05.2024
101210,"AL-ZAZA, Ziad",Donkat,15000000,2024/05/03 00:00:00
103689,"MADURO MOROS, Nicolas",Harina P.A.N. Blanca,,2024/05/18 00:00:00
101616,"KIM, Jong Un",Dogourmet,"$ 20,000,000",
102082,Juliana Andrés Gutiérrez Martínez,Avena Molida,$15000000,08/05/2024
102201,"LUKASHENKO, Aleksandr",Harina P.A.N. Amarilla,5000000,2024-05-18
102009,Jong-Un Kim,Avena Quaker,$3000000,05-08-2024
102559,"MADURO MOROS, Nicolas",Unikat,2500000,21/05/2024
100135,Gonzalo Claudia Jiménez Rodríguez,Harina P.A.N. Blanca,,2024-05-23
100338,Juan Díaz Pérez,Arena Unikat,4500000,2024-05-26
101447,Juliana Ana Rodríguez Torres,Donkan,"$ 10,000,000",2024/05/26 00:00:00
102459,Fernando Pérez Torres,Dogourmet,20000000.00,10/05/2024
101286,Luis Mendoza López,Donkat,12500000,14/05/2024
100011,"ZAHHAR, Mahmoud Khaled",Dogourmet,$5000000,2024-05-13
101547,Natalia Claudia Torres Navarro,Avena Molida,2500000,05.05.2024
101270,Gonzalo Martínez Romero,Harina Pancho,20000000,05-02-2024
100217,"KIM, Jong Un",Donkat,4500000,2024/05/20 00:00:00
100264,Paula Juan Vargas Ramírez,Harina P.A.N. Blanca,$5000000,2024-05-30
102562,Camilo Gómez Chávez,Arena Unikat,5000000 COP,2024-05-21
102941,Verónica Gabriel Castro Suárez,Avena Quaker,15000000.00,2024-05-13
100579,Jamileh Abdullah Al-Shanti,Arena Unikat,10000000.00,10.05.2024
103602,Ricardo Santiago Rodríguez Gutiérrez,Donkat,3000000,24.05.2024
101892,Laura Chávez Pérez,Harina P.A.N. Blanca,10000000,21/05/2024
103230,Natalia María Vargas Navarro,Avena Quaker,35000000,05-18-2024
101684,Juan Javier Suárez Silva,Avena Quaker sin Gluten,5000000.00,31.05.2024
102277,Juan Laura Romero Gutiérrez,Arena Unikat,15000000.00,2024/05/27 00:00:00
101186,Andrés Ana Jiménez López,Dogourmet,35000000,2024-05-28
100855,Tareck Zaidan El Aissami,Donkan,$4500000,05-09-2024
103301,Diana Ortiz Torres,Harina P.A.N. Amarilla,2500000,20/05/2024
102584,Diana Valentina Gutiérrez Pérez,Dogourmet,4500000,05/05/2024
102962,Jorge Arias López,Harina P.A.N. Amarilla,2500000 COP,20.05.2024
103190,Gonzalo Laura Ospina Arias,Avena en Hojuelas,$15000000,2024/05/01 00:00:00
103320,Mohammed Abu Teir,Harina P.A.N. Blanca,20000000,25/05/2024
101934,Camilo Gabriel Suárez Jiménez,Dogourmet,,10.05.2024
102497,Mateo Sofía Navarro Romero,Donkan,$3000000,2024-05-03
103566,,Avena en Hojuelas,"$ 35,000,000",
103432,Jorge Jaramillo Jiménez,Harina P.A.N. Blanca,20000000,
100983,Santiago Adriana Torres García,Unikat,5000000,2024-05-14
103060,María Fernando Ramírez Arias,Harina P.A.N. Blanca,7500000.00,25.05.2024
101755,Ziad Al Zaza,Donkat,1500000.00,2024-05-04
100172,"ABU TEIR, Mohammed",Avena Quaker,1500000.00,07/05/2024
102805,José Juan Suárez Torres,Unikat,2500000,2024-05-24
100213,Sofía Jiménez Moreno,Donkat,15000000.00,
101189,Verónica Felipe Morales Chávez,Arena Unikat,1500000,2024/05/10 00:00:00
101832,"LUKASHENKO, Aleksandr",Avena Quaker,7500000,
100957,Camilo López Morales,Dogourmet,7500000.00,2024-05-04
102312,Mariana Juan Martínez Romero,Avena Molida,$2500000,05-10-2024
103140,Mariana Santiago Navarro Arias,Avena Molida,$20000000,28.05.2024
102192,Diego Mendoza Torres,Donkan,20000000,05-31-2024
101205,China Aerospace Science & Tech Corp,Harina P.A.N. Blanca,$15000000,05-19-2024
103437,Valentina Valentina González Vargas,Avena Quaker,"$ 5,000,000",2024/05/25 00:00:00
101630,Ana Juan Jaramillo Torres,Dogourmet,2500000,2024/05/14 00:00:00
100712,HEZBOLLAH,Arena Unikat,4500000,2024/05/31 00:00:00
101334,Alex Nain Saab Moran,Dogourmet,35000000.00,05-12-2024
103391,Camilo Rodríguez Mendoza,Harina P.A.N. Blanca,,05-29-2024
102418,Lucía Torres Navarro,Donkan,"$ 15,000,000",05-14-2024
101566,"AL-ASSAD, Bashar",Avena Molida,10000000,2024-05-21
103139,Carlos Lucía González Torres,Avena Quaker,15000000,2024/05/11 00:00:00
100985,Patricia Claudia Navarro Torres,Avena Molida,$5000000,05-09-2024
103410,"ABU TEIR, Mohammed",Harina Pancho,,2024-05-01
100478,Lucía Daniela García Martínez,Donkat,15000000,05-03-2024
101536,Alejandro Juan Martínez García,Avena en Hojuelas,1500000.00,2024-05-09
101670,Luis Gonzalo Martínez Ospina,Harina Pancho,35000000.00,05-28-2024
102611,Mateo Ana Romero Ortiz,Avena Quaker sin Gluten,5000000,
102973,Esteban Valencia Ramírez,Donkat,"$ 10,000,000",2024-05-20
103055,"AL-SHANTI, Jamileh Abdullah",Unikat,$35000000,30/05/2024
102315,"CABELLO RONDON, Diosdado",Arena Unikat,20000000,2024-05-25
100812,Camilo Patricia García Castro,Avena Quaker,12500000,2024-05-30
103751,Paula Santiago Castro Moreno,Donkat,2500000,2024-05-30
102777,"CABELLO RONDON, Diosdado",Harina P.A.N. Amarilla,2500000.00,01/05/2024
100974,Jong-Un Kim,,35000000,15/05/2024
101832,Paula Castro Morales,Harina P.A.N. Amarilla,,2024-05-10
103541,"CABELLO RONDON, Diosdado",Avena Molida,7500000,28/05/2024
101850,Laura Fernando Martínez Gutiérrez,Avena Quaker,35000000,04/05/2024
100307,Felipe Verónica Díaz Vargas,Harina P.A.N. Blanca,3000000.00,29/05/2024
102127,Juliana Laura Castro Chávez,Donkat,3000000.00,11.05.2024
103582,Mariana Restrepo Ortiz,Avena en Hojuelas,$4500000,28/05/2024
103026,Gonzalo Alejandro Ortiz Valencia,Harina P.A.N. Blanca,"$ 12,500,000",19/05/2024
102867,Esteban Diana Ospina Jaramillo,Harina P.A.N. Blanca,$10000000,2024-05-16
101540,Felipe Carlos Romero Gómez,Avena en Hojuelas,3000000,2024-05-27
101343,Rafael Caro-Quintero,Dogourmet,3000000,05-13-2024
102812,,Avena Quaker sin Gluten,10000000.00,2024-05-24
102325,Camila Ramírez Hernández,Donkat,"$ 12,500,000",2024-05-31
100648,Claudia Mendoza Rodríguez,Harina Pancho,$1500000,2024-05-26
102078,Jorge Juliana Restrepo Chávez,Avena Quaker sin Gluten,35000000,05-29-2024
101420,Adriana Luis Pérez Mendoza,Unikat,35000000.00,2024/05/15 00:00:00
103783,María Mariana Pérez Moreno,Harina Pancho,$4500000,
101125,Juliana Camila Rodríguez Valencia,Donkat,2500000 COP,03.05.2024
102219,Diego Juliana Mejía Suárez,Harina Pancho,20000000.00,14/05/2024
102023,Felipe Andrés Hernández Castro,Arena Unikat,"$ 1,500,000",2024-05-18
102848,Esteban Gabriel Romero Martínez,Avena Quaker sin Gluten,"$ 1,500,000",28/05/2024
100125,Daniela Alejandro Ospina López,Dogourmet,2500000,29/05/2024
102144,Alejandro Claudia Chávez Vargas,Donkat,12500000.00,2024-05-07
102799,Fernando Gutiérrez Ramírez,Avena en Hojuelas,$20000000,26/05/2024
100673,Valentina Laura Jiménez Navarro,Avena Quaker sin Gluten,"$ 2,500,000",2024-05-30
101593,Alejandro Javier Vargas Jiménez,Harina Pancho,20000000,05-31-2024
100915,Jorge Romero González,Avena en Hojuelas,2500000.00,13/05/2024
102125,"KIM, Jong Un",Avena Quaker sin Gluten,10000000 COP,2024-05-18
100031,Verónica Fernando Chávez Ortiz,Avena Quaker,5000000.00,2024/05/04 00:00:00
100675,,Harina P.A.N. Blanca,4500000.00,2024-05-23
100352,Mahmoud Khaled Zahhar,Donkan,4500000,2024-05-03
102985,,Harina Pancho,7500000.00,07.05.2024
103487,Camilo Restrepo Valencia,Donkan,1500000,2024-05-20
103179,Laura Pérez López,Donkan,3000000,20/05/2024
100027,Camilo Ana Ramírez Jaramillo,Avena Quaker sin Gluten,7500000,28/05/2024
101704,Paula Andrés Jiménez Restrepo,Harina P.A.N. Blanca,$7500000,19/05/2024
100566,Mariana Claudia Silva Díaz,Unikat,7500000.00,2024/05/24 00:00:00
103226,Alejandro Lucía Romero Hernández,Arena Unikat,20000000,2024-05-17
100557,Diana Lucía Jiménez Rodríguez,Harina P.A.N. Blanca,1500000,2024-05-26
102632,Jorge Gutiérrez Ramírez,Harina P.A.N. Amarilla,$7500000,2024-05-03
102275,Javier Morales Restrepo,Arena Unikat,"$ 3,000,000",2024-05-10
102046,Camilo Daniela Mejía Torres,Arena Unikat,4500000,
101500,Fernando Felipe Gómez Ramírez,Avena en Hojuelas,3000000 COP,
103018,Camilo Vargas González,Harina Pancho,$4500000,2024-05-05
102567,Mohammed Abu Teir,Avena Quaker sin Gluten,20000000,13.05.2024
100655,Camilo Chávez Mejía,Avena Quaker,15000000,01/05/2024
103223,Esteban José Ospina Vargas,Harina Pancho,7500000,
101332,Claudia Daniela Torres López,Harina Pancho,20000000,27.05.2024
101607,Diego Gutiérrez González,Harina P.A.N. Blanca,$15000000,23/05/2024
100719,"KIM, Jong Un",Harina P.A.N. Amarilla,"$ 12,500,000",07/05/2024
100744,Sofía Camila Rodríguez Hernández,Harina Pancho,3000000.00,2024/05/19 00:00:00
103610,Jong-Un Kim,Harina Pancho,"$ 2,500,000",2024-05-26
103672,Luis Gabriel Torres Gutiérrez,,"$ 7,500,000",2024/05/23 00:00:00
101711,Juliana Silva Rojas,Harina P.A.N. Amarilla,"$ 12,500,000",15.05.2024
101012,Jorge Navarro Mendoza,Harina P.A.N. Blanca,20000000,2024-05-28
102472,Verónica Diana Vargas Valencia,Avena Molida,12500000,2024-05-19
101356,"ZAHHAR, Mahmoud Khaled",Avena Quaker,35000000 COP,15.05.2024
102373,Diana Hernández Ramírez,Avena en Hojuelas,15000000,2024-05-05
102986,,Arena Unikat,1500000.00,2024-05-06
102002,"AL-ASSAD, Bashar",Avena Molida,$35000000,17/05/2024
102733,Mariana Morales Romero,Avena en Hojuelas,7500000,21/05/2024
100967,,Donkat,,2024/05/19 00:00:00
103571,Diana Paula Díaz Morales,Arena Unikat,,2024-05-28
101240,Santiago Paula Rodríguez Pérez,Avena Quaker,12500000,28.05.2024
103734,Tareck Zaidan El Aissami,Harina P.A.N. Blanca,20000000,2024-05-16
101629,Verónica Sánchez Torres,Harina P.A.N. Blanca,35000000,2024-05-05
101679,Aleksandr Lukashenko,Unikat,35000000,05-04-2024
100428,,Harina Pancho,3000000,20.05.2024
100810,Alejandro Camilo Valencia Gutiérrez,Avena Molida,4500000,2024-05-19
103181,Sofía Camila Ospina Silva,,2500000,2024-05-26
100093,"ZAMBADA GARCIA, Ismael",Avena en Hojuelas,35000000,2024-05-17
102442,Carlos Gonzalo Ramírez Torres,Avena Quaker sin Gluten,10000000,27.05.2024
101433,Rafael Caro-Quintero,Arena Unikat,$10000000,03.05.2024
103191,Carlos Sofía Moreno Ramírez,Arena Unikat,20000000,01.05.2024
100485,Aleksandr Lukashenko,Harina Pancho,5000000,30/05/2024
103466,Natalia Ramírez Morales,Harina P.A.N. Blanca,5000000 COP,29.05.2024
101973,Nicolas Maduro Moros,Harina P.A.N. Blanca,10000000,2024-05-20
101138,Bashar Al Assad,Harina P.A.N. Blanca,3000000.00,02/05/2024
100532,José Juan Arias Ortiz,Harina Pancho,5000000.00,2024/05/31 00:00:00
102872,Patricia Santiago Gómez Ortiz,Arena Unikat,5000000,2024-05-02
103657,Esteban Mariana Romero Restrepo,Avena Quaker sin Gluten,20000000,05-15-2024
101008,Paula Restrepo Vargas,Avena Quaker sin Gluten,$12500000,05.05.2024
103150,Lucía López Martínez,Harina P.A.N. Amarilla,,2024-05-07
101131,Mateo Laura Valencia Navarro,Harina P.A.N. Amarilla,,2024-05-17
103327,CHINA AEROSPACE SCIENCE AND TECHNOLOGY CORPORATION,Arena Unikat,,2024-05-04
101403,CHINA AEROSPACE SCIENCE AND TECHNOLOGY CORPORATION,Arena Unikat,,07/05/2024
101360,Laura Ospina Ortiz,Harina P.A.N. Amarilla,$1500000,10/05/2024
100467,Claudia Valentina Navarro Vargas,Arena Unikat,4500000,19/05/2024
102441,Camilo Mariana Restrepo Restrepo,Avena Quaker sin Gluten,12500000,05-04-2024
103433,Valentina Santiago Valencia Chávez,Donkat,10000000,2024-05-05
100077,Camilo Ramírez Jaramillo,Harina P.A.N. Blanca,1500000 COP,13/05/2024
102567,"TREVIÑO MORALES, Miguel Angel",Avena Molida,"$ 1,500,000",2024-05-26
100080,Verónica Diana Chávez López,Arena Unikat,35000000,08/05/2024
101021,Luis Claudia Gómez Hernández,Dogourmet,2500000,2024-05-06
103737,Adriana Silva Mejía,,20000000.00,05-16-2024
101565,,Avena Molida,"$ 15,000,000",04/05/2024
100201,Laura Mejía Mendoza,Unikat,12500000.00,2024-05-08
101789,Miguel A. Treviño Morales,Harina Pancho,"$ 4,500,000",31/05/2024
100274,Fernando Diana Valencia Gómez,Arena Unikat,5000000,14.05.2024
102111,Andrés Ospina Martínez,Unikat,$15000000,2024-05-04
102706,"CABELLO RONDON, Diosdado",Dogourmet,35000000,05-26-2024
102803,Juliana José Gutiérrez Romero,Arena Unikat,20000000.00,20/05/2024
100091,Mariana Diana Pérez Valencia,Arena Unikat,15000000.00,2024/05/19 00:00:00
103662,Adriana García Navarro,Avena Quaker sin Gluten,5000000.00,06.05.2024
101792,Paula Jorge Valencia Romero,Harina P.A.N. Blanca,15000000,2024-05-26
103449,Mateo Javier Pérez Vargas,Avena Quaker,10000000.00,05-10-2024
100646,"AL-SHANTI, Jamileh Abdullah",Avena en Hojuelas,,
102292,Jong-Un Kim,Avena en Hojuelas,3000000,25/05/2024
102411,Javier Ana Rojas López,Donkan,"$ 4,500,000",2024/05/09 00:00:00
101734,,Harina P.A.N. Amarilla,7500000,2024/05/16 00:00:00
101450,Camila Jorge Jiménez Suárez,Harina P.A.N. Amarilla,12500000.00,28.05.2024
102875,Esteban López Arias,Dogourmet,$5000000,13/05/2024
102505,Joaquin Guzman Loera 'El Chapo',Donkat,1500000,2024-05-17
100626,"ABU TEIR, Mohammed",Avena en Hojuelas,7500000,
100001,,Avena en Hojuelas,20000000 COP,2024-05-25
100563,Juliana Jorge López Restrepo,,10000000,25/05/2024
100302,Luis Luis Pérez Silva,Avena Quaker,2500000.00,2024/05/25 00:00:00
103361,Diosdado Cabello Rondon,Avena Quaker,10000000,07/05/2024
103761,Carlos Gutiérrez López,Avena Quaker sin Gluten,7500000.00,04/05/2024
102029,Juan Natalia Rojas Silva,Harina Pancho,5000000,04/05/2024
101646,Valentina Claudia Rodríguez Arias,Harina P.A.N. Amarilla,"$ 12,500,000",2024/05/16 00:00:00
102239,Luis Andrés Chávez López,Avena en Hojuelas,$1500000,15.05.2024
100326,Joaquin Guzman Loera 'El Chapo',Unikat,,2024/05/28 00:00:00
102236,Gonzalo Esteban Suárez Chávez,Donkat,,20.05.2024
102852,Ziad Al Zaza,Avena Molida,15000000,30/05/2024
103291,José Chávez Hernández,Dogourmet,1500000,2024-05-20
101009,Camila Jaramillo Romero,,$10000000,02/05/2024
101730,"AL-SHANTI, Jamileh Abdullah",,1500000,20/05/2024
101682,,Arena Unikat,35000000,05-17-2024
100101,Ana Gómez Martínez,Avena Molida,"$ 35,000,000",10.05.2024
101536,Patricia Mendoza Suárez,Dogourmet,"$ 5,000,000",
101073,Lucía Ana Hernández Restrepo,Harina Pancho,$1500000,2024-05-30
102339,Natalia Mariana Jiménez Rodríguez,Unikat,"$ 5,000,000",2024-05-31
103272,Juan Gabriel Romero Chávez,Donkat,"$ 10,000,000",05-28-2024
102591,Alejandro Ana González Navarro,Donkan,20000000.00,2024/05/08 00:00:00
100656,HAMAS,Harina Pancho,2500000,2024-05-10
101643,Mariana Javier Jaramillo Silva,Harina Pancho,7500000.00,2024-05-13
102904,"GUZMAN LOERA, Joaquin",Harina P.A.N. Amarilla,2500000,28/05/2024
103114,Juliana Daniela Martínez Gómez,Avena en Hojuelas,1500000,19/05/2024
100708,Verónica Andrés Castro Pérez,Avena Molida,$20000000,12/05/2024
102942,Carlos Claudia Valencia Ramírez,Donkat,$5000000,21.05.2024
103766,,Harina Pancho,1500000,2024-05-09
102852,Javier Restrepo Moreno,Avena Molida,$10000000,
101268,Santiago Chávez Vargas,Harina Pancho,"$ 2,500,000",23.05.2024
100128,Patricia Rojas Martínez,Dogourmet,,21/05/2024
100573,Alejandro Valentina García Sánchez,Avena Quaker,3000000 COP,2024-05-15
103691,Verónica José Valencia Valencia,Donkat,4500000,
102806,Santiago Juan Castro Suárez,Harina Pancho,$2500000,12.05.2024
103386,Ana Luis Suárez Gutiérrez,Harina P.A.N. Blanca,5000000,2024-05-21
102556,Jorge Torres Rojas,Avena Quaker,$7500000,2024-05-29
102108,CHINA AEROSPACE SCIENCE AND TECHNOLOGY CORPORATION,Harina P.A.N. Amarilla,10000000,2024-05-17
101040,Lucía Vargas Rojas,Avena Quaker sin Gluten,35000000 COP,2024-05-09
100861,"AL-ASSAD, Bashar",Avena en Hojuelas,"$ 7,500,000",05-16-2024
100063,China Aerospace Science & Tech Corp,Dogourmet,"$ 35,000,000",
102057,Gabriel Diana Torres Ospina,Avena en Hojuelas,35000000,18.05.2024
101253,Lucía Camilo Torres Martínez,Donkan,,05.05.2024
102789,HEZBOLLAH,Harina Pancho,5000000,02.05.2024
101096,Juliana Daniela Chávez Vargas,Harina Pancho,$4500000,2024-05-21
100461,Camilo González Torres,Dogourmet,35000000.00,01/05/2024
100687,Sofía Camilo Martínez Morales,Harina Pancho,2500000,2024-05-04
100066,Mohammed Abu Teir,Harina P.A.N. Amarilla,15000000,14/05/2024
102080,"ABU TEIR, Mohammed",Dogourmet,"$ 20,000,000",2024/05/18 00:00:00
100775,Daniela Pérez Mendoza,Donkan,"$ 10,000,000",2024-05-10
103220,Fernando Gabriel Pérez Martínez,Unikat,5000000,25.05.2024
103548,Andrés Silva Arias,Avena Molida,$7500000,2024-05-26
101872,"ABU TEIR, Mohammed",Donkat,3000000,27.05.2024
103698,Daniela Luis Jiménez Rodríguez,Arena Unikat,1500000,
101225,José Navarro Romero,Harina P.A.N. Amarilla,"$ 2,500,000",2024/05/29 00:00:00
100006,Ismael Zambada Garcia,Unikat,15000000,05-13-2024
101504,Claudia Javier López Gómez,,4500000,2024-05-18
102485,Daniela Esteban Díaz Suárez,Unikat,1500000.00,18/05/2024
100125,Diana Verónica García Romero,Donkan,20000000,12/05/2024
103673,HEZBOLLAH,Donkat,"$ 1,500,000",
101557,Andrés Paula Ospina Vargas,Harina P.A.N. Blanca,5000000 COP,2024/05/18 00:00:00
101374,Natalia Luis Ospina Romero,Avena en Hojuelas,7500000 COP,04/05/2024
101577,José Andrés Mejía Mendoza,Avena Molida,"$ 3,000,000",04/05/2024
101784,Felipe Navarro Ramírez,Avena Quaker sin Gluten,,2024/05/20 00:00:00
103752,Luis Patricia Romero Rojas,Harina Pancho,$2500000,05-12-2024
103460,María Ramírez Gómez,Avena Molida,3000000,28/05/2024
100899,Juan Ana García Navarro,Arena Unikat,7500000,2024-05-31
101140,Nicolas Maduro Moros,Unikat,3000000.00,05-30-2024
102130,,Dogourmet,15000000,2024-05-23
101595,José Arias García,Avena en Hojuelas,,2024-05-03
102500,Ana Romero Gómez,Harina Pancho,$12500000,2024/05/04 00:00:00
103046,Gonzalo Pérez López,Donkan,4500000 COP,28.05.2024
100557,"PURI, Genaro",Avena Quaker,1500000,03.05.2024
103711,Carlos Jaramillo Chávez,Arena Unikat,35000000,05-17-2024
101692,Gonzalo Jorge Torres Ospina,Avena Molida,15000000.00,
101693,Patricia Jaramillo Sánchez,Arena Unikat,2500000 COP,26.05.2024
100873,Javier Silva Pérez,Arena Unikat,2500000,2024-05-11
101918,Esteban Vargas García,Avena Quaker sin Gluten,4500000 COP,26.05.2024
101723,Patricia Gabriel Jiménez Torres,Avena en Hojuelas,1500000,2024/05/09 00:00:00
102219,Lucía Jorge Chávez Silva,Avena en Hojuelas,4500000.00,2024-05-31
102212,Daniela Ricardo Navarro Ramírez,Harina P.A.N. Blanca,7500000,15.05.2024
101443,Ana Valencia Jiménez,Harina P.A.N. Amarilla,7500000 COP,2024-05-06
102433,Mohammed Abu Teir,Harina P.A.N. Blanca,15000000 COP,29.05.2024
102576,"KIM, Jong Un",Arena Unikat,"$ 5,000,000",2024/05/22 00:00:00
100408,"SAAB MORAN, Alex Nain",Harina P.A.N. Amarilla,2500000,2024/05/17 00:00:00
100582,"ABU TEIR, Mohammed",Donkan,,05-15-2024
100688,"CABELLO RONDON, Diosdado",Dogourmet,1500000,20/05/2024
102861,Joaquin Guzman Loera 'El Chapo',Harina P.A.N. Amarilla,35000000,2024/05/01 00:00:00
100043,,Harina Pancho,"$ 10,000,000",2024/05/23 00:00:00
101381,CHINA AEROSPACE SCIENCE AND TECHNOLOGY CORPORATION,Avena Quaker,3000000 COP,2024/05/12 00:00:00
101157,Patricia Alejandro López Valencia,Harina P.A.N. Blanca,12500000,15.05.2024
102637,Diego Ana Moreno Romero,Harina P.A.N. Blanca,"$ 4,500,000",2024-05-27
101179,"AL-ZAZA, Ziad",Dogourmet,20000000,10.05.2024
100485,"PURI, Genaro",Harina P.A.N. Blanca,,2024-05-31
102074,Mahmoud Khaled Zahhar,Avena Molida,5000000,
101417,Laura Alejandro Vargas Moreno,Avena Quaker,"$ 7,500,000",2024-05-11
102332,Luis Arias Mejía,Avena Molida,1500000.00,05-13-2024
101955,Ana Suárez Valencia,Avena Quaker sin Gluten,"$ 1,500,000",2024-05-29
102335,Claudia Andrés Morales Castro,Avena Quaker sin Gluten,5000000.00,2024/05/31 00:00:00
101544,Juan Mejía Ospina,,7500000,2024-05-07
101282,Carlos Morales Suárez,Avena Quaker sin Gluten,$3000000,2024-05-06
102709,Patricia Martínez Vargas,Avena Molida,3000000,2024-05-08
102634,Luis López López,Donkat,35000000,2024-05-08
100057,,Harina Pancho,2500000,13/05/2024
101368,Carlos Jiménez Ospina,,"$ 15,000,000",18/05/2024
100686,,Donkat,1500000,2024-05-27
101448,Camila Felipe Ospina Romero,Avena en Hojuelas,3000000,2024/05/15 00:00:00
100372,Andrés Valencia Sánchez,,3000000,05-25-2024
102868,Jong-Un Kim,Harina Pancho,2500000.00,20.05.2024
103714,Rafael Caro-Quintero,Avena en Hojuelas,2500000.00,30/05/2024
102316,"CARO QUINTERO, Rafael",Harina P.A.N. Amarilla,10000000,04/05/2024
101361,Rafael Caro-Quintero,Avena en Hojuelas,,
101563,Diego Javier Díaz González,Avena en Hojuelas,15000000,02.05.2024
102493,Gabriel Sofía García Suárez,Harina Pancho,15000000 COP,2024/05/16 00:00:00
102692,Claudia Silva Martínez,Harina P.A.N. Amarilla,15000000,24.05.2024
100727,Mahmoud Khaled Zahhar,Avena en Hojuelas,4500000.00,2024-05-18
101032,Jorge Torres Martínez,Harina P.A.N. Amarilla,5000000,
102364,Camilo Luis Arias Romero,Avena Molida,"$ 4,500,000",2024-05-22
101134,Carlos Morales Martínez,Arena Unikat,3000000,2024-05-05
101527,Paula Andrés González Gutiérrez,Arena Unikat,4500000,25.05.2024
101038,Mateo Martínez Arias,Donkat,4500000,2024-05-27
101457,Jorge Mariana Ospina Ospina,Donkat,20000000,2024-05-18
101923,Juan José Arias García,Avena Quaker sin Gluten,$10000000,2024/05/02 00:00:00
100488,,,5000000,31.05.2024
102324,Luis Esteban Díaz Torres,Harina P.A.N. Amarilla,4500000 COP,14/05/2024
101886,Natalia Natalia Arias Navarro,Harina P.A.N. Blanca,10000000,2024/05/13 00:00:00
103293,"LUKASHENKO, Aleksandr",Donkat,7500000,05-10-2024
101767,Patricia López Valencia,,"$ 4,500,000",20.05.2024
100685,Mateo Silva Suárez,Unikat,,06/05/2024
100886,Diana Torres Chávez,Donkat,,27.05.2024
102781,Gonzalo Torres González,Avena en Hojuelas,15000000.00,2024-05-31
102966,Laura Mateo Torres Gutiérrez,Avena Quaker sin Gluten,"$ 2,500,000",05-19-2024
101887,Valentina Gabriel Ramírez Mendoza,Harina Pancho,"$ 7,500,000",12/05/2024
100828,Joaquin Guzman Loera 'El Chapo',Harina P.A.N. Blanca,4500000,23.05.2024
101514,Camilo Juan Romero Rojas,Unikat,10000000 COP,05-19-2024
101476,Diego Claudia Jiménez Castro,Avena Quaker,10000000,
101764,Daniela Adriana Suárez García,Avena Quaker,5000000,2024-05-06
102080,Juliana Carlos Jiménez Silva,Harina P.A.N. Amarilla,7500000,05-13-2024
100744,Natalia Esteban Silva Valencia,Harina P.A.N. Amarilla,4500000,2024/05/28 00:00:00
103182,Rafael Caro-Quintero,Arena Unikat,20000000 COP,2024-05-09
100215,"ZAMBADA GARCIA, Ismael",Dogourmet,"$ 5,000,000",2024-05-19
103629,Santiago Diana Silva Hernández,Avena Quaker sin Gluten,"$ 4,500,000",02/05/2024
102187,,Dogourmet,"$ 35,000,000",2024/05/16 00:00:00
101508,Santiago Sánchez Pérez,Arena Unikat,15000000,
101773,Santiago Rojas Vargas,Avena en Hojuelas,12500000,05-28-2024
102632,Verónica Mejía Castro,,35000000 COP,2024-05-22
101895,Alejandro Felipe Ortiz Valencia,Unikat,3000000.00,05-13-2024
102644,Valentina Diana Rojas Martínez,Harina P.A.N. Blanca,"$ 35,000,000",2024-05-27
102658,Juliana Romero Hernández,Avena en Hojuelas,35000000 COP,2024-05-02
102987,Diosdado Cabello Rondon,Harina Pancho,2500000,11/05/2024
100928,Valentina Rodríguez Silva,Avena Molida,"$ 2,500,000",07.05.2024
100498,José Santiago López Castro,,10000000.00,12.05.2024
102357,Esteban Rodríguez Vargas,Arena Unikat,$35000000,2024-05-26
102520,"CARO QUINTERO, Rafael",Donkan,"$ 35,000,000",2024-05-30
100929,Aleksandr Lukashenko,Arena Unikat,,05-17-2024
101489,Ismael Zambada Garcia,,"$ 4,500,000",2024-05-08
100375,José María Jaramillo Navarro,Harina P.A.N. Blanca,15000000 COP,02/05/2024
101561,Verónica Diana Díaz Castro,Harina P.A.N. Blanca,2500000,2024-05-04
100910,"AL-ASSAD, Bashar",Avena en Hojuelas,35000000.00,2024-05-31
102728,"KIM, Jong Un",Dogourmet,10000000 COP,2024-05-25
100536,Esteban Gonzalo Valencia Chávez,Harina Pancho,4500000 COP,2024-05-31
102599,Felipe Díaz Rodríguez,Harina P.A.N. Amarilla,20000000,2024-05-05
101658,Felipe Camila Vargas Moreno,Harina P.A.N. Blanca,10000000,05-29-2024
100992,Sofía Martínez Suárez,Dogourmet,$12500000,2024-05-08
101129,Juliana Navarro Mejía,Harina P.A.N. Amarilla,4500000,2024-05-22
103639,Ricardo Gonzalo Torres Gómez,Dogourmet,2500000,2024-05-13
102690,Adriana Esteban Ortiz Jaramillo,Donkan,10000000,2024-05-24
102564,Natalia García Vargas,Dogourmet,2500000,2024/05/14 00:00:00
101112,Luis Alejandro Jiménez Restrepo,Harina P.A.N. Blanca,20000000 COP,05-03-2024
103296,Sofía Mariana Mejía Moreno,Harina Pancho,1500000,01.05.2024
101780,"CABELLO RONDON, Diosdado",Harina Pancho,35000000,2024/05/20 00:00:00
100300,,Avena Quaker,20000000,23/05/2024
102319,,Avena en Hojuelas,12500000,06/05/2024
101793,Jorge Vargas Ramírez,Dogourmet,"$ 10,000,000",01/05/2024
100971,Camilo Javier Arias Moreno,Dogourmet,4500000 COP,05-22-2024
101346,Ricardo Pérez Suárez,Avena Quaker sin Gluten,4500000,05-17-2024
100187,Alejandro Sánchez Torres,Harina Pancho,2500000.00,12.05.2024
103274,Verónica Claudia Mendoza Ospina,Avena Quaker sin Gluten,12500000,2024-05-02
102033,Diego Silva Restrepo,Donkat,5000000.00,19/05/2024
101747,José Valentina Suárez Moreno,Arena Unikat,1500000,2024-05-11
100815,Paula Ortiz Jaramillo,Harina P.A.N. Blanca,"$ 20,000,000",05-09-2024
102331,Diego Diana Moreno Ramírez,,10000000,2024-05-07
100451,Diego Camila Romero Moreno,Harina Pancho,15000000,05-14-2024
102505,Gabriel Gonzalo Mendoza Jiménez,Donkat,,05-14-2024
103087,Miguel A. Treviño Morales,Avena Quaker sin Gluten,"$ 5,000,000",10.05.2024
103415,Ricardo Esteban Gutiérrez Gutiérrez,Arena Unikat,5000000,2024-05-15
100598,Claudia Patricia Rodríguez Díaz,Avena Quaker,1500000.00,17/05/2024
101020,Javier Sofía Rojas González,Harina Pancho,2500000 COP,
101961,Ana Diana Jaramillo López,Donkan,$5000000,2024-05-17
103519,Mateo Jaramillo Ramírez,Harina Pancho,1500000,2024-05-02
102963,Ricardo García Torres,Avena Molida,4500000.00,2024-05-27
103005,Paula Sánchez Morales,,$7500000,28/05/2024
100009,Esteban Jiménez Jaramillo,Avena en Hojuelas,10000000 COP,2024/05/03 00:00:00
100774,Luis Romero Silva,Avena Quaker sin Gluten,7500000,2024-05-08
100196,Rafael Caro-Quintero,Avena Quaker,$5000000,07.05.2024
100137,Nicolas Maduro Moros,Avena Quaker,,2024-05-10
102925,Laura Ortiz Valencia,Avena Molida,10000000.00,05-23-2024
102330,Juliana María Hernández Torres,Avena Quaker sin Gluten,,2024-05-31
100263,José Verónica Valencia Mendoza,Unikat,5000000,2024-05-02
100669,Ana Romero Martínez,Harina Pancho,15000000.00,09/05/2024
100546,,Avena en Hojuelas,3000000.00,2024-05-08
101643,"TREVIÑO MORALES, Miguel Angel",Avena Molida,2500000,2024-05-29
101038,"EL AISSAMI MADDAH, Tareck Zaidan",,12500000,05-24-2024
103505,Lucía Natalia Gómez Valencia,Donkat,"$ 3,000,000",05-20-2024
101138,Gonzalo Martínez Vargas,Dogourmet,7500000,2024/05/03 00:00:00
103009,Alex Nain Saab Moran,Avena Molida,"$ 15,000,000",27/05/2024
101109,Tareck Zaidan El Aissami,Arena Unikat,3000000,2024-05-18
103315,"PURI, Genaro",Arena Unikat,1500000,2024-05-23
101198,Nicolas Maduro Moros,Harina P.A.N. Blanca,7500000,2024/05/27 00:00:00
103406,Patricia Juliana Ospina González,,35000000.00,2024-05-16
101582,Laura Camila Chávez Martínez,Donkan,35000000.00,2024/05/18 00:00:00
100637,Javier Alejandro García Vargas,Donkan,20000000,05-31-2024
103747,,Avena en Hojuelas,3000000 COP,2024-05-16
103253,Jamileh Abdullah Al-Shanti,Harina Pancho,2500000,2024/05/03 00:00:00
102103,HEZBOLLAH,Harina P.A.N. Blanca,"$ 4,500,000",05-23-2024
103534,Ana Luis Ospina Martínez,Unikat,"$ 5,000,000",05-26-2024
101443,Nicolas Maduro Moros,Harina P.A.N. Amarilla,20000000 COP,2024-05-20
100707,Gonzalo Diana Mejía González,Harina Pancho,3000000 COP,31/05/2024
101477,Jorge Camila Díaz Rodríguez,Avena Quaker sin Gluten,3000000,2024-05-13
103031,Patricia Daniela Castro Castro,Arena Unikat,"$ 1,500,000",2024-05-27
102057,,Avena en Hojuelas,12500000.00,2024/05/19 00:00:00
100085,HEZBOLLAH,Harina Pancho,$1500000,05-20-2024
103227,Paula Hernández Castro,Dogourmet,12500000,20.05.2024
102599,Jong-Un Kim,Dogourmet,4500000,05-29-2024
101942,Jorge Valencia Mejía,Donkan,3000000,05-12-2024
103628,,Donkat,7500000.00,
102345,Rafael Caro-Quintero,Arena Unikat,3000000,2024-05-10
101293,Mateo Torres Hernández,Dogourmet,20000000,2024-05-14
100175,Felipe Camila Mendoza Vargas,,10000000,2024-05-22
100913,Alejandro Morales González,Dogourmet,"$ 15,000,000",2024-05-02
100724,Jorge Santiago García Pérez,Harina Pancho,2500000 COP,06.05.2024
103562,Fernando Diana Romero Torres,Donkat,15000000,2024/05/16 00:00:00
101073,Carlos Sánchez Hernández,Avena en Hojuelas,15000000,2024/05/10 00:00:00
102334,Carlos Suárez Vargas,Avena en Hojuelas,12500000,17/05/2024
101154,Camilo Suárez Navarro,Donkat,"$ 5,000,000",05-04-2024
102500,Sofía Vargas Sánchez,Harina Pancho,$10000000,2024-05-06
102826,Ismael Zambada Garcia,Harina P.A.N. Amarilla,1500000,2024-05-20
101152,China Aerospace Science & Tech Corp,Arena Unikat,12500000 COP,2024/05/30 00:00:00
103380,Diana Valencia Torres,Donkat,20000000.00,2024-05-20
103012,Laura Adriana Castro Sánchez,Avena en Hojuelas,1500000,29/05/2024
100805,Santiago Ana Gómez Moreno,Arena Unikat,3000000.00,07/05/2024
100015,China Aerospace Science & Tech Corp,Donkan,35000000,2024-05-26
102252,Alex Nain Saab Moran,Arena Unikat,1500000 COP,05-18-2024
101630,Santiago Ana Martínez Valencia,Avena en Hojuelas,10000000,15.05.2024
102757,Jorge Morales Suárez,Avena Quaker,$4500000,2024/05/14 00:00:00
102600,"TREVIÑO MORALES, Miguel Angel",Harina P.A.N. Amarilla,35000000 COP,30.05.2024
101015,Esteban Ospina González,Donkat,15000000,2024-05-25
103686,Valentina Díaz Castro,Avena Quaker,20000000,22/05/2024
103019,Jorge Vargas Ospina,Avena Molida,2500000.00,11.05.2024
100389,Juan Javier Mejía Suárez,,1500000,21.05.2024
101013,Santiago González Rojas,Harina P.A.N. Amarilla,20000000,20/05/2024
102373,Diego Diana Moreno Arias,Avena en Hojuelas,35000000,2024-05-23
101543,Camila Juan Torres Navarro,Donkan,10000000.00,2024-05-25
101261,Laura Valencia Morales,Avena Molida,15000000.00,2024/05/29 00:00:00
103023,Jorge Lucía Gómez Valencia,Avena Quaker sin Gluten,3000000.00,2024-05-20
102417,Javier Arias Restrepo,Avena Quaker sin Gluten,"$ 2,500,000",
101044,Carlos Diego Silva Mejía,Avena en Hojuelas,"$ 7,500,000",05-28-2024
101683,Luis Valentina Silva Sánchez,Unikat,4500000,15/05/2024
101199,Sofía González Suárez,Avena Molida,15000000,2024-05-10
101338,Santiago Adriana Navarro Gómez,Harina Pancho,$2500000,2024-05-02
100160,Aleksandr Lukashenko,Donkat,10000000,2024/05/20 00:00:00
100733,"AL-ASSAD, Bashar",Avena Quaker sin Gluten,$15000000,12/05/2024
101351,Carlos Juliana Castro López,Unikat,"$ 5,000,000",05-18-2024
101703,Javier González Moreno,Avena Quaker,1500000,31/05/2024
102783,Carlos Morales López,Donkan,"$ 10,000,000",2024-05-13
101199,Paula Juan Moreno Suárez,Harina P.A.N. Amarilla,15000000,
102332,,Harina P.A.N. Blanca,"$ 15,000,000",30.05.2024
102174,CHINA AEROSPACE SCIENCE AND TECHNOLOGY CORPORATION,Unikat,3000000,21.05.2024
101751,"EL AISSAMI MADDAH, Tareck Zaidan",,2500000,2024/05/09 00:00:00
101982,Patricia López Navarro,Avena Quaker sin Gluten,35000000,05-14-2024
100580,Natalia López Suárez,Harina Pancho,2500000,05-12-2024
100754,Javier Restrepo Vargas,Harina Pancho,2500000.00,2024-05-11
101258,Fernando Juan Chávez Mejía,Unikat,10000000,05-10-2024
103473,Jorge Gonzalo Díaz González,Avena Quaker,15000000,01/05/2024
101177,"MADURO MOROS, Nicolas",Donkan,7500000,06.05.2024
100523,Ana Gutiérrez Navarro,Dogourmet,3000000 COP,2024/05/30 00:00:00
102026,Javier Torres Ospina,Harina Pancho,"$ 10,000,000",05-18-2024
100741,Paula Gonzalo Hernández Díaz,Avena Molida,35000000,22.05.2024
100415,Miguel A. Treviño Morales,Donkat,2500000 COP,11/05/2024
102167,Mariana Jiménez Martínez,Dogourmet,1500000,2024-05-20
102615,Ricardo Ortiz Romero,Avena Quaker,,10/05/2024
101459,Fernando Ospina Sánchez,Avena Molida,"$ 5,000,000",19/05/2024
102091,,Avena en Hojuelas,1500000,04/05/2024
100153,Luis Gabriel Vargas Restrepo,Avena en Hojuelas,12500000.00,2024-05-29
102225,Luis Vargas Jaramillo,Unikat,,05-27-2024
101283,Jamileh Abdullah Al-Shanti,Harina Pancho,2500000,10/05/2024
100415,Sofía Jorge Jaramillo Martínez,Avena en Hojuelas,$20000000,12/05/2024
100358,Fernando Suárez Mejía,,12500000,2024/05/13 00:00:00
100859,Esteban Luis Silva Ortiz,Donkat,3000000.00,2024-05-19
102496,Lucía Jiménez Martínez,Avena Molida,20000000.00,05-01-2024
102439,"AL-ASSAD, Bashar",Avena en Hojuelas,7500000,2024-05-19
102717,Alejandro Pérez Arias,Avena en Hojuelas,5000000 COP,05-06-2024
101794,Adriana Ricardo Ospina Romero,Harina Pancho,15000000 COP,12.05.2024
103451,Alejandro Paula Ramírez Sánchez,Avena Molida,1500000,03/05/2024
102166,Juliana Luis Ramírez Silva,Avena en Hojuelas,4500000.00,2024/05/30 00:00:00
103751,Diego Jiménez Silva,Avena Quaker sin Gluten,$7500000,2024-05-26
100339,Lucía Santiago Navarro González,Harina Pancho,4500000.00,07/05/2024
102497,Lucía Diana Pérez Gutiérrez,Unikat,15000000,2024/05/31 00:00:00
101916,Juan Santiago González Valencia,Avena Molida,1500000,05-05-2024
102572,Lucía Jorge Romero Pérez,,"$ 7,500,000",18.05.2024
100518,Diego Carlos Hernández Castro,Dogourmet,10000000,2024-05-24
101259,José Ramírez Jaramillo,Harina Pancho,$35000000,
103504,María Camilo Hernández González,,2500000,2024-05-11
102927,Tareck Zaidan El Aissami,Unikat,4500000,2024-05-29
103747,Camilo Daniela Navarro Ramírez,Unikat,2500000,12/05/2024
102884,Gabriel Gutiérrez Martínez,Harina P.A.N. Blanca,35000000,2024/05/11 00:00:00
102726,Lucía Mendoza Valencia,Avena Quaker,"$ 2,500,000",28/05/2024
100414,Verónica Paula Moreno Sánchez,Donkat,5000000,05-31-2024
103433,"MADURO MOROS, Nicolas",,4500000,06/05/2024
101405,Juliana Daniela Arias Gómez,Avena Quaker,5000000,03/05/2024
103658,Luis Mateo García López,Harina P.A.N. Amarilla,20000000 COP,2024/05/15 00:00:00
103392,Sofía Silva Arias,Avena Quaker sin Gluten,1500000 COP,2024-05-31
100554,Mohammed Abu Teir,Unikat,4500000,05/05/2024
103511,Nicolas Maduro Moros,Avena en Hojuelas,2500000,05-09-2024
103795,Camilo Jorge Hernández Morales,Harina P.A.N. Blanca,20000000,2024-05-26
102071,Patricia Carlos Vargas Vargas,Avena en Hojuelas,5000000 COP,17/05/2024
103404,Gonzalo Paula Sánchez Gutiérrez,Donkan,"$ 15,000,000",2024-05-15
102628,Diego Castro Rodríguez,Donkat,15000000 COP,04.05.2024
100853,Claudia María Castro Silva,Avena Molida,"$ 15,000,000",2024-05-29
100878,Javier Paula Ortiz Ortiz,Donkat,"$ 5,000,000",2024-05-15
100790,Jorge Carlos Sánchez Moreno,Avena en Hojuelas,$35000000,2024-05-01
101428,"MADURO MOROS, Nicolas",Avena Quaker sin Gluten,3000000 COP,2024-05-30
102966,Santiago Jorge Pérez López,Dogourmet,7500000,2024-05-05
100408,Luis Mejía Rojas,Avena Molida,4500000,2024/05/12 00:00:00
100243,Jamileh Abdullah Al-Shanti,Avena Molida,"$ 12,500,000",2024-05-10
100115,Felipe Rojas Ospina,Avena Molida,15000000,24/05/2024
100320,Mateo Vargas Romero,Unikat,"$ 5,000,000",2024-05-06
102185,Sofía González González,Avena Molida,1500000,10/05/2024
100611,Daniela Jaramillo Gómez,Avena en Hojuelas,10000000,2024-05-21
101601,Felipe María Jiménez Gutiérrez,Donkat,3000000,2024-05-12
102477,Juan Ospina Jaramillo,Donkan,1500000,2024-05-16
102520,Carlos Ospina Morales,Unikat,2500000,2024-05-25
102319,Santiago Morales Suárez,Harina P.A.N. Blanca,15000000,05-03-2024
103564,,Arena Unikat,"$ 5,000,000",2024-05-26
101862,Santiago Luis Jaramillo Gómez,Avena Quaker sin Gluten,5000000,2024/05/02 00:00:00
103111,Alex Nain Saab Moran,Avena Quaker sin Gluten,$5000000,2024/05/30 00:00:00
100380,Nicolas Maduro Moros,Dogourmet,10000000,2024-05-11
101249,Claudia Felipe Rodríguez Rojas,Arena Unikat,"$ 12,500,000",2024/05/16 00:00:00
102627,Juan Vargas Arias,Dogourmet,7500000,2024/05/08 00:00:00
101107,José Ricardo Rodríguez Ramírez,Donkan,7500000.00,2024-05-12
100435,CHINA AEROSPACE SCIENCE AND TECHNOLOGY CORPORATION,Avena Molida,35000000,2024/05/31 00:00:00
103102,José Restrepo Navarro,Arena Unikat,"$ 5,000,000",26/05/2024
100876,Javier Adriana Arias Ramírez,Unikat,10000000 COP,2024-05-30
103362,Ricardo Juan Ortiz Valencia,Dogourmet,15000000 COP,2024-05-19
102538,"ZAMBADA GARCIA, Ismael",Avena Molida,3000000,2024-05-10
103414,Camilo Valentina Navarro Ramírez,Avena Quaker,7500000 COP,09/05/2024
100917,Claudia María Díaz Sánchez,Avena Molida,15000000,09/05/2024
100688,Mohammed Abu Teir,Harina P.A.N. Amarilla,3000000,24/05/2024
103598,Felipe Paula Jiménez Gómez,Avena Quaker,,2024-05-01
102431,Gabriel Esteban Ospina Gutiérrez,Harina P.A.N. Amarilla,,17/05/2024
103269,José Sánchez Navarro,Harina P.A.N. Blanca,1500000.00,2024/05/28 00:00:00
101870,Felipe Andrés Mejía Castro,Arena Unikat,"$ 20,000,000",31.05.2024
102225,María Jiménez Silva,Harina P.A.N. Amarilla,15000000,09/05/2024
103773,"ABU TEIR, Mohammed",Avena Molida,20000000.00,2024-05-22
100393,Laura Gabriel Valencia Pérez,Avena en Hojuelas,2500000,05-22-2024
100614,Patricia Torres Silva,Harina P.A.N. Blanca,4500000.00,26.05.2024
100833,"CARO QUINTERO, Rafael",Donkan,4500000,2024-05-14
101769,Patricia Rojas Navarro,Unikat,"$ 3,000,000",2024-05-04
103318,Mohammed Abu Teir,Harina Pancho,,23/05/2024
103648,Jorge Fernando Gómez Torres,Donkat,3000000,12/05/2024
102821,"GUZMAN LOERA, Joaquin",Donkan,3000000,2024/05/26 00:00:00
101861,Valentina Santiago Ortiz Moreno,Harina P.A.N. Blanca,1500000,05-06-2024
102812,Andrés Alejandro González Sánchez,Donkat,2500000.00,05-26-2024
103618,Juan Navarro Sánchez,Harina P.A.N. Blanca,1500000,2024-05-06
102300,Mateo Pérez Ramírez,Avena Quaker,15000000,2024-05-03
100281,Camila Ramírez Restrepo,Donkan,2500000,2024/05/21 00:00:00
103077,Natalia Restrepo Restrepo,Donkan,4500000 COP,2024/05/25 00:00:00
102683,Patricia López Silva,,3000000 COP,2024/05/14 00:00:00
102547,Ricardo Rodríguez González,Harina P.A.N. Amarilla,7500000,12/05/2024
101062,Sofía Ricardo Mejía Torres,Avena Quaker,7500000.00,2024-05-14
103069,Juliana Hernández González,Dogourmet,$3000000,2024/05/22 00:00:00
102862,Carlos Mateo Suárez Moreno,Donkat,$3000000,2024/05/09 00:00:00
103236,Mariana Mateo Valencia Rojas,Avena Molida,5000000,2024-05-27
102617,Mahmoud Khaled Zahhar,Avena Quaker,7500000,2024/05/14 00:00:00
101242,"LUKASHENKO, Aleksandr",Avena en Hojuelas,,
103539,"TREVIÑO MORALES, Miguel Angel",Avena Quaker sin Gluten,4500000,10.05.2024
101377,Daniela Diana Torres Pérez,Dogourmet,$10000000,
101637,Paula Vargas Rodríguez,Dogourmet,$5000000,21.05.2024
102175,Laura Verónica Castro Pérez,Harina Pancho,,05-28-2024
101381,Alex Nain Saab Moran,Dogourmet,"$ 20,000,000",2024/05/17 00:00:00
102198,Camila Camilo Rojas Arias,Harina P.A.N. Blanca,10000000,28.05.2024
100659,Laura María Vargas Pérez,Donkan,5000000,2024-05-24
102900,Camila Rodríguez Sánchez,Donkat,1500000,2024/05/24 00:00:00
100239,Gabriel Laura Suárez Martínez,Avena Quaker,3000000,2024-05-23
100054,,Avena Quaker,5000000 COP,16.05.2024
103061,Bashar Al Assad,Harina P.A.N. Amarilla,$20000000,05-25-2024
102800,Laura Daniela Torres Moreno,Arena Unikat,20000000 COP,02.05.2024
103773,Fernando Diego Jiménez Romero,Harina P.A.N. Blanca,35000000,2024/05/07 00:00:00
103779,Alejandro Diana Rodríguez Jaramillo,Harina Pancho,15000000.00,28.05.2024
101916,Carlos Diego Martínez Ortiz,Harina P.A.N. Amarilla,10000000,05-01-2024
102772,Javier Felipe Ramírez Castro,Avena Molida,20000000.00,
100165,Diana Verónica Jiménez Ortiz,Unikat,10000000.00,2024/05/04 00:00:00
102240,"ZAMBADA GARCIA, Ismael",Harina P.A.N. Blanca,"$ 35,000,000",18/05/2024
102740,Adriana Díaz Chávez,Avena Quaker sin Gluten,"$ 4,500,000",2024-05-05
102396,Camila Sánchez Navarro,Harina P.A.N. Blanca,10000000.00,25/05/2024
101593,Diego Jaramillo Rodríguez,Unikat,"$ 35,000,000",03/05/2024
101318,Gabriel Natalia Torres Pérez,Harina P.A.N. Blanca,$2500000,2024-05-29
100018,Jamileh Abdullah Al-Shanti,Unikat,1500000,2024-05-12
102878,Camilo Santiago Mendoza Morales,Arena Unikat,2500000.00,2024-05-28
102061,Ismael Zambada Garcia,Harina P.A.N. Amarilla,4500000,2024/05/10 00:00:00
100603,Luis Gonzalo Ortiz López,Harina P.A.N. Amarilla,7500000 COP,13/05/2024
102735,Daniela Esteban Gutiérrez Ortiz,Avena Molida,7500000,2024-05-18
103359,"ABU TEIR, Mohammed",Harina P.A.N. Amarilla,5000000 COP,2024-05-14
101935,Verónica Lucía Sánchez Hernández,Avena Quaker,15000000,24.05.2024
101349,Andrés Luis Valencia Mejía,Harina P.A.N. Amarilla,3000000,12.05.2024
101541,,Dogourmet,"$ 1,500,000",05-26-2024
100077,Ziad Al Zaza,Harina Pancho,"$ 5,000,000",14.05.2024
100578,Natalia Lucía Ospina Ospina,Harina P.A.N. Blanca,,2024-05-04
100501,Aleksandr Lukashenko,Donkan,$10000000,05-25-2024
101993,Jorge Ana Morales González,Donkan,5000000 COP,2024-05-17
101214,Aleksandr Lukashenko,Harina P.A.N. Amarilla,5000000.00,11.05.2024
101063,Daniela Vargas Jiménez,Donkat,35000000.00,2024/05/05 00:00:00
100187,Ismael Zambada Garcia,Unikat,10000000,2024-05-05
103521,Daniela Felipe Jaramillo García,Arena Unikat,4500000 COP,07.05.2024
100892,,Avena en Hojuelas,"$ 10,000,000",27/05/2024
103265,"ABU TEIR, Mohammed",Avena Quaker sin Gluten,15000000 COP,2024/05/17 00:00:00
103184,Jorge Jiménez Romero,Avena Quaker,5000000,2024-05-26
102441,Felipe Mateo Pérez Hernández,Unikat,10000000 COP,2024-05-25
101685,Miguel A. Treviño Morales,Unikat,"$ 1,500,000",05-17-2024
103483,Alejandro Díaz Restrepo,Harina P.A.N. Amarilla,"$ 20,000,000",2024-05-01
100860,Patricia Vargas Jaramillo,Donkat,3000000,2024-05-07
100435,Camila Felipe Jaramillo González,Harina P.A.N. Amarilla,$12500000,2024/05/21 00:00:00
100234,Diana Laura Restrepo Díaz,Avena Quaker sin Gluten,3000000.00,
100719,Esteban Jorge López Romero,Harina P.A.N. Amarilla,10000000 COP,2024-05-01
102329,Camila Vargas Arias,Avena en Hojuelas,1500000,2024-05-29
102237,Claudia Luis Martínez Restrepo,Harina P.A.N. Blanca,2500000,2024/05/29 00:00:00
103302,,Harina P.A.N. Amarilla,10000000 COP,2024/05/15 00:00:00
102806,"TREVIÑO MORALES, Miguel Angel",Harina P.A.N. Blanca,1500000,2024-05-07
102365,Diego Rojas Suárez,Avena Quaker,$2500000,2024-05-15
102305,Mariana Gabriel Gómez Ortiz,Harina P.A.N. Blanca,"$ 10,000,000",2024-05-11
102522,Rafael Caro-Quintero,Arena Unikat,$20000000,2024-05-18
102870,Jorge Jorge Ramírez Ospina,Harina Pancho,12500000,2024-05-28
101222,Diana Jorge Moreno Martínez,,10000000,27/05/2024
102264,,Dogourmet,5000000,05-07-2024
101234,Natalia Gómez Restrepo,,"$ 10,000,000",12.05.2024
102314,Juan Gómez González,Harina Pancho,20000000,06.05.2024
101061,Ricardo Gabriel López Rojas,Avena en Hojuelas,20000000 COP,2024-05-19
100026,Paula Gabriel Morales Vargas,Harina Pancho,4500000,2024-05-02
102532,Alejandro Martínez Sánchez,Arena Unikat,4500000 COP,2024-05-10
102847,María Navarro Mendoza,Avena Quaker,20000000,2024-05-25
100541,Fernando Esteban Díaz Restrepo,Harina P.A.N. Blanca,15000000,19.05.2024
100370,Jorge Rojas Rojas,Harina Pancho,20000000,2024-05-25
100584,Gonzalo Andrés Martínez Sánchez,Avena Quaker,12500000,03/05/2024
101572,,Harina Pancho,,05-09-2024
100740,Mariana González Ramírez,Donkat,12500000,2024-05-08
101939,Esteban Restrepo Rojas,Donkan,"$ 3,000,000",05-17-2024
103646,Daniela Torres Rodríguez,Avena Molida,10000000,26.05.2024
102429,"PURI, Genaro",,"$ 35,000,000",2024/05/18 00:00:00
102888,Andrés Castro Díaz,Harina P.A.N. Amarilla,,
100411,Gonzalo Morales Ramírez,Avena Molida,35000000,05-08-2024
101987,HEZBOLLAH,Avena Molida,12500000.00,09/05/2024
100382,Natalia Patricia Ramírez Torres,Avena en Hojuelas,15000000,2024-05-27
103014,Gonzalo Juliana Sánchez Vargas,Harina P.A.N. Blanca,"$ 5,000,000",16/05/2024
103102,Daniela Valentina Morales Gutiérrez,Harina Pancho,20000000.00,18/05/2024
100234,"SANCHEZ CEREN, Salvador",Harina Pancho,7500000,05-18-2024
103011,Claudia Jiménez Moreno,Avena en Hojuelas,15000000,24/05/2024
103229,Gonzalo Javier Ramírez Navarro,Harina Pancho,"$ 1,500,000",09/05/2024
103190,"PURI, Genaro",Harina Pancho,7500000,2024/05/07 00:00:00
102275,Gonzalo José Navarro Díaz,,3000000,
101444,"CABELLO RONDON, Diosdado",,35000000 COP,2024-05-13
103607,Ricardo Mateo Castro Chávez,Harina Pancho,35000000,2024/05/28 00:00:00
102433,Gabriel José Mendoza Vargas,Harina P.A.N. Blanca,1500000.00,21/05/2024
100162,Aleksandr Lukashenko,Harina Pancho,10000000,2024/05/09 00:00:00
100758,Ana Natalia Restrepo Castro,Harina P.A.N. Amarilla,$12500000,2024-05-21
101006,Luis Pérez Ortiz,Donkan,4500000.00,2024-05-06
103490,Diego Ortiz Suárez,,1500000,2024/05/01 00:00:00
102699,Bashar Al Assad,Harina P.A.N. Blanca,7500000,2024-05-13
103564,Mateo Ana Jaramillo Restrepo,Harina Pancho,10000000,23/05/2024
101896,Carlos Hernández Ortiz,Harina Pancho,,03/05/2024
103221,Felipe Diana Morales Castro,Donkat,2500000,30.05.2024
102930,José Ricardo Ramírez Castro,Harina P.A.N. Amarilla,10000000,29.05.2024
101883,"EL AISSAMI MADDAH, Tareck Zaidan",Harina Pancho,12500000,29/05/2024
103236,Mateo María Restrepo Morales,Avena Quaker sin Gluten,20000000,2024/05/20 00:00:00
100409,Lucía Javier Hernández Jiménez,Avena en Hojuelas,15000000,03.05.2024
103613,Valentina Vargas López,Harina Pancho,5000000.00,2024-05-15
101414,Luis Santiago Ortiz Rojas,,"$ 7,500,000",17.05.2024
103580,Mariana Carlos Díaz Moreno,Avena Quaker sin Gluten,15000000,08/05/2024
100708,Mateo María Rojas Ospina,Avena Quaker,15000000,2024-05-23
101973,Carlos Jorge Jiménez Hernández,Arena Unikat,5000000,13.05.2024
103421,Mohammed Abu Teir,Harina P.A.N. Blanca,"$ 20,000,000",16/05/2024
103018,Lucía Mejía Arias,Harina P.A.N. Amarilla,5000000,2024/05/17 00:00:00
102980,Claudia Martínez Navarro,Donkat,2500000.00,15.05.2024
100538,Paula Patricia Arias Ospina,Dogourmet,"$ 10,000,000",05-13-2024
102127,Luis Silva Pérez,,"$ 15,000,000",2024-05-19
101947,HEZBOLLAH,Arena Unikat,3000000.00,2024-05-04
100083,,Avena Quaker sin Gluten,4500000,2024/05/25 00:00:00
100933,"ZAHHAR, Mahmoud Khaled",Arena Unikat,4500000,30/05/2024
102727,Sofía Jaramillo Valencia,Avena Quaker,$1500000,16.05.2024
101722,Diana Andrés Vargas Vargas,Donkat,12500000 COP,2024-05-21
103158,"ABU TEIR, Mohammed",Avena en Hojuelas,12500000.00,17/05/2024
102769,Miguel A. Treviño Morales,Avena Molida,1500000,2024-05-25
100098,Ricardo Santiago Jaramillo Navarro,Arena Unikat,,2024-05-21
102338,"ZAMBADA GARCIA, Ismael",Harina Pancho,$3000000,23/05/2024
100121,Lucía Luis Navarro Valencia,Donkat,10000000,2024-05-27
102366,"CABELLO RONDON, Diosdado",Dogourmet,1500000,31.05.2024
100491,Adriana José Díaz Mejía,Avena en Hojuelas,3000000,2024/05/11 00:00:00
103368,,Avena Quaker sin Gluten,20000000,05-13-2024
102940,,Arena Unikat,20000000.00,05-31-2024
102814,José Gabriel Hernández Silva,Dogourmet,"$ 20,000,000",2024-05-04
102526,,Donkan,15000000,01/05/2024
102299,Camilo Rojas Ortiz,Avena en Hojuelas,"$ 5,000,000",08.05.2024
101931,Luis Juliana Sánchez Arias,Avena en Hojuelas,1500000,2024/05/13 00:00:00
101554,Jorge Alejandro Martínez González,Dogourmet,$5000000,2024/05/19 00:00:00
101838,Adriana Gómez Castro,Harina P.A.N. Blanca,2500000,05-30-2024
100174,Ismael Zambada Garcia,Unikat,1500000,05-17-2024
101860,"AL-SHANTI, Jamileh Abdullah",Harina Pancho,10000000,05-06-2024
103081,Camila Fernando Silva Hernández,,$35000000,2024-05-15
100363,Alejandro Camila Ospina Rojas,Harina P.A.N. Amarilla,10000000.00,
101605,Daniela Santiago Jaramillo Navarro,Harina Pancho,1500000.00,2024-05-17
100491,"SANCHEZ CEREN, Salvador",Unikat,1500000.00,2024-05-26
100894,Valentina Patricia Rojas Rojas,Donkan,20000000,
100731,Camilo Verónica Gómez Pérez,,$5000000,05-30-2024
103793,Natalia Rodríguez Pérez,Harina Pancho,4500000,2024-05-08
102498,Claudia Esteban Martínez Gutiérrez,Donkat,"$ 35,000,000",2024-05-01
100172,Gabriel Ramírez Silva,Donkan,7500000,25/05/2024
102783,José Mariana Romero Rojas,Harina P.A.N. Blanca,$4500000,27.05.2024
102041,Adriana Diana Moreno Valencia,Avena Quaker,15000000,31.05.2024
101561,Valentina Jorge Restrepo López,Donkat,12500000.00,2024/05/20 00:00:00
103732,Luis Silva Mejía,,3000000,2024/05/02 00:00:00
100755,Ziad Al Zaza,Harina Pancho,10000000.00,2024-05-05
103655,Luis Mateo Vargas Castro,Donkan,,2024/05/19 00:00:00
103078,Felipe Gabriel Morales Hernández,Avena en Hojuelas,$12500000,05-13-2024
100050,Verónica Camila Romero Restrepo,Avena Quaker sin Gluten,2500000,2024-05-17
100819,Patricia Gabriel González Hernández,Avena Molida,"$ 15,000,000",
101648,Nicolas Maduro Moros,Harina P.A.N. Blanca,1500000,2024-05-03
101633,HEZBOLLAH,Harina Pancho,"$ 20,000,000",
101230,Jorge Fernando García Morales,Harina P.A.N. Amarilla,1500000,05-26-2024
103411,Juliana María Restrepo Hernández,Dogourmet,10000000,24.05.2024
102543,Andrés Gómez Jiménez,Arena Unikat,35000000,2024-05-17
101753,,Avena Molida,2500000.00,05-09-2024
101647,Andrés Juliana López Romero,Avena en Hojuelas,$3000000,03/05/2024
102155,,Donkat,20000000,2024-05-16
103257,Fernando Carlos Silva Gutiérrez,Avena Quaker sin Gluten,12500000,2024-05-23
102689,,Avena Quaker,"$ 12,500,000",2024/05/11 00:00:00
102032,"ZAHHAR, Mahmoud Khaled",Unikat,12500000,2024-05-06
103103,Paula Arias Pérez,Avena Molida,35000000,2024-05-02
100860,Luis Camilo Jaramillo Castro,Unikat,1500000,2024-05-24
102252,Ricardo Valencia Mendoza,Avena Molida,"$ 1,500,000",16/05/2024
100269,Juliana Andrés Ortiz Hernández,,12500000,
102847,Javier Paula Pérez Jaramillo,Avena Quaker,35000000,05-18-2024
101570,"CARO QUINTERO, Rafael",Avena Quaker,5000000,2024-05-27
102985,Adriana Moreno Pérez,Arena Unikat,2500000,
100192,Esteban Gabriel Sánchez Navarro,Dogourmet,$12500000,2024-05-01
103654,"SAAB MORAN, Alex Nain",Harina P.A.N. Blanca,5000000,2024-05-10
100333,Juan Gabriel Torres Vargas,Avena en Hojuelas,"$ 1,500,000",19/05/2024
102803,María Romero Navarro,Avena Quaker sin Gluten,35000000 COP,2024-05-24
100644,Juliana Navarro Hernández,Avena Molida,7500000,29/05/2024
100541,Sofía Gabriel Jiménez Arias,Avena Quaker,1500000 COP,2024/05/20 00:00:00
101996,Juan Adriana Martínez Restrepo,Harina P.A.N. Blanca,"$ 15,000,000",05-20-2024
102215,María María Sánchez Pérez,Arena Unikat,$35000000,2024/05/10 00:00:00
102788,"EL AISSAMI MADDAH, Tareck Zaidan",Harina Pancho,10000000,2024-05-04
100987,,Harina Pancho,35000000,05-20-2024
103271,HEZBOLLAH,Dogourmet,35000000 COP,2024-05-05
102777,Bashar Al Assad,,12500000,09/05/2024
100327,Javier Ana Ramírez Castro,Unikat,2500000,2024-05-24
103292,Alejandro Claudia Arias Mejía,Donkat,10000000,2024-05-14
100564,Daniela Natalia Ortiz Gómez,Arena Unikat,10000000,2024-05-18
103329,"KIM, Jong Un",Avena en Hojuelas,12500000,30/05/2024
100170,Alejandro Ana Navarro Gutiérrez,Donkat,10000000,2024-05-27
103633,"LUKASHENKO, Aleksandr",Dogourmet,2500000.00,2024-05-14
102407,"AL-ASSAD, Bashar",Harina P.A.N. Amarilla,$1500000,2024-05-19
100240,"CABELLO RONDON, Diosdado",Arena Unikat,4500000.00,05/05/2024
101388,,Harina Pancho,"$ 4,500,000",15.05.2024
101607,Natalia Sánchez Vargas,Harina P.A.N. Blanca,1500000.00,18/05/2024
101428,Aleksandr Lukashenko,Unikat,"$ 5,000,000",09.05.2024
102840,Andrés Mendoza Mendoza,Avena Quaker sin Gluten,,2024-05-03
100494,"AL-ASSAD, Bashar",Arena Unikat,15000000.00,05-12-2024
101663,,Harina Pancho,3000000.00,22/05/2024
102027,"SANCHEZ CEREN, Salvador",Harina P.A.N. Blanca,"$ 7,500,000",2024-05-13
101268,Mateo Arias Ramírez,Avena en Hojuelas,10000000,2024-05-01
100805,Felipe Esteban Rodríguez Ramírez,Donkan,2500000,2024-05-12
102782,Valentina Luis Valencia Ortiz,Arena Unikat,35000000 COP,14/05/2024
100221,HAMAS,Donkan,,02/05/2024
100307,Ismael Zambada Garcia,Avena Quaker,4500000.00,10/05/2024
102785,Daniela Natalia Morales González,Donkan,12500000.00,
103106,"AL-SHANTI, Jamileh Abdullah",Dogourmet,15000000.00,18/05/2024
101352,Ricardo Esteban Morales Restrepo,Donkat,2500000.00,2024/05/07 00:00:00
102240,Verónica Ospina Navarro,Harina P.A.N. Blanca,"$ 7,500,000",02.05.2024
103504,Javier José Chávez Gutiérrez,Harina P.A.N. Blanca,35000000,2024-05-06
102827,Lucía Sofía Castro Torres,Arena Unikat,"$ 20,000,000",07.05.2024
101184,Ziad Al Zaza,Avena Quaker sin Gluten,1500000,2024/05/18 00:00:00
101057,Santiago Diego Suárez Vargas,Harina Pancho,12500000,05-08-2024
100559,Jorge Alejandro Torres López,Avena Quaker,35000000,2024-05-19
103117,Carlos Castro Ortiz,Harina Pancho,15000000,2024-05-05
103275,Luis Camilo Torres Gómez,Dogourmet,12500000,2024/05/11 00:00:00
103747,Claudia Andrés Suárez Martínez,Unikat,7500000,05-23-2024
100905,"AL-ASSAD, Bashar",Harina P.A.N. Amarilla,1500000,27/05/2024
103168,Gabriel Torres Vargas,Donkat,"$ 35,000,000",2024/05/05 00:00:00
103631,Diego Sofía García Arias,Arena Unikat,"$ 15,000,000",2024/05/02 00:00:00
100849,Ricardo Juan Valencia Gómez,Avena en Hojuelas,7500000,13.05.2024
102581,Gonzalo Silva Ramírez,Avena Quaker sin Gluten,"$ 2,500,000",05-02-2024
100075,Ricardo Andrés Mejía Rojas,Dogourmet,$35000000,16.05.2024
102331,Santiago Mateo Ramírez Romero,Harina P.A.N. Blanca,$10000000,01.05.2024
100781,Ziad Al Zaza,,35000000 COP,21.05.2024
101158,Esteban Patricia Arias García,Avena Molida,12500000,20/05/2024
103449,Laura Sofía Mejía Rojas,Avena Molida,2500000,30.05.2024
100585,Gonzalo Carlos Mendoza Morales,Donkat,10000000,2024-05-05
103658,Joaquin Guzman Loera 'El Chapo',Donkat,2500000,06.05.2024
102522,Juliana Luis González Jiménez,Avena Quaker sin Gluten,15000000 COP,2024-05-08
100747,,Dogourmet,12500000,2024/05/23 00:00:00
101229,Andrés Camilo Silva Mejía,Harina Pancho,35000000,13.05.2024
100839,Verónica Torres Ramírez,Unikat,15000000.00,21/05/2024
102138,Juliana Fernando García Suárez,Harina P.A.N. Blanca,"$ 10,000,000",2024-05-24
100100,Natalia Diego Rojas Navarro,Dogourmet,7500000.00,22/05/2024
103507,Daniela Gutiérrez Gómez,Avena Molida,12500000,13.05.2024
100243,"AL-ASSAD, Bashar",Avena Molida,3000000,13/05/2024
101321,HAMAS,Donkan,"$ 7,500,000",22/05/2024
101342,Alejandro Camilo Navarro Hernández,Donkan,12500000,2024-05-31
102145,Claudia Martínez Suárez,Unikat,,26/05/2024
100292,Andrés Martínez Moreno,Donkat,10000000,2024-05-11
103529,Joaquin Guzman Loera 'El Chapo',Avena Quaker sin Gluten,5000000,05-17-2024
102167,Fernando Castro Castro,Donkat,15000000 COP,01/05/2024
103361,Miguel A. Treviño Morales,Unikat,"$ 1,500,000",2024-05-15
100186,Tareck Zaidan El Aissami,Avena Molida,$5000000,2024-05-09
100248,Jong-Un Kim,Harina Pancho,"$ 1,500,000",11.05.2024
100870,,Avena Quaker sin Gluten,35000000.00,19.05.2024
101378,Javier Verónica Ramírez Rojas,Harina Pancho,15000000,07/05/2024
101900,Camilo Hernández López,Avena Quaker,"$ 7,500,000",13.05.2024
102622,Adriana Carlos Hernández Mejía,Dogourmet,4500000.00,2024-05-22
100690,,Arena Unikat,20000000,05-05-2024
101360,,Avena en Hojuelas,5000000.00,2024-05-28
100629,Ismael Zambada Garcia,Harina P.A.N. Blanca,4500000,24/05/2024
100465,Fernando Diego Romero Romero,Dogourmet,5000000,29/05/2024
103436,,Avena Molida,"$ 7,500,000",2024/05/17 00:00:00
101002,Claudia Arias Díaz,Dogourmet,4500000,29/05/2024
101881,Natalia Daniela Rojas Díaz,Donkat,12500000,2024-05-17
101650,Mariana Gómez Suárez,Harina Pancho,20000000,05-31-2024
102215,Natalia Pérez Ospina,Avena en Hojuelas,3000000,
100625,Alejandro Mateo Rodríguez Arias,Avena Quaker,3000000,2024-05-05
100933,Mariana Juan Torres Díaz,Unikat,$35000000,
100227,Lucía Rojas Valencia,Dogourmet,15000000,2024/05/15 00:00:00
102033,Patricia Valencia Arias,Donkan,7500000,2024-05-17
101895,Juliana María Valencia Morales,Avena en Hojuelas,2500000,2024-05-03
101658,Ricardo Suárez Díaz,Avena en Hojuelas,,18/05/2024
102806,Camilo Torres Rodríguez,Unikat,10000000,05-08-2024
103023,Camila Rodríguez Jiménez,Harina P.A.N. Amarilla,$15000000,
103340,Juliana Daniela González Ramírez,,$35000000,2024/05/01 00:00:00
100898,María Ana Ospina Ramírez,Unikat,3000000.00,05/05/2024
102488,Jorge Restrepo Silva,Unikat,1500000,2024-05-11
101385,Diego Mateo Ortiz Castro,Donkan,12500000,16/05/2024
101348,Santiago Sofía González Hernández,Donkan,35000000,28.05.2024
102530,María Pérez Jaramillo,Avena Molida,$35000000,08/05/2024
102085,Claudia Silva Romero,Avena en Hojuelas,4500000,2024-05-03
102654,Javier Laura Torres Ortiz,Donkan,1500000,2024/05/18 00:00:00
103355,"AL-ZAZA, Ziad",Avena en Hojuelas,20000000,05-02-2024
100950,Mariana Juliana Martínez Torres,Dogourmet,$5000000,2024-05-21
100101,Fernando Jaramillo Mendoza,Avena Quaker,"$ 10,000,000",2024/05/14 00:00:00
100895,Luis Andrés Hernández Jaramillo,Unikat,,2024-05-28
102713,Verónica Díaz Torres,Unikat,4500000,2024/05/13 00:00:00
102290,Sofía Andrés Pérez Jiménez,Donkan,35000000,2024/05/06 00:00:00
101229,,Harina P.A.N. Amarilla,$10000000,24/05/2024
101911,Patricia Lucía Suárez Rodríguez,Avena Quaker,5000000,13.05.2024
103043,Daniela Sánchez Moreno,Dogourmet,20000000,05-10-2024
100260,Verónica Sánchez Restrepo,Unikat,1500000,2024-05-31
101656,China Aerospace Science & Tech Corp,Avena Molida,,2024/05/27 00:00:00
102734,Laura Silva Rojas,Unikat,"$ 10,000,000",02.05.2024
103014,Sofía Mariana Mendoza Rodríguez,Harina Pancho,$20000000,2024-05-28
103492,Gabriel Juan Torres Restrepo,Dogourmet,7500000 COP,2024-05-24
101702,Daniela Camila Sánchez Castro,Donkat,12500000,20.05.2024
101283,Mateo Luis Gómez Ramírez,Arena Unikat,10000000 COP,2024-05-09
102785,María Ramírez Ramírez,Arena Unikat,4500000,19/05/2024
102970,"EL AISSAMI MADDAH, Tareck Zaidan",Unikat,10000000.00,29/05/2024
101341,Juan Valencia García,Harina Pancho,35000000,27/05/2024
100256,Juan Sofía Gutiérrez Moreno,Unikat,$5000000,30/05/2024
102251,Andrés Daniela Martínez Sánchez,Donkat,4500000,05/05/2024
103204,"PURI, Genaro",Donkan,35000000,05-20-2024
103484,Santiago Verónica Valencia Suárez,Avena Quaker sin Gluten,2500000,2024-05-02
101406,Gonzalo Vargas Jiménez,Harina P.A.N. Amarilla,$4500000,2024/05/26 00:00:00
100739,Patricia Esteban Jaramillo Torres,Avena en Hojuelas,15000000,2024-05-01
101548,,Arena Unikat,2500000,
102853,Felipe Sánchez Chávez,Avena Molida,12500000.00,05-15-2024
100057,Luis Gómez Mendoza,Avena Molida,7500000,15/05/2024
100244,Laura Ana Romero Martínez,Harina P.A.N. Amarilla,15000000,2024-05-08
101329,Jamileh Abdullah Al-Shanti,,2500000,14/05/2024
102247,Laura Carlos Mejía García,Unikat,2500000,22/05/2024
103436,Lucía Jiménez Ospina,Harina P.A.N. Blanca,10000000.00,21.05.2024
103366,Jong-Un Kim,Avena Molida,35000000,30.05.2024
100734,"GUZMAN LOERA, Joaquin",Arena Unikat,4500000,
102057,Diosdado Cabello Rondon,Donkat,7500000 COP,2024/05/23 00:00:00
103034,Juan Andrés Díaz Mendoza,,2500000,2024-05-05
101309,María García Chávez,Arena Unikat,20000000.00,2024-05-01
100555,Lucía Sofía Torres Ramírez,Harina Pancho,5000000,2024-05-11
101525,Andrés Vargas Martínez,Donkat,"$ 3,000,000",2024/05/04 00:00:00
102188,María Diana Morales Chávez,Avena Quaker sin Gluten,4500000,2024-05-04
103262,Natalia Suárez Sánchez,Avena Quaker,3000000,2024-05-20
101246,Mateo Alejandro Ramírez Morales,Harina Pancho,15000000,25.05.2024
101758,Lucía Camila Chávez Restrepo,Avena Quaker,5000000,02.05.2024
102560,Paula Ospina Jaramillo,Avena Quaker,"$ 5,000,000",05-18-2024
101370,Javier Paula Navarro Pérez,Arena Unikat,3000000 COP,31/05/2024
101514,Luis Suárez Díaz,Avena Quaker,35000000.00,2024/05/20 00:00:00
101020,Laura Romero Ortiz,Donkat,"$ 20,000,000",2024-05-06
102731,Claudia Esteban Restrepo Hernández,Avena Quaker,7500000,05-19-2024
100631,Mateo Jiménez Gutiérrez,Avena Quaker sin Gluten,$4500000,23.05.2024
100335,Felipe Jiménez Jaramillo,Harina Pancho,35000000,
100870,Valentina Jorge Hernández Rojas,Dogourmet,5000000,11/05/2024
101212,Juan Laura Navarro Torres,Avena Molida,12500000.00,
101451,Juliana Luis Arias González,Avena Quaker,35000000 COP,2024-05-03
101002,Adriana Diego Pérez Rodríguez,Harina P.A.N. Blanca,$12500000,2024-05-16
103174,"CABELLO RONDON, Diosdado",Harina P.A.N. Blanca,2500000,20/05/2024
102350,Juan Andrés Suárez Rojas,Avena Quaker,2500000,2024/05/04 00:00:00
100753,Valentina Ricardo Valencia Navarro,Donkan,35000000,05.05.2024
103074,Santiago Mendoza Moreno,Donkat,4500000 COP,05-07-2024
102071,Ricardo Navarro Chávez,Dogourmet,2500000 COP,2024-05-04
101849,Daniela Diego Pérez Arias,Dogourmet,,05-29-2024
102457,Alex Nain Saab Moran,Harina P.A.N. Amarilla,1500000,2024-05-13
102995,Juan Gutiérrez Rojas,Avena Molida,"$ 1,500,000",2024-05-03
100882,Joaquin Guzman Loera 'El Chapo',Unikat,35000000,05-16-2024
102185,Joaquin Guzman Loera 'El Chapo',Harina P.A.N. Amarilla,5000000,19/05/2024
102459,José Luis Restrepo Mejía,Avena Quaker,1500000,2024/05/09 00:00:00
100042,"AL-ZAZA, Ziad",Avena Quaker sin Gluten,"$ 20,000,000",05-19-2024
100194,"ABU TEIR, Mohammed",Avena Quaker sin Gluten,$35000000,2024/05/06 00:00:00
102301,"LUKASHENKO, Aleksandr",Donkat,10000000 COP,2024/05/13 00:00:00
100591,Luis María Gutiérrez Mendoza,Harina P.A.N. Amarilla,4500000,29.05.2024
100808,Patricia Ana Morales Hernández,Harina P.A.N. Amarilla,10000000,05-16-2024
100240,Verónica Laura Morales Suárez,,"$ 7,500,000",2024/05/04 00:00:00
102387,Verónica Ramírez González,Dogourmet,5000000 COP,2024-05-27
102740,Aleksandr Lukashenko,Harina P.A.N. Blanca,3000000 COP,05-17-2024
103486,Fernando Ramírez Ospina,Dogourmet,5000000,30/05/2024
101558,,Avena Quaker sin Gluten,10000000,2024-05-03
102517,José Mejía Silva,Harina P.A.N. Amarilla,35000000 COP,04.05.2024
101426,Santiago Torres Sánchez,Avena Quaker sin Gluten,1500000,2024-05-08
101591,Alejandro Restrepo Vargas,,10000000.00,2024-05-27
100718,Miguel A. Treviño Morales,Dogourmet,,2024-05-29
101159,Rafael Caro-Quintero,Unikat,2500000 COP,05-15-2024
102476,Claudia Paula Restrepo Suárez,Avena Quaker sin Gluten,15000000.00,05-31-2024
101849,Juan Jiménez Restrepo,Donkan,35000000 COP,07/05/2024
101866,Fernando Camila Valencia Pérez,Harina Pancho,,05-25-2024
100092,Juan Gómez Jaramillo,Dogourmet,1500000,2024/05/28 00:00:00
103527,Diana Carlos Suárez Arias,Harina Pancho,,23/05/2024
102217,Laura Carlos Arias Arias,Avena Molida,,26.05.2024
100690,,Avena Quaker,"$ 15,000,000",04/05/2024
100741,Santiago Torres Torres,Harina Pancho,15000000,01/05/2024
100005,Felipe Paula Silva López,Avena Quaker sin Gluten,2500000,05-25-2024
101008,Diana González Sánchez,Donkan,35000000,2024/05/28 00:00:00
103138,Gonzalo Mariana Torres Díaz,Dogourmet,,30.05.2024
102279,,Harina P.A.N. Blanca,"$ 20,000,000",2024-05-17
100070,"AL-ASSAD, Bashar",Harina P.A.N. Amarilla,$1500000,05-04-2024
103570,Alejandro García Jiménez,Harina Pancho,"$ 15,000,000",2024/05/04 00:00:00
102255,Javier Diego Mendoza Ramírez,Harina P.A.N. Blanca,3000000,05-17-2024
102038,Jorge Ortiz Moreno,Avena en Hojuelas,"$ 35,000,000",05-01-2024
102734,China Aerospace Science & Tech Corp,Harina Pancho,2500000,05-22-2024
102442,Mariana Gutiérrez Navarro,Avena Molida,1500000,05-11-2024
100764,Verónica Ricardo Rodríguez Rojas,Avena Molida,$1500000,2024/05/20 00:00:00
100060,Ana Paula Torres Restrepo,Donkat,"$ 2,500,000",2024-05-13
103660,Jorge Claudia Romero Valencia,Harina P.A.N. Blanca,2500000,05/05/2024
101713,"SAAB MORAN, Alex Nain",Dogourmet,15000000,2024/05/19 00:00:00
100900,"CARO QUINTERO, Rafael",Dogourmet,1500000.00,07/05/2024
101234,Santiago Esteban Mendoza Rojas,,$12500000,2024-05-06
103690,Carlos Camila Gutiérrez Torres,Avena Quaker sin Gluten,3000000,2024-05-17
101861,"AL-SHANTI, Jamileh Abdullah",Arena Unikat,3000000,2024-05-24
102459,Ziad Al Zaza,Harina P.A.N. Amarilla,7500000.00,11/05/2024
100061,Juan Mejía Suárez,Harina Pancho,5000000,2024-05-15
102767,Sofía Torres Jiménez,Avena Molida,5000000,2024-05-30
103774,"AL-ASSAD, Bashar",Harina Pancho,15000000,2024-05-02
101812,Andrés Esteban Vargas Pérez,Harina Pancho,2500000,2024-05-31
100108,Nicolas Maduro Moros,Avena Quaker sin Gluten,2500000,2024/05/18 00:00:00
101471,China Aerospace Science & Tech Corp,Dogourmet,4500000.00,29/05/2024
100516,Javier Carlos Navarro Ortiz,Donkan,1500000 COP,04.05.2024
100757,Adriana Moreno Gómez,Harina Pancho,1500000,05-22-2024
102633,"SAAB MORAN, Alex Nain",Avena Quaker,4500000,08/05/2024
102902,Ana Rodríguez Vargas,Avena Molida,35000000,04/05/2024
101542,Miguel A. Treviño Morales,Arena Unikat,35000000,2024-05-16
102373,Paula Ricardo Gómez Valencia,Avena Molida,3000000,10.05.2024
101577,Sofía Ortiz Pérez,Dogourmet,35000000,30.05.2024
103006,,Avena Quaker sin Gluten,4500000,26.05.2024
102744,Paula González Pérez,Unikat,12500000,14.05.2024
100274,Paula Jaramillo Arias,Harina Pancho,"$ 1,500,000",05-06-2024
103265,Gonzalo Ana Arias García,Arena Unikat,20000000,2024-05-05
102577,Esteban Mariana Rodríguez Suárez,Unikat,35000000,2024-05-11
100504,Bashar Al Assad,,,2024/05/03 00:00:00
100903,Camilo Adriana Romero Arias,Unikat,2500000,2024-05-28
103400,Juan Gutiérrez Ospina,,4500000.00,05-18-2024
101063,Gabriel Luis Morales Torres,Donkat,7500000.00,21/05/2024
100423,Sofía Jaramillo Chávez,Unikat,35000000.00,05-26-2024
100168,Luis Alejandro Morales Ramírez,Harina P.A.N. Amarilla,"$ 2,500,000",2024/05/22 00:00:00
101199,Paula Restrepo Navarro,Harina Pancho,10000000,2024/05/26 00:00:00
100749,Natalia Torres Mejía,,7500000 COP,2024/05/08 00:00:00
103077,Verónica Natalia Navarro Hernández,Donkat,20000000,2024-05-14
103334,Fernando Santiago Díaz Rojas,Avena Molida,,
102324,Andrés Arias Ramírez,Donkat,7500000,
103548,"ZAHHAR, Mahmoud Khaled",Donkat,"$ 3,000,000",29/05/2024
101054,Jorge Juan Valencia Morales,Dogourmet,$5000000,2024-05-03
103558,HAMAS,Dogourmet,7500000 COP,2024-05-06
101890,Bashar Al Assad,Avena en Hojuelas,"$ 35,000,000",2024-05-01
100476,Verónica Diego Ramírez Romero,,"$ 5,000,000",02/05/2024
100383,Nicolas Maduro Moros,Avena Quaker sin Gluten,12500000.00,2024/05/27 00:00:00
102840,Felipe Valentina Valencia Torres,Harina P.A.N. Blanca,"$ 20,000,000",2024-05-09
100807,Esteban Mariana Gómez Navarro,Donkat,35000000,05.05.2024
100566,Camilo Carlos Sánchez García,Harina Pancho,$1500000,2024-05-27
101588,Camilo Rojas Ramírez,Avena Quaker sin Gluten,15000000,2024-05-25
102042,Daniela Díaz Navarro,Arena Unikat,35000000,07/05/2024
100098,Patricia Fernando Restrepo Ramírez,Avena en Hojuelas,7500000 COP,05-09-2024
103127,Diana Felipe Chávez Romero,Harina P.A.N. Amarilla,20000000 COP,2024-05-12
101603,Carlos Jiménez Mendoza,Harina P.A.N. Amarilla,12500000,29/05/2024
101170,Ana Ana Morales López,Avena Quaker sin Gluten,35000000,2024-05-10
101661,Rafael Caro-Quintero,Donkat,15000000,2024-05-22
101955,Camilo Laura Rojas Morales,Avena Quaker sin Gluten,12500000,2024-05-17
100422,"ABU TEIR, Mohammed",Donkat,,2024-05-13
102248,HEZBOLLAH,Avena Quaker sin Gluten,1500000,05-30-2024
103237,Aleksandr Lukashenko,,2500000,20/05/2024
100437,Sofía Laura Restrepo Pérez,Donkan,15000000 COP,2024/05/14 00:00:00
101796,Lucía Jaramillo Suárez,Donkan,"$ 20,000,000",2024-05-17
100268,Jong-Un Kim,Unikat,"$ 1,500,000",2024-05-28
101460,,Dogourmet,15000000,12/05/2024
101013,Felipe Gabriel Romero Gutiérrez,Avena Molida,35000000.00,25/05/2024
103708,Daniela Felipe González Ospina,Arena Unikat,12500000,2024-05-02
100017,,Avena Quaker,1500000,
100732,Aleksandr Lukashenko,Unikat,10000000,18.05.2024
100285,,Dogourmet,$7500000,2024-05-23
100436,Camilo Silva Restrepo,Avena Quaker,$1500000,15.05.2024
102616,Carlos Javier Ramírez Gómez,Unikat,4500000.00,23.05.2024
100574,Javier Diana Sánchez Mendoza,Donkan,"$ 3,000,000",05-16-2024
101812,Valentina Martínez Gómez,Harina P.A.N. Amarilla,3000000,
100887,,Dogourmet,,22/05/2024
102776,Mariana Laura Restrepo Sánchez,Avena Molida,20000000.00,04/05/2024
103152,Lucía Navarro Navarro,Unikat,10000000,05-20-2024
100065,Camilo Valentina Mendoza Rojas,Harina P.A.N. Blanca,"$ 20,000,000",2024-05-05
103196,Fernando Daniela Romero Castro,Unikat,20000000,2024-05-23
100087,Luis Gabriel Gómez Ospina,Donkan,5000000,08/05/2024
100152,Alejandro Diana Pérez Jiménez,Arena Unikat,2500000,13.05.2024
101643,Mateo López Ramírez,Donkan,15000000.00,05-07-2024
101183,Alejandro Sofía Ortiz Hernández,Avena en Hojuelas,"$ 15,000,000",12/05/2024
100441,"CABELLO RONDON, Diosdado",Avena Quaker sin Gluten,20000000,
103494,Gabriel Adriana Arias Suárez,Avena Quaker sin Gluten,$35000000,2024-05-26
101733,José Verónica Ramírez Arias,Donkan,"$ 3,000,000",2024-05-05
101188,Patricia Santiago Mejía Ramírez,Harina P.A.N. Blanca,$1500000,2024/05/23 00:00:00
100353,Felipe Navarro Martínez,Avena Quaker sin Gluten,"$ 35,000,000",2024-05-26
102291,"ABU TEIR, Mohammed",Donkan,5000000,05/05/2024
102988,"EL AISSAMI MADDAH, Tareck Zaidan",Harina P.A.N. Blanca,"$ 35,000,000",2024/05/07 00:00:00
103325,Mateo Sofía Suárez Castro,Harina P.A.N. Blanca,2500000 COP,02.05.2024
102134,Camilo Gabriel García Valencia,Harina P.A.N. Amarilla,$1500000,2024/05/10 00:00:00
102863,María Ortiz Jiménez,Avena Quaker sin Gluten,2500000,2024/05/29 00:00:00
102892,Ana Jorge Martínez Chávez,Avena Quaker,35000000,2024-05-14
100574,Esteban Rodríguez Pérez,Harina Pancho,,2024-05-17
103570,,Donkan,4500000,2024/05/27 00:00:00
102788,"CARO QUINTERO, Rafael",Avena en Hojuelas,"$ 4,500,000",2024-05-24
100571,Lucía Valentina Valencia Mendoza,Harina P.A.N. Amarilla,15000000.00,04.05.2024
102483,Jong-Un Kim,,12500000 COP,2024/05/24 00:00:00
102826,Laura Verónica Restrepo Jaramillo,Harina P.A.N. Amarilla,15000000,
102222,"LUKASHENKO, Aleksandr",Avena Quaker,10000000 COP,14/05/2024
101883,Paula Navarro Díaz,,3000000.00,06/05/2024
101833,Adriana Adriana Gómez Castro,,10000000,2024/05/13 00:00:00
101193,Camila Juliana Gómez Ospina,Avena Molida,20000000,05-11-2024
101398,"TREVIÑO MORALES, Miguel Angel",Avena Molida,12500000,05/05/2024
103736,Verónica Rodríguez Castro,Avena en Hojuelas,7500000 COP,2024-05-18
103761,"AL-SHANTI, Jamileh Abdullah",Arena Unikat,5000000,2024-05-15
103370,,Harina Pancho,20000000 COP,28/05/2024
103446,José Mariana Pérez Sánchez,Avena Quaker sin Gluten,15000000,2024/05/02 00:00:00
101104,María Vargas Chávez,Avena Molida,35000000,31/05/2024
102565,Verónica Ospina Martínez,Avena Quaker,35000000,05-05-2024
102994,CHINA AEROSPACE SCIENCE AND TECHNOLOGY CORPORATION,Harina Pancho,7500000.00,05-03-2024
102709,María Santiago Rodríguez Navarro,Dogourmet,20000000,2024-05-06
100688,Mateo Diana Rodríguez Suárez,Harina P.A.N. Blanca,"$ 1,500,000",05-16-2024
103327,"MADURO MOROS, Nicolas",Avena Quaker sin Gluten,3000000 COP,21.05.2024
101488,Aleksandr Lukashenko,Avena Quaker,12500000 COP,05-24-2024
101601,,Dogourmet,20000000,05-14-2024
103231,Patricia Suárez Mejía,Avena Quaker,7500000.00,2024/05/09 00:00:00
102967,Miguel A. Treviño Morales,Harina P.A.N. Amarilla,5000000,2024/05/14 00:00:00
102075,Mateo Castro Rojas,Avena Quaker,5000000.00,2024-05-28
103408,Paula Lucía Díaz Arias,Unikat,,13.05.2024
101494,Gabriel Ospina Jaramillo,Avena en Hojuelas,12500000,2024/05/17 00:00:00
101231,Santiago Mateo Morales Chávez,Avena Quaker,10000000 COP,2024-05-23
103275,Paula Silva Hernández,,7500000 COP,05-02-2024
100807,Esteban Carlos Martínez Ospina,Avena Quaker sin Gluten,3000000 COP,05-25-2024
102854,Mahmoud Khaled Zahhar,Unikat,12500000,24/05/2024
101104,Miguel A. Treviño Morales,Dogourmet,"$ 7,500,000",2024-05-22
102290,Juan Ramírez Jiménez,Donkan,2500000,2024-05-22
102694,Carlos Jiménez Rodríguez,Harina Pancho,15000000,2024-05-07
103074,Andrés Patricia Ortiz Ortiz,Unikat,$20000000,2024-05-25
100457,CHINA AEROSPACE SCIENCE AND TECHNOLOGY CORPORATION,Harina Pancho,"$ 4,500,000",2024-05-19
100610,Santiago Camila Ospina Chávez,Avena en Hojuelas,$10000000,2024/05/13 00:00:00
102031,Paula Martínez Romero,Avena Quaker,15000000,05-23-2024
103269,Alejandro Patricia Restrepo López,Avena Molida,35000000,
101409,"ZAMBADA GARCIA, Ismael",Donkan,"$ 7,500,000",05-08-2024
101702,Mateo Vargas González,Unikat,4500000,09/05/2024
101733,Andrés Gonzalo Jaramillo Romero,Arena Unikat,,2024/05/09 00:00:00
100117,Jong-Un Kim,Avena en Hojuelas,5000000.00,2024/05/17 00:00:00
102338,Esteban Martínez Restrepo,Avena Quaker,2500000.00,2024-05-14
103050,Gabriel Alejandro García Restrepo,Unikat,1500000,02.05.2024
101805,,Avena Quaker,$35000000,2024-05-31
102056,Claudia Camilo López Silva,Donkan,"$ 2,500,000",2024-05-21
101641,Alex Nain Saab Moran,,7500000,2024-05-22
100438,Alex Nain Saab Moran,Avena Quaker,5000000,12.05.2024
102942,Diego García Sánchez,Donkan,5000000.00,2024-05-24
101785,,Avena Molida,7500000,2024-05-26
102721,"CABELLO RONDON, Diosdado",Avena Molida,12500000,05-22-2024
102477,Mateo Sánchez Ospina,Harina Pancho,10000000 COP,2024-05-31
100875,,Harina Pancho,15000000,2024-05-14
100641,Ana Verónica Ortiz Torres,Harina P.A.N. Amarilla,20000000.00,05-13-2024
101813,"TREVIÑO MORALES, Miguel Angel",Avena Quaker,35000000,25/05/2024
100004,Paula Valencia Mejía,Unikat,35000000,05-28-2024
101041,José Castro Martínez,Avena Quaker sin Gluten,7500000,2024/05/26 00:00:00
103040,"AL-ZAZA, Ziad",Avena en Hojuelas,4500000.00,05-18-2024
102060,Ricardo Ana Díaz Hernández,Donkat,"$ 12,500,000",2024-05-02
101671,,Dogourmet,"$ 12,500,000",05-10-2024
100182,Felipe Restrepo González,Harina P.A.N. Amarilla,$4500000,2024-05-22
103569,Mahmoud Khaled Zahhar,Donkan,2500000,09/05/2024
100654,"ZAMBADA GARCIA, Ismael",Harina Pancho,1500000,05-18-2024
100711,Alex Nain Saab Moran,Harina P.A.N. Blanca,"$ 15,000,000",22.05.2024
103445,Daniela Mateo Ortiz Arias,Harina P.A.N. Blanca,4500000.00,05-22-2024
101005,"KIM, Jong Un",Arena Unikat,10000000.00,15.05.2024
100189,Ricardo Lucía Jaramillo Vargas,Harina P.A.N. Blanca,1500000,2024-05-03
101776,Ana Carlos Ospina Sánchez,Avena Quaker,5000000.00,28.05.2024
100887,Juliana Gonzalo González Vargas,Unikat,1500000.00,03.05.2024
101488,José Ricardo Romero Chávez,Donkat,20000000,20/05/2024
100320,,Avena Quaker,12500000,22.05.2024
102394,Adriana Felipe Restrepo Gutiérrez,,10000000,24/05/2024
102025,Mariana Juan Romero Romero,,12500000,18.05.2024
100890,Fernando María Díaz Ramírez,Dogourmet,35000000 COP,2024/05/25 00:00:00
100720,Luis Navarro Suárez,Unikat,10000000,
103191,,Harina P.A.N. Amarilla,35000000,05-21-2024
100848,Fernando Diana Navarro Arias,Donkat,5000000,2024-05-27
100886,Juliana Daniela Jaramillo Rodríguez,,15000000.00,2024-05-31
100900,"AL-ASSAD, Bashar",Unikat,35000000.00,2024-05-21
102708,José Camila Torres Sánchez,Dogourmet,3000000,02/05/2024
101544,Claudia Chávez Martínez,Arena Unikat,35000000,2024-05-04
102124,,Avena Quaker,1500000,04/05/2024
102153,Esteban Javier Jiménez Valencia,Avena Molida,"$ 15,000,000",05-27-2024
103556,Mariana Ana Hernández Díaz,Harina Pancho,2500000,2024-05-04
103651,Alejandro Paula González González,Harina P.A.N. Blanca,10000000,05-07-2024
100819,Gonzalo Gabriel González Arias,Harina P.A.N. Amarilla,3000000.00,31/05/2024
102444,,Avena Quaker sin Gluten,,2024/05/16 00:00:00
102172,José Sofía Martínez Navarro,Harina Pancho,1500000,05-07-2024
101744,"AL-SHANTI, Jamileh Abdullah",Unikat,7500000,05-22-2024
103286,"SAAB MORAN, Alex Nain",,4500000,04.05.2024
102514,Bashar Al Assad,Avena en Hojuelas,7500000,02.05.2024
103419,"SANCHEZ CEREN, Salvador",Harina P.A.N. Blanca,4500000,05-06-2024
102846,Natalia Alejandro Ortiz Jiménez,Donkat,"$ 4,500,000",05-30-2024
102472,Diana Rojas Morales,Dogourmet,3000000,11.05.2024
101321,Laura Claudia García Vargas,Avena en Hojuelas,2500000.00,2024/05/27 00:00:00
103354,Patricia Mateo Vargas González,Arena Unikat,"$ 3,000,000",13.05.2024
101618,"AL-ASSAD, Bashar",Avena Quaker,20000000.00,2024-05-12
101595,Patricia González Hernández,Avena Quaker,1500000.00,2024/05/01 00:00:00
102849,Esteban Alejandro López Restrepo,Dogourmet,5000000,05-26-2024
101887,,,"$ 35,000,000",2024-05-07
103593,José Adriana García García,Avena Quaker,4500000 COP,2024-05-16
102690,Juan Andrés Sánchez Jaramillo,Avena Quaker,5000000 COP,2024/05/23 00:00:00
103320,Santiago Claudia González Ortiz,Harina P.A.N. Blanca,"$ 10,000,000",2024-05-08
101263,Miguel A. Treviño Morales,Harina P.A.N. Blanca,$2500000,05-04-2024
102741,Claudia Rojas Torres,Dogourmet,1500000,2024-05-09
101684,Natalia Silva Valencia,Donkan,2500000,24/05/2024
100422,Alejandro Claudia Gómez Mendoza,Avena Quaker sin Gluten,12500000,20/05/2024
101229,Valentina Gonzalo Silva Ramírez,Donkan,"$ 2,500,000",2024-05-20
100111,Camila García García,Dogourmet,4500000,
100144,Diosdado Cabello Rondon,Dogourmet,3000000,13.05.2024
100949,Lucía Santiago Moreno Ortiz,Avena en Hojuelas,10000000,2024-05-09
103204,"AL-ASSAD, Bashar",Avena Quaker,"$ 20,000,000",05-27-2024
100519,Ismael Zambada Garcia,Avena Quaker sin Gluten,35000000.00,
100783,Camila Valentina Rojas Arias,Avena Quaker,"$ 5,000,000",05-18-2024
103021,Patricia Romero González,Avena en Hojuelas,10000000,2024-05-20
103178,HAMAS,Donkan,5000000,08.05.2024
102271,Nicolas Maduro Moros,Donkan,7500000,2024-05-09
102493,Juan Paula Díaz Romero,Avena Quaker sin Gluten,,2024-05-28
102461,Lucía Morales Hernández,Harina P.A.N. Amarilla,12500000,2024-05-02
102142,"AL-ASSAD, Bashar",Avena Quaker,1500000,19.05.2024
101166,Andrés Diego Morales Rojas,Arena Unikat,,22/05/2024
100067,Lucía Juliana Chávez Ospina,Donkat,2500000,2024/05/28 00:00:00
102393,HAMAS,Harina P.A.N. Blanca,$2500000,20/05/2024
103107,"ABU TEIR, Mohammed",Avena Quaker,15000000,2024/05/31 00:00:00
103396,Mariana Navarro Jaramillo,Donkan,10000000,2024-05-11
101574,Juliana Lucía Rodríguez González,Unikat,35000000,2024/05/19 00:00:00
102501,Sofía Morales Romero,Dogourmet,10000000.00,2024-05-11
103201,Claudia Rodríguez Jiménez,Donkat,$10000000,19.05.2024
101273,,Harina P.A.N. Blanca,$3000000,2024/05/24 00:00:00
103283,Lucía Díaz Jiménez,Unikat,2500000,02.05.2024
103094,Gabriel Verónica Restrepo Vargas,Donkat,5000000.00,2024-05-26
103520,Gabriel Fernando Gutiérrez Arias,Avena en Hojuelas,"$ 1,500,000",2024-05-07
103482,Juan José Rodríguez Pérez,Harina Pancho,12500000.00,05-13-2024
102656,"SANCHEZ CEREN, Salvador",Avena Quaker,"$ 1,500,000",
102147,Felipe Verónica Ospina Moreno,Donkat,12500000,07/05/2024
101245,Ana Lucía Morales Chávez,Dogourmet,5000000,2024-05-20
102200,Daniela Gabriel Ortiz González,Harina P.A.N. Amarilla,35000000 COP,2024-05-07
103615,Mateo Martínez Valencia,Avena Quaker,$2500000,2024-05-10
101589,Diego Camila Arias Ramírez,Avena Quaker,10000000,05-11-2024
102511,Verónica Patricia Mejía Romero,Avena Quaker sin Gluten,35000000,2024/05/08 00:00:00
101827,Alejandro Moreno Castro,Arena Unikat,"$ 12,500,000",29.05.2024
101950,"SAAB MORAN, Alex Nain",Donkat,12500000,2024-05-16
101913,Felipe Jaramillo Arias,,2500000,15/05/2024
102669,,Avena Quaker,1500000.00,02.05.2024
101526,María Claudia López Arias,Donkat,"$ 7,500,000",
101496,Patricia Jiménez Restrepo,Avena Quaker,7500000 COP,2024-05-30
101065,Mateo María Gómez López,Unikat,$1500000,19.05.2024
103337,,Avena Quaker sin Gluten,20000000 COP,22/05/2024
100329,José Adriana Navarro Hernández,,15000000,2024-05-29
103225,Aleksandr Lukashenko,Avena Quaker sin Gluten,10000000,10.05.2024
102739,Lucía Adriana Arias Mejía,,"$ 5,000,000",
102916,Daniela Felipe Rodríguez Romero,Harina Pancho,7500000,05-20-2024
100277,"SANCHEZ CEREN, Salvador",Avena Quaker sin Gluten,"$ 3,000,000",2024-05-23
101139,Camila Fernando Rodríguez Hernández,Unikat,,18/05/2024
100885,Luis Moreno García,Harina P.A.N. Amarilla,15000000,2024-05-02
101858,Gabriel Pérez Chávez,,15000000,09/05/2024
101155,Andrés Hernández Chávez,Harina P.A.N. Amarilla,1500000 COP,2024/05/24 00:00:00
103207,Alex Nain Saab Moran,Avena en Hojuelas,12500000.00,27/05/2024
101694,HAMAS,Avena Quaker sin Gluten,12500000,2024-05-04
100578,Natalia Castro Gómez,Donkan,15000000,2024/05/09 00:00:00
102547,Gonzalo José Moreno Morales,Avena en Hojuelas,15000000,05-06-2024
102891,Gonzalo Martínez Silva,Dogourmet,2500000 COP,2024/05/18 00:00:00
101413,Camilo Diana Suárez Ospina,,3000000,
101274,"SAAB MORAN, Alex Nain",Avena en Hojuelas,20000000,29.05.2024
100803,"ZAHHAR, Mahmoud Khaled",Avena en Hojuelas,$2500000,28/05/2024
102822,Camila Díaz González,Avena Molida,7500000.00,24.05.2024
102109,Ana Laura Vargas García,Donkan,3000000,2024-05-07
100343,Fernando José Castro Gutiérrez,,35000000,07.05.2024
103311,Gonzalo Castro Martínez,Avena Quaker sin Gluten,,15/05/2024
102718,Laura Mateo Romero Silva,Donkan,7500000,24.05.2024
103207,Ricardo Silva Sánchez,Avena en Hojuelas,,2024-05-04
101256,Claudia Martínez Arias,Dogourmet,2500000 COP,30.05.2024
100428,HAMAS,Arena Unikat,10000000 COP,05-13-2024
103666,"ZAHHAR, Mahmoud Khaled",Arena Unikat,15000000.00,05-06-2024
101656,China Aerospace Science & Tech Corp,Avena en Hojuelas,3000000,2024/05/17 00:00:00
102592,Jamileh Abdullah Al-Shanti,Unikat,7500000 COP,2024-05-13
102033,Daniela Juan Castro Rojas,,"$ 2,500,000",2024-05-01
102016,Rafael Caro-Quintero,Harina Pancho,3000000.00,2024-05-15
100124,Nicolas Maduro Moros,,"$ 35,000,000",30.05.2024
100500,Verónica Patricia Castro Ospina,Harina Pancho,20000000,2024-05-10
103741,María Rodríguez Torres,Dogourmet,,26/05/2024
100052,Juan Vargas Chávez,Donkat,,29/05/2024
101053,Esteban Alejandro López Rodríguez,Harina P.A.N. Amarilla,35000000.00,05-24-2024
100384,Esteban Patricia Morales López,Donkat,7500000.00,12/05/2024
102174,,Avena en Hojuelas,15000000,29/05/2024
101706,,Dogourmet,$3000000,05.05.2024
100400,"AL-SHANTI, Jamileh Abdullah",Arena Unikat,4500000.00,2024/05/01 00:00:00
100877,Claudia Mariana Pérez Gómez,Avena en Hojuelas,1500000,04.05.2024
102941,Camilo Gonzalo Gutiérrez Díaz,Avena Molida,5000000,19.05.2024
103313,HEZBOLLAH,Avena Molida,1500000 COP,2024-05-08
102410,"SAAB MORAN, Alex Nain",Donkan,2500000 COP,14/05/2024
100032,Alejandro Andrés Navarro Mejía,Avena en Hojuelas,$5000000,25/05/2024
102821,Camilo Mateo Jiménez Suárez,Dogourmet,3000000.00,06/05/2024
103113,Juliana Santiago Díaz Gómez,Harina P.A.N. Amarilla,15000000,08/05/2024
102106,"LUKASHENKO, Aleksandr",Donkan,,05-10-2024
101140,Verónica Verónica Rodríguez Navarro,Donkan,15000000,09.05.2024
101463,,Dogourmet,4500000,2024-05-16
102201,Alejandro Santiago Mejía Rojas,Arena Unikat,12500000 COP,2024/05/03 00:00:00
102156,"ZAMBADA GARCIA, Ismael",Donkat,$35000000,2024-05-30
101053,Diana Diana Mejía Restrepo,Donkan,4500000,
102504,Paula Lucía Silva Sánchez,Donkat,12500000.00,2024-05-14
100249,Ana Sofía Moreno Vargas,Harina P.A.N. Amarilla,"$ 10,000,000",2024-05-27
100592,Gonzalo Felipe Vargas Rojas,Harina Pancho,15000000,18.05.2024
101964,Diosdado Cabello Rondon,Donkat,10000000.00,
101124,,Harina P.A.N. Blanca,4500000,05-10-2024
103565,"TREVIÑO MORALES, Miguel Angel",Avena Quaker,"$ 12,500,000",12.05.2024
101336,Esteban Verónica González Moreno,Avena Quaker sin Gluten,5000000,2024-05-01
103505,Esteban Restrepo Mejía,Avena Quaker sin Gluten,10000000.00,05/05/2024
103069,"TREVIÑO MORALES, Miguel Angel",Avena Quaker,10000000 COP,
101674,Luis Torres Moreno,Unikat,35000000 COP,05.05.2024
101314,María Pérez Moreno,Arena Unikat,$35000000,05-07-2024
103744,Verónica Gonzalo Ramírez Pérez,Harina Pancho,10000000,2024-05-09
103065,Esteban Adriana Rojas Mendoza,Donkat,1500000,20.05.2024
103400,"KIM, Jong Un",Donkan,"$ 2,500,000",05-29-2024
101534,Laura Luis Ospina Jaramillo,Donkan,2500000,05-22-2024
102753,Ricardo Santiago Jiménez Morales,Harina P.A.N. Amarilla,10000000 COP,20/05/2024
101802,Gabriel Alejandro Jaramillo Rojas,,10000000,2024-05-25
102970,Javier Hernández Silva,Avena Molida,5000000.00,2024-05-23
100417,Jorge Lucía Jaramillo Mejía,Donkan,$10000000,2024/05/06 00:00:00
102842,Claudia Ana Mejía Navarro,Avena Quaker,$5000000,2024-05-12
100449,Diego Martínez Martínez,Harina P.A.N. Amarilla,7500000.00,15/05/2024
102517,Ismael Zambada Garcia,Avena Quaker sin Gluten,"$ 4,500,000",2024/05/27 00:00:00
101918,Juliana Camila Moreno Romero,Avena en Hojuelas,7500000,2024-05-04
103586,Verónica Navarro Jiménez,Dogourmet,7500000,05-20-2024
102197,,Donkan,7500000,01.05.2024
102054,,Harina P.A.N. Amarilla,35000000,2024-05-02
101681,Camilo Patricia Sánchez Castro,Harina Pancho,4500000,05-24-2024
100416,Ricardo Ricardo Rodríguez Ospina,,$10000000,05-15-2024
102742,"KIM, Jong Un",Avena Molida,"$ 12,500,000",26.05.2024
100509,Ismael Zambada Garcia,,"$ 7,500,000",2024-05-19
102045,"EL AISSAMI MADDAH, Tareck Zaidan",Avena Quaker sin Gluten,"$ 7,500,000",2024-05-13
100318,Valentina Daniela González Rodríguez,Unikat,7500000.00,05-01-2024
101795,CHINA AEROSPACE SCIENCE AND TECHNOLOGY CORPORATION,Arena Unikat,1500000 COP,05-15-2024
101285,María Lucía Vargas Hernández,Dogourmet,2500000,2024-05-23
101645,Natalia Gabriel Restrepo Valencia,Dogourmet,4500000,07.05.2024
100186,Gabriel Moreno Arias,Unikat,1500000,05/05/2024
100875,Jamileh Abdullah Al-Shanti,,$7500000,2024-05-25
100776,"GUZMAN LOERA, Joaquin",Harina P.A.N. Blanca,20000000,
103485,Ricardo Jorge Restrepo Navarro,,4500000,23.05.2024
100802,Mariana Luis Rojas Rodríguez,Arena Unikat,35000000,2024/05/02 00:00:00
101596,Jorge Lucía Romero Torres,Harina P.A.N. Blanca,15000000,2024-05-28
102898,Mateo Jaramillo Chávez,Harina P.A.N. Amarilla,$3000000,28.05.2024
100803,Laura Ramírez Ramírez,Harina Pancho,2500000,2024-05-22
103234,Daniela González Mejía,Dogourmet,15000000.00,05.05.2024
101081,Ricardo Hernández Valencia,Dogourmet,35000000,30/05/2024
102811,Rafael Caro-Quintero,Donkan,5000000,2024-05-03
102726,"AL-ASSAD, Bashar",,7500000,2024/05/13 00:00:00
102814,Mohammed Abu Teir,,3000000,18.05.2024
102101,Laura Sofía Valencia Restrepo,Avena Quaker sin Gluten,2500000.00,2024-05-29
100114,José Ramírez Díaz,Harina P.A.N. Amarilla,"$ 5,000,000",2024-05-08
100692,Ana Diana Vargas Valencia,Avena en Hojuelas,4500000 COP,2024-05-01
102999,Esteban Diego Jaramillo López,Avena Molida,1500000 COP,05-22-2024
100591,Juliana Ospina Suárez,Arena Unikat,20000000,16/05/2024
100603,Luis Camila González Mejía,Harina P.A.N. Blanca,5000000.00,28/05/2024
100183,Ricardo Suárez Ortiz,Avena Quaker,35000000,2024-05-28
101222,Esteban Restrepo Ospina,Harina P.A.N. Amarilla,20000000.00,2024-05-13
103260,Jorge Juan Suárez Chávez,Avena Molida,1500000 COP,24.05.2024
103335,Carlos Ramírez Jiménez,Dogourmet,"$ 2,500,000",20/05/2024
100283,"AL-ASSAD, Bashar",Arena Unikat,7500000.00,2024-05-04
101135,Felipe Diego Gómez Ospina,Harina Pancho,2500000 COP,2024-05-30
103259,Esteban Alejandro Díaz Navarro,Harina P.A.N. Blanca,3000000,05-14-2024
103246,Juan Adriana Ospina Romero,Avena Quaker sin Gluten,15000000,28.05.2024
100786,Valentina Natalia Ortiz Silva,Dogourmet,20000000.00,01/05/2024
103761,Gonzalo Javier Silva Jiménez,Avena Quaker sin Gluten,10000000.00,05-25-2024
103716,Juan José Silva Martínez,Harina P.A.N. Amarilla,3000000 COP,2024-05-08
101388,Natalia Javier Gómez Ortiz,Avena Molida,12500000,30/05/2024
102049,,Unikat,,2024-05-10
101037,Daniela Pérez Navarro,Avena en Hojuelas,"$ 4,500,000",
103129,Gabriel Patricia Sánchez Ospina,Donkat,12500000,22/05/2024
101146,,Avena Quaker,,05-31-2024
103114,Diego Jorge Pérez Jaramillo,Avena Quaker,1500000,
103556,Mariana Mejía Chávez,,"$ 2,500,000",10/05/2024
102217,,Harina P.A.N. Amarilla,7500000,2024-05-28
103288,Javier Romero Silva,Unikat,$10000000,2024-05-04
101187,Javier Valencia Romero,Dogourmet,7500000,2024-05-15
101212,Diego Suárez Morales,Avena en Hojuelas,7500000,2024-05-22
102493,Mohammed Abu Teir,Avena en Hojuelas,5000000 COP,13/05/2024
102963,Mateo Restrepo Suárez,Avena Molida,20000000,2024/05/28 00:00:00
103202,,Avena en Hojuelas,12500000,
103100,Diego Natalia Ospina López,Dogourmet,4500000.00,29.05.2024
102035,Alex Nain Saab Moran,,20000000,24.05.2024
103110,Luis José Martínez Valencia,,7500000,05-18-2024
101666,Mahmoud Khaled Zahhar,Avena en Hojuelas,35000000 COP,2024-05-10
100212,Alex Nain Saab Moran,Harina Pancho,4500000.00,2024-05-30
102898,Juan Juan Suárez Chávez,Avena Quaker,35000000 COP,05-13-2024
103188,Valentina Navarro Hernández,Harina Pancho,,05/05/2024
100135,Mahmoud Khaled Zahhar,Donkat,5000000,29.05.2024
100476,Juliana Alejandro Gutiérrez González,Avena Molida,"$ 35,000,000",
101483,"CABELLO RONDON, Diosdado",Donkan,5000000 COP,17.05.2024
101364,Mariana Ricardo Ramírez Romero,Harina P.A.N. Blanca,12500000.00,31/05/2024
100936,Mariana Juan Vargas López,Arena Unikat,20000000 COP,2024-05-06
102294,Javier Pérez Hernández,Donkat,10000000 COP,05-31-2024
103767,Andrés Javier Jaramillo Díaz,Avena en Hojuelas,12500000,05-26-2024
102360,Santiago Natalia Arias Vargas,Harina P.A.N. Amarilla,12500000 COP,19/05/2024
102219,Lucía Castro Vargas,Avena en Hojuelas,15000000,
100732,"ZAHHAR, Mahmoud Khaled",Avena en Hojuelas,12500000,2024-05-22
101478,Felipe Carlos Pérez Mejía,Avena Quaker sin Gluten,7500000 COP,03/05/2024
101662,Andrés Luis Martínez Rojas,Donkat,$3000000,05-11-2024
101456,CHINA AEROSPACE SCIENCE AND TECHNOLOGY CORPORATION,Harina Pancho,"$ 10,000,000",19/05/2024
101971,Ana Navarro Martínez,Avena en Hojuelas,7500000,2024/05/18 00:00:00
100580,Valentina Romero Mejía,Avena Quaker,15000000,18.05.2024
103258,"ZAHHAR, Mahmoud Khaled",Harina P.A.N. Amarilla,5000000,2024-05-20
100309,Bashar Al Assad,Avena Quaker sin Gluten,35000000.00,17.05.2024
102958,Diego Romero López,Harina P.A.N. Amarilla,20000000,2024/05/20 00:00:00
100301,Andrés Ramírez Moreno,Avena Molida,,05-28-2024
102314,Paula Ortiz Torres,Unikat,$1500000,05-19-2024
102398,,Donkan,15000000,2024-05-30
103450,Natalia Diana García Restrepo,Avena Quaker,20000000.00,2024-05-03
103702,Mohammed Abu Teir,Unikat,$7500000,2024-05-15
102387,Ricardo Ricardo Ospina Gutiérrez,Donkat,,05-12-2024
101230,Juliana García Vargas,Dogourmet,20000000 COP,31.05.2024
101966,Mariana Restrepo Ospina,Harina Pancho,5000000,2024-05-21
102472,Alejandro Diego Mejía Díaz,Donkat,7500000,2024/05/11 00:00:00
102512,Ricardo López Díaz,Avena Molida,"$ 1,500,000",2024-05-08
102380,Juan Andrés Mendoza Jaramillo,Donkat,1500000.00,2024-05-24
101957,Luis Paula Jaramillo Ortiz,Donkat,3000000,06/05/2024
103779,Andrés Chávez Torres,Harina P.A.N. Blanca,4500000,2024-05-20
102780,José Claudia Martínez González,Donkan,3000000,2024/05/04 00:00:00
100755,HEZBOLLAH,Harina Pancho,10000000,2024-05-03
102136,Alejandro Carlos Gómez García,Avena Quaker sin Gluten,3000000 COP,2024-05-26
100670,Camilo Claudia Valencia Silva,,20000000.00,08.05.2024
103265,Gonzalo Mateo Jaramillo Jaramillo,Harina P.A.N. Amarilla,7500000,2024-05-20
103150,Jong-Un Kim,Harina Pancho,5000000,2024-05-25
102880,María Felipe Rodríguez López,Dogourmet,1500000,27/05/2024
101233,"ZAMBADA GARCIA, Ismael",Harina Pancho,12500000.00,08.05.2024
100721,Gonzalo Martínez Mendoza,Dogourmet,4500000,20/05/2024
103009,Mahmoud Khaled Zahhar,,12500000 COP,2024/05/26 00:00:00
102406,Jorge Ricardo Ortiz Navarro,Harina P.A.N. Blanca,,07.05.2024
102285,Camila Paula Vargas Jaramillo,Arena Unikat,,
100080,Adriana Ortiz Gutiérrez,Unikat,4500000,05-08-2024
101270,Sofía Ortiz Restrepo,Harina P.A.N. Amarilla,3000000,25/05/2024
100225,Juliana Ospina Díaz,Avena Quaker,4500000,2024/05/11 00:00:00
100392,Andrés Ramírez Hernández,,"$ 12,500,000",2024/05/12 00:00:00
101119,Verónica Rojas Martínez,Harina Pancho,$3000000,05-27-2024
102431,Alejandro García Pérez,,3000000,2024/05/12 00:00:00
102091,Alex Nain Saab Moran,Harina P.A.N. Blanca,"$ 12,500,000",05-03-2024
102503,Paula Paula Ortiz Silva,Avena Quaker sin Gluten,2500000.00,28/05/2024
100496,Verónica Gonzalo Moreno Mejía,Donkat,"$ 10,000,000",
103440,Andrés Mateo Gutiérrez Rodríguez,Donkat,"$ 2,500,000",05.05.2024
102691,"AL-ASSAD, Bashar",Donkan,10000000,2024-05-05
101184,Diego Luis Hernández López,Harina Pancho,1500000,05-18-2024
103593,Paula Mateo Valencia Ospina,Harina P.A.N. Amarilla,5000000,05-07-2024
100180,,Harina P.A.N. Amarilla,"$ 5,000,000",14.05.2024
100156,Sofía Verónica González Morales,Avena Quaker sin Gluten,"$ 10,000,000",2024/05/13 00:00:00
100362,,Avena en Hojuelas,,2024/05/14 00:00:00
102571,"CARO QUINTERO, Rafael",Harina P.A.N. Blanca,35000000.00,2024/05/11 00:00:00
102146,Juliana Daniela Jaramillo Vargas,Harina P.A.N. Blanca,1500000,05.05.2024
102965,Mohammed Abu Teir,Dogourmet,15000000,2024/05/22 00:00:00
101720,Felipe Diego Morales Moreno,Avena Quaker sin Gluten,1500000,08.05.2024
102472,Juan Jorge Martínez Navarro,Unikat,"$ 15,000,000",05-19-2024
101686,Laura Paula Mendoza Morales,Unikat,2500000,2024-05-16
101552,HAMAS,Avena en Hojuelas,"$ 15,000,000",15/05/2024
101246,Alejandro Laura Pérez Restrepo,Donkan,10000000,05-22-2024
103793,,Harina P.A.N. Amarilla,15000000,05-21-2024
100066,Nicolas Maduro Moros,Arena Unikat,,17.05.2024
102881,Alejandro Sofía Gutiérrez Jaramillo,Unikat,"$ 12,500,000",05-01-2024
102816,"KIM, Jong Un",Avena en Hojuelas,,
100051,Natalia Jaramillo Torres,Harina P.A.N. Amarilla,3000000,2024-05-02
101401,Fernando Rodríguez Martínez,Avena Quaker sin Gluten,20000000 COP,2024/05/17 00:00:00
100970,Sofía Verónica Navarro Ospina,Avena en Hojuelas,15000000,
102155,Carlos Mendoza Gutiérrez,Avena Quaker,35000000,05-01-2024
100072,Gonzalo Silva Ortiz,Unikat,5000000,05-19-2024
102097,Gonzalo Mateo Suárez Torres,Avena Molida,"$ 12,500,000",2024-05-12
101852,Daniela Jiménez Torres,Donkan,35000000,2024-05-01
100919,Nicolas Maduro Moros,Avena Quaker sin Gluten,1500000,24/05/2024
102124,Laura Pérez Romero,Avena Molida,$1500000,2024/05/04 00:00:00
100284,Santiago Adriana Gómez Jiménez,Donkat,,23/05/2024
100890,"CABELLO RONDON, Diosdado",Avena Molida,3000000,2024-05-18
100339,María Daniela Castro Arias,Donkan,,2024-05-20
100592,Fernando Torres Gómez,Harina Pancho,"$ 5,000,000",2024-05-05
103556,Esteban García Gutiérrez,Unikat,4500000,10/05/2024
103430,Jamileh Abdullah Al-Shanti,Harina P.A.N. Amarilla,,05/05/2024
100026,Diana Diana Gutiérrez Arias,Donkat,2500000,2024/05/15 00:00:00
103004,Adriana Diana González Ramírez,Donkan,10000000 COP,05-22-2024
100185,,Avena Quaker,5000000,2024-05-03
100454,CHINA AEROSPACE SCIENCE AND TECHNOLOGY CORPORATION,Avena en Hojuelas,35000000,2024/05/01 00:00:00
102605,,,$12500000,2024-05-22
103245,María Mateo Gómez Rojas,Harina P.A.N. Blanca,10000000,05-10-2024
100428,Camilo Rodríguez Castro,Avena Quaker sin Gluten,"$ 7,500,000",2024-05-13
101863,Felipe Javier Rojas Martínez,Arena Unikat,5000000,2024/05/07 00:00:00
102475,Patricia Valencia Gómez,Avena Quaker,4500000.00,2024-05-23
100290,Fernando Navarro Silva,Harina P.A.N. Blanca,10000000,06/05/2024
101424,Paula García López,Unikat,10000000,22.05.2024
102468,"AL-ASSAD, Bashar",Donkat,35000000,14.05.2024
101622,Alex Nain Saab Moran,Harina P.A.N. Blanca,10000000 COP,2024-05-01
102083,Camilo Ricardo Suárez Rojas,Avena Quaker sin Gluten,15000000,2024/05/01 00:00:00
100103,China Aerospace Science & Tech Corp,Harina P.A.N. Blanca,"$ 12,500,000",01.05.2024
103313,Jorge Gonzalo Silva Castro,Avena Quaker,1500000,2024-05-04
100149,Mariana Restrepo Martínez,Avena Quaker sin Gluten,20000000,2024-05-30
101833,José Paula Jiménez Restrepo,Avena Quaker sin Gluten,4500000,05-22-2024
100937,Mateo Alejandro Romero Díaz,Avena Molida,2500000,2024-05-22
101475,,Avena Quaker,$1500000,2024-05-25
100878,Camila Navarro Moreno,Arena Unikat,,31.05.2024
102326,Diego Ospina Morales,Avena Quaker sin Gluten,,2024-05-05
103513,Felipe Valentina Moreno Suárez,Donkan,35000000,2024-05-20
103790,Daniela José Chávez Pérez,Avena Quaker,5000000.00,2024-05-26
101496,Daniela María Restrepo Gómez,Donkan,15000000.00,2024/05/16 00:00:00
100558,Diego Diana Sánchez Suárez,Donkan,1500000,05-26-2024
100854,Natalia Esteban Silva Navarro,Avena Molida,"$ 15,000,000",2024-05-15
102454,Gonzalo Gómez Ortiz,Arena Unikat,4500000,05/05/2024
101483,Laura Esteban Navarro Torres,Donkan,3000000.00,05-28-2024
100196,Camila Martínez Gómez,Dogourmet,,26.05.2024
100302,Ana Hernández Restrepo,Donkat,$2500000,2024-05-15
100359,Patricia Adriana Pérez Ramírez,Avena Quaker,1500000,05-24-2024
102174,Tareck Zaidan El Aissami,Avena Quaker sin Gluten,35000000 COP,05-27-2024
103492,"AL-ASSAD, Bashar",Donkat,12500000,2024/05/22 00:00:00
102725,"GUZMAN LOERA, Joaquin",Avena Quaker sin Gluten,15000000,2024/05/22 00:00:00
102968,Gabriel Mateo Romero Hernández,Donkat,2500000.00,2024/05/05 00:00:00
100873,Camilo Andrés Rodríguez Arias,Harina P.A.N. Amarilla,"$ 15,000,000",13.05.2024
100258,"AL-ZAZA, Ziad",,35000000.00,2024-05-23
101693,"EL AISSAMI MADDAH, Tareck Zaidan",Avena Quaker sin Gluten,"$ 2,500,000",05-14-2024
103471,Valentina García Arias,Unikat,10000000,2024-05-27
102920,Jamileh Abdullah Al-Shanti,Avena Molida,"$ 4,500,000",2024-05-11
100716,Felipe Esteban Ospina González,Donkat,20000000,2024-05-19
100757,Gonzalo Santiago Vargas Hernández,,"$ 10,000,000",2024-05-09
103572,Gabriel Lucía Restrepo Sánchez,Harina P.A.N. Amarilla,2500000,
102301,Juan Camilo Rodríguez Hernández,Unikat,12500000,2024-05-11
102173,Ana Daniela Díaz Jaramillo,Unikat,20000000,30/05/2024
100064,"MADURO MOROS, Nicolas",Arena Unikat,5000000 COP,2024-05-31
100731,Jong-Un Kim,Arena Unikat,10000000,2024-05-01
100296,Ismael Zambada Garcia,Avena en Hojuelas,1500000,2024-05-11
102464,Verónica Jorge Ospina Castro,Donkan,,11.05.2024
101043,"MADURO MOROS, Nicolas",Arena Unikat,12500000,2024-05-03
102910,Sofía Diego Gómez Morales,Avena en Hojuelas,10000000,12/05/2024
102275,Lucía Díaz Romero,Avena Quaker sin Gluten,,01.05.2024
103043,Natalia Gutiérrez López,Avena en Hojuelas,3000000.00,05-06-2024
100161,Andrés Jorge Díaz Sánchez,Unikat,"$ 35,000,000",2024-05-17
100940,Aleksandr Lukashenko,Arena Unikat,10000000 COP,2024/05/25 00:00:00
100026,Felipe Jaramillo Ramírez,Harina P.A.N. Amarilla,20000000,05-01-2024
101037,Bashar Al Assad,Dogourmet,2500000,2024-05-23
100271,Lucía Sofía Navarro Hernández,Harina Pancho,"$ 20,000,000",11/05/2024
100075,"ABU TEIR, Mohammed",Donkan,2500000,05-04-2024
100851,Patricia Andrés Restrepo Vargas,,1500000,2024-05-14
103054,,Dogourmet,15000000,2024/05/23 00:00:00
101355,Felipe Claudia Castro Ospina,Avena Quaker,20000000,14.05.2024
103540,Mohammed Abu Teir,Avena Molida,$2500000,23/05/2024
102507,HAMAS,Donkat,15000000,2024-05-22
101041,Mohammed Abu Teir,Donkan,5000000 COP,2024/05/03 00:00:00
100125,Lucía Ospina Gómez,Dogourmet,15000000,26.05.2024
101667,Laura González Mejía,Avena Quaker sin Gluten,3000000.00,14.05.2024
102401,Mohammed Abu Teir,Harina Pancho,5000000,2024-05-12
100500,Mateo Mateo González Castro,Donkan,"$ 3,000,000",2024-05-12
100545,Diosdado Cabello Rondon,Dogourmet,15000000 COP,11/05/2024
103773,Diego Ricardo Gutiérrez Moreno,Avena Quaker sin Gluten,1500000 COP,28.05.2024
102440,Esteban Jiménez Castro,Donkan,"$ 1,500,000",2024-05-03
101896,Santiago Gonzalo Restrepo Vargas,Unikat,15000000.00,
101131,Aleksandr Lukashenko,Avena en Hojuelas,20000000,2024-05-08
100482,Paula Juliana Gómez Jaramillo,Avena en Hojuelas,10000000,29.05.2024
102877,Andrés Ortiz Romero,Donkan,"$ 5,000,000",05-12-2024
103016,Miguel A. Treviño Morales,Donkan,20000000,11/05/2024
102426,José Castro Valencia,Avena en Hojuelas,4500000,10.05.2024
100359,Felipe Patricia Hernández González,Donkat,1500000.00,29.05.2024
102700,Diego María González Moreno,Harina Pancho,,2024-05-07
101878,Daniela Castro Rojas,Donkat,"$ 35,000,000",05-05-2024
101150,,Donkat,"$ 2,500,000",2024-05-24
102594,Javier Andrés Ospina González,,10000000 COP,30.05.2024
102102,Sofía Verónica Moreno Torres,Donkan,35000000 COP,2024/05/18 00:00:00
102356,Adriana Juliana Chávez Gutiérrez,Unikat,"$ 10,000,000",02.05.2024
102405,Carlos Javier Gutiérrez Mejía,Avena Quaker sin Gluten,20000000.00,20.05.2024
103561,Ricardo Gonzalo Ospina Chávez,Avena Quaker sin Gluten,5000000,2024-05-31
101166,Santiago Andrés Suárez Jiménez,Dogourmet,4500000,15.05.2024
101396,Laura Juan Chávez Gutiérrez,Avena Molida,35000000 COP,2024/05/07 00:00:00
101845,Ana Lucía Romero Hernández,Avena en Hojuelas,4500000 COP,2024-05-16
101255,Luis Silva Morales,Dogourmet,1500000,
102671,HEZBOLLAH,Dogourmet,,27/05/2024
102629,,Dogourmet,1500000,2024-05-18
100055,Felipe Hernández Mendoza,Avena Quaker,4500000,
101364,"AL-ASSAD, Bashar",Dogourmet,"$ 1,500,000",2024-05-08
100649,Andrés Esteban Hernández Castro,Unikat,4500000,22.05.2024
100771,Fernando Felipe Chávez Martínez,Harina Pancho,3000000,16/05/2024
101507,Alejandro Gabriel Moreno Hernández,,12500000 COP,
101683,Mahmoud Khaled Zahhar,Harina P.A.N. Amarilla,12500000,07/05/2024
103137,Natalia Javier Navarro Sánchez,Harina Pancho,2500000.00,2024/05/08 00:00:00
100121,Felipe Carlos Arias Hernández,Unikat,10000000,2024-05-05
102687,,Arena Unikat,35000000,2024-05-13
101519,Paula Gómez Chávez,Donkan,$7500000,05-11-2024
100869,HAMAS,Arena Unikat,7500000,16/05/2024
101999,Ricardo Sofía Ortiz Ramírez,Donkat,4500000.00,2024-05-20
101639,Mateo Vargas Gutiérrez,Avena Molida,"$ 10,000,000",27.05.2024
100613,Lucía Juan Vargas Vargas,Harina P.A.N. Blanca,20000000,
101875,CHINA AEROSPACE SCIENCE AND TECHNOLOGY CORPORATION,Avena Molida,1500000,2024/05/31 00:00:00
101395,"AL-SHANTI, Jamileh Abdullah",Dogourmet,2500000,2024-05-02
101787,Patricia López Ospina,Avena Molida,$12500000,2024-05-30
102257,Jamileh Abdullah Al-Shanti,Dogourmet,"$ 4,500,000",05-25-2024
103033,,Avena Molida,3000000.00,13.05.2024
100101,Diana Jiménez Ortiz,Unikat,2500000,30/05/2024
101820,Andrés Adriana Ortiz Ospina,Arena Unikat,5000000,2024-05-25
103648,Gonzalo Juliana Valencia Díaz,Avena en Hojuelas,3000000,2024-05-07
101726,Camilo Juan Pérez Díaz,Avena Molida,,2024-05-10
102011,Natalia Gonzalo Ramírez Rojas,Donkat,$1500000,14.05.2024
102845,Lucía Patricia Valencia Torres,Dogourmet,5000000 COP,2024-05-11
102242,Mariana Patricia Jaramillo Mejía,Avena en Hojuelas,5000000,01.05.2024
103176,Claudia Javier Ospina Ospina,,,05-29-2024
101633,Diego Felipe Silva Torres,Avena en Hojuelas,"$ 1,500,000",05/05/2024
100489,Esteban Luis Suárez Chávez,Unikat,1500000,2024/05/07 00:00:00
101737,"LUKASHENKO, Aleksandr",Harina P.A.N. Blanca,7500000,23/05/2024
101251,Valentina Navarro Suárez,Unikat,$20000000,2024-05-21
103116,Camilo Sánchez Vargas,Avena Quaker sin Gluten,3000000.00,2024-05-12
100347,Claudia Navarro Rodríguez,Avena Molida,20000000,05-20-2024
100004,Juan Carlos Sánchez Jaramillo,Arena Unikat,"$ 15,000,000",22/05/2024
101914,Laura López Jaramillo,Dogourmet,"$ 2,500,000",02/05/2024
102998,Fernando Restrepo Romero,Unikat,20000000,2024-05-23
100275,Mateo Martínez Hernández,Harina P.A.N. Amarilla,1500000 COP,2024/05/19 00:00:00
100208,"KIM, Jong Un",Harina P.A.N. Amarilla,12500000.00,2024-05-12
100196,Rafael Caro-Quintero,Harina Pancho,,19/05/2024
100048,Jorge Camila López Pérez,Dogourmet,3000000.00,29/05/2024
102621,Javier Ospina Jiménez,Avena Quaker,20000000,2024/05/20 00:00:00
100619,Ricardo Díaz Moreno,Donkat,"$ 35,000,000",20.05.2024
101164,Santiago Pérez Navarro,Harina P.A.N. Amarilla,"$ 7,500,000",07/05/2024
100380,"CARO QUINTERO, Rafael",Avena Quaker,4500000,2024/05/25 00:00:00
102185,Mariana Esteban Valencia Suárez,Harina P.A.N. Amarilla,35000000 COP,2024/05/25 00:00:00
101233,Gonzalo Pérez Ospina,Avena Molida,35000000,
102409,Esteban José Rojas Rojas,,1500000.00,2024/05/07 00:00:00
101819,Adriana Fernando López Moreno,Avena Quaker sin Gluten,5000000,05-19-2024
101299,Sofía Romero Gutiérrez,Harina Pancho,"$ 12,500,000",2024-05-04
103731,"ZAHHAR, Mahmoud Khaled",Arena Unikat,15000000,2024/05/23 00:00:00
103352,Patricia Lucía Hernández Ortiz,Harina Pancho,2500000,05-27-2024
100214,"EL AISSAMI MADDAH, Tareck Zaidan",Dogourmet,"$ 12,500,000",05-07-2024
100605,Juliana López Torres,Dogourmet,,05-12-2024
102239,Andrés Jiménez Mendoza,Harina Pancho,,2024/05/29 00:00:00
101927,Laura Felipe García Mendoza,Dogourmet,5000000.00,2024-05-18
100424,Carlos Gutiérrez Ospina,Unikat,15000000 COP,22/05/2024
101876,Camila Restrepo Pérez,Harina Pancho,12500000,02.05.2024
103540,Felipe Camila Restrepo Valencia,Donkat,20000000 COP,05-17-2024
101141,Juliana Javier Jiménez Mendoza,Donkan,15000000,
102957,Gabriel Sánchez Ramírez,Avena Molida,4500000,2024/05/29 00:00:00
102717,Lucía Ospina Jiménez,Harina P.A.N. Amarilla,20000000,2024/05/13 00:00:00
103226,Juan Rojas Mendoza,Avena Quaker sin Gluten,12500000.00,14.05.2024
101677,,Avena en Hojuelas,10000000,05.05.2024
103323,Mahmoud Khaled Zahhar,Unikat,"$ 1,500,000",05-11-2024
100537,Gonzalo Laura Suárez López,Arena Unikat,3000000,2024-05-30
103428,,Unikat,35000000,2024/05/29 00:00:00
101164,Verónica Arias Díaz,Avena Quaker sin Gluten,,12/05/2024
102226,Laura García Morales,,1500000,2024-05-28
100317,Juliana Ana Navarro Arias,Donkan,5000000,28/05/2024
102902,Daniela Restrepo Hernández,Avena Quaker sin Gluten,2500000.00,2024-05-01
100701,Camilo Ramírez García,Dogourmet,"$ 15,000,000",13/05/2024
103416,"TREVIÑO MORALES, Miguel Angel",Avena Molida,5000000,30.05.2024
101839,Ricardo Díaz Mendoza,Harina P.A.N. Blanca,7500000,2024-05-08
103336,Diosdado Cabello Rondon,Avena Molida,15000000.00,29/05/2024
100851,Santiago Díaz Rodríguez,Donkat,10000000.00,2024-05-10
100762,Javier Andrés Restrepo Jiménez,Unikat,3000000.00,24/05/2024
100612,"SAAB MORAN, Alex Nain",Harina P.A.N. Blanca,15000000 COP,16/05/2024
101792,Joaquin Guzman Loera 'El Chapo',Harina P.A.N. Amarilla,1500000,22/05/2024
100994,Claudia Paula Romero Jaramillo,Donkan,10000000,05-31-2024
101354,Mariana María Martínez Chávez,,7500000.00,05-23-2024
103178,Nicolas Maduro Moros,Unikat,"$ 4,500,000",22.05.2024
103341,Rafael Caro-Quintero,,1500000,06.05.2024
101356,"MADURO MOROS, Nicolas",Donkan,,14/05/2024
101200,Jorge Mariana Ospina López,Harina P.A.N. Amarilla,2500000,
103561,Natalia Mateo Mendoza Navarro,Dogourmet,12500000,13.05.2024
101140,Alejandro Gómez Silva,Avena en Hojuelas,35000000 COP,09.05.2024
102825,Jorge Vargas García,Harina Pancho,5000000.00,11/05/2024
100979,Mariana Restrepo Díaz,Dogourmet,20000000,05-11-2024
101999,Claudia Mateo Rojas López,Donkat,1500000.00,2024-05-20
102942,"MADURO MOROS, Nicolas",Harina P.A.N. Blanca,$4500000,05-08-2024
100988,CHINA AEROSPACE SCIENCE AND TECHNOLOGY CORPORATION,Arena Unikat,15000000,28.05.2024
101014,Alex Nain Saab Moran,Donkan,10000000.00,2024-05-02
101499,Luis Rodríguez Sánchez,Avena Quaker,4500000,27.05.2024
100678,Diego Valencia Mejía,Avena en Hojuelas,12500000,2024/05/11 00:00:00
101447,Lucía Natalia Ospina Mendoza,Unikat,7500000.00,05-20-2024
100548,Juan Gonzalo Gutiérrez Suárez,Avena Molida,35000000,2024-05-04
102824,Fernando Jorge Moreno Díaz,Donkan,"$ 3,000,000",2024/05/22 00:00:00
101856,Mahmoud Khaled Zahhar,Dogourmet,15000000.00,2024-05-17
100379,Esteban Laura García Vargas,Avena Quaker sin Gluten,7500000,2024-05-23
100165,Tareck Zaidan El Aissami,Dogourmet,3000000,13.05.2024
100232,Diego Torres Silva,Avena Quaker,"$ 7,500,000",2024-05-08
103017,Santiago Fernando Mendoza Gómez,Arena Unikat,,25/05/2024
103369,Juan José Vargas Pérez,Avena en Hojuelas,1500000,05-27-2024
103789,Gonzalo Ana Rodríguez Mendoza,Unikat,20000000 COP,2024-05-03
100033,Gabriel Gonzalo Silva Arias,Harina P.A.N. Amarilla,15000000 COP,2024/05/03 00:00:00
101937,Sofía Jorge Chávez Romero,Harina P.A.N. Amarilla,4500000,
100760,Camila Lucía Arias Pérez,Unikat,4500000,2024-05-05
103167,"ABU TEIR, Mohammed",Harina Pancho,20000000,23.05.2024
102295,Jorge Mendoza Silva,,3000000.00,05-31-2024
103315,Camilo Daniela Arias Silva,Donkan,3000000,05-27-2024
101314,María Luis Morales Castro,Donkat,"$ 15,000,000",2024-05-23
102003,Felipe Restrepo Navarro,Harina P.A.N. Blanca,5000000 COP,2024/05/23 00:00:00
102532,Javier Morales Pérez,Harina P.A.N. Amarilla,"$ 15,000,000",2024-05-16
100093,Juan Morales Díaz,,5000000 COP,
101412,Verónica Jaramillo Navarro,Harina P.A.N. Blanca,12500000,25.05.2024
103096,Diego García Suárez,Arena Unikat,,01.05.2024
103156,Adriana José Martínez Hernández,Arena Unikat,12500000 COP,2024/05/01 00:00:00
101634,Daniela Sofía Martínez Restrepo,Unikat,1500000,05-20-2024
103136,,Avena Quaker,"$ 4,500,000",
102141,"TREVIÑO MORALES, Miguel Angel",Harina P.A.N. Blanca,1500000.00,2024/05/28 00:00:00
100885,Ana Valentina Gutiérrez Vargas,Avena Quaker sin Gluten,$4500000,26.05.2024
102552,Juliana Fernando Mendoza Castro,Dogourmet,3000000,05-11-2024
102018,"PURI, Genaro",Harina Pancho,3000000.00,2024-05-29
101295,Felipe Alejandro Rojas Moreno,Harina P.A.N. Amarilla,4500000.00,2024/05/04 00:00:00
101754,,Unikat,15000000.00,07/05/2024
102178,Esteban Valentina Torres Gutiérrez,Harina P.A.N. Blanca,1500000,08/05/2024
102118,Camilo Arias Rojas,Donkat,12500000 COP,2024-05-09
100533,Jamileh Abdullah Al-Shanti,Harina P.A.N. Blanca,10000000,2024-05-15
101467,Mariana María Sánchez Chávez,Avena en Hojuelas,5000000,2024-05-04
102228,Patricia Natalia Valencia Vargas,Harina P.A.N. Amarilla,"$ 5,000,000",23/05/2024
102207,HAMAS,Donkat,2500000,2024/05/13 00:00:00
103065,Daniela Díaz Navarro,Arena Unikat,,2024-05-11
102051,Daniela Patricia Vargas Navarro,Avena Quaker,10000000.00,2024/05/09 00:00:00
100812,Jorge José Rojas Rodríguez,Avena Quaker sin Gluten,35000000,2024-05-22
100945,,Harina P.A.N. Blanca,,31/05/2024
103276,Felipe Felipe Ortiz Suárez,Avena Molida,12500000 COP,2024-05-22
103046,HEZBOLLAH,Avena Quaker,"$ 10,000,000",08/05/2024
103235,Ana Gonzalo Valencia Rodríguez,Avena Molida,4500000,25.05.2024
100285,Mateo Natalia López Sánchez,Avena Quaker,$10000000,2024-05-26
100773,Juan Chávez Rojas,Arena Unikat,$12500000,2024-05-02
101248,Verónica Alejandro Jiménez Sánchez,Harina Pancho,20000000 COP,2024-05-09
103038,Lucía Fernando Ramírez Pérez,Arena Unikat,$12500000,2024/05/23 00:00:00
100459,Andrés Santiago Gómez Gómez,Donkat,2500000.00,2024-05-15
101282,Fernando Gonzalo Vargas Ortiz,,$2500000,
101730,Diosdado Cabello Rondon,Avena Quaker sin Gluten,15000000.00,2024-05-23
101905,María Valencia Gómez,Avena en Hojuelas,2500000,05-23-2024
103507,Alejandro Luis Gutiérrez López,Avena Quaker sin Gluten,20000000,2024-05-10
102923,Fernando Gutiérrez Hernández,Donkan,"$ 3,000,000",29.05.2024
103520,Sofía Juliana Jaramillo Moreno,Donkat,35000000,2024-05-18
101698,Nicolas Maduro Moros,Donkan,10000000,2024/05/15 00:00:00
103423,José Ramírez García,Avena en Hojuelas,12500000 COP,2024/05/22 00:00:00
102980,Claudia Gómez Mejía,Avena Molida,2500000,2024-05-14
100422,Esteban Suárez Pérez,Avena Molida,15000000,05-25-2024
100871,Ricardo Silva Mejía,,35000000.00,2024/05/18 00:00:00
102291,Camila Jaramillo Mendoza,Dogourmet,12500000,02/05/2024
101369,Diana Alejandro Gutiérrez Vargas,Harina P.A.N. Amarilla,3000000,21.05.2024
101978,Juan Santiago Díaz Navarro,Avena Molida,20000000,05-14-2024
103729,Juan Restrepo Romero,Arena Unikat,4500000.00,07.05.2024
103104,Natalia Mateo Silva Navarro,Dogourmet,15000000,04.05.2024
100773,"ABU TEIR, Mohammed",Dogourmet,,25.05.2024
102161,Juan Gabriel Mejía Martínez,Dogourmet,"$ 15,000,000",2024/05/14 00:00:00
102042,Lucía Jorge Díaz López,Arena Unikat,1500000.00,2024/05/29 00:00:00
102432,Joaquin Guzman Loera 'El Chapo',Harina Pancho,"$ 35,000,000",14/05/2024
100242,Mariana Camila Arias Moreno,Unikat,"$ 5,000,000",09.05.2024
101476,,,5000000,20/05/2024
102365,Mariana Claudia Mejía Jaramillo,Donkan,$1500000,2024-05-26
100735,Andrés Ana Vargas Restrepo,,20000000 COP,2024-05-08
102716,"AL-ZAZA, Ziad",Avena Quaker sin Gluten,,30/05/2024
103086,Gabriel López Ospina,Avena Quaker sin Gluten,"$ 1,500,000",2024-05-08
101904,Alejandro Torres Rojas,Donkat,12500000,2024-05-05
103442,Javier Juan Martínez Moreno,Avena Quaker,"$ 10,000,000",25/05/2024
100889,Valentina Restrepo Ortiz,Avena Quaker sin Gluten,3000000,31/05/2024
102036,,Dogourmet,3000000,05-25-2024
103317,"SAAB MORAN, Alex Nain",Avena Quaker,$12500000,05-24-2024
101028,Carlos Ricardo Torres Morales,Harina P.A.N. Blanca,"$ 4,500,000",2024-05-01
102796,Tareck Zaidan El Aissami,Harina P.A.N. Amarilla,35000000.00,29.05.2024
101503,Joaquin Guzman Loera 'El Chapo',Donkat,"$ 35,000,000",2024-05-03
100413,Carlos Ortiz Valencia,Avena Molida,$15000000,05-21-2024
103660,Diana Mateo Suárez Rodríguez,Dogourmet,35000000,12.05.2024
102004,Ricardo Felipe González Romero,Dogourmet,"$ 15,000,000",
100123,Ismael Zambada Garcia,,"$ 4,500,000",21.05.2024
102139,Jong-Un Kim,Avena en Hojuelas,7500000.00,09.05.2024
102603,Tareck Zaidan El Aissami,Avena Molida,1500000,05-15-2024
100093,Camilo Sofía Pérez Romero,Avena Quaker,3000000,17/05/2024
100523,Mateo Natalia Pérez Rodríguez,Donkan,1500000,2024/05/14 00:00:00
100914,Camilo María Navarro Ospina,Avena Quaker sin Gluten,12500000,2024/05/03 00:00:00
103647,Juliana Felipe Moreno Pérez,Arena Unikat,1500000,2024-05-11
101561,Bashar Al Assad,Harina Pancho,3000000,
102443,Mariana Arias Ortiz,,5000000.00,05-30-2024
102305,"AL-ASSAD, Bashar",Donkan,"$ 7,500,000",10/05/2024
102103,Natalia Jaramillo Martínez,Unikat,4500000,05.05.2024
103015,"MADURO MOROS, Nicolas",Unikat,4500000,2024-05-13
100839,Santiago Suárez Ospina,Arena Unikat,3000000,2024-05-24
101745,Mariana Morales García,Dogourmet,10000000,05-04-2024
101238,"ABU TEIR, Mohammed",Avena en Hojuelas,,2024/05/24 00:00:00
100851,HEZBOLLAH,Arena Unikat,3000000,2024/05/10 00:00:00
102580,Valentina Adriana Moreno Romero,Avena Quaker sin Gluten,2500000,14.05.2024
101198,Juan Verónica González Arias,Arena Unikat,"$ 35,000,000",
101433,"ZAMBADA GARCIA, Ismael",Unikat,"$ 4,500,000",14/05/2024
102820,Ricardo Mejía Morales,,15000000,2024/05/18 00:00:00
101593,Gonzalo Rodríguez Jiménez,Donkat,7500000 COP,05-03-2024
101822,Ricardo Mariana Pérez Gutiérrez,Avena Quaker sin Gluten,$4500000,2024-05-12
101618,Adriana Morales López,Harina Pancho,7500000,2024-05-08
100910,Daniela Díaz Chávez,Avena Quaker sin Gluten,4500000,17/05/2024
101592,Diana González Moreno,Harina P.A.N. Blanca,4500000.00,2024-05-03
102547,Sofía Silva Arias,,10000000,2024-05-29
101882,Sofía Patricia Valencia Rojas,Donkat,20000000,2024/05/24 00:00:00
103090,Camila Jiménez López,Avena Quaker,$20000000,05-13-2024
103226,Mateo Luis López López,Avena Quaker sin Gluten,2500000,2024-05-20
103461,Nicolas Maduro Moros,Avena en Hojuelas,"$ 10,000,000",22/05/2024
102111,"SAAB MORAN, Alex Nain",Donkan,"$ 7,500,000",2024/05/25 00:00:00
103217,Miguel A. Treviño Morales,Unikat,"$ 4,500,000",2024-05-01
103506,Juan Mendoza Moreno,Unikat,2500000 COP,2024/05/03 00:00:00
100776,Daniela José Mendoza Sánchez,,"$ 35,000,000",2024-05-12
100333,,Avena en Hojuelas,"$ 10,000,000",2024-05-16
102629,"ABU TEIR, Mohammed",Avena Quaker sin Gluten,20000000 COP,2024/05/20 00:00:00
100342,Natalia González Restrepo,Harina Pancho,20000000,2024-05-27
102304,Claudia Santiago Ramírez López,Avena Quaker sin Gluten,"$ 1,500,000",
101929,,Unikat,7500000.00,12/05/2024
100279,Patricia Daniela Navarro González,Arena Unikat,3000000 COP,2024/05/26 00:00:00
102661,Mahmoud Khaled Zahhar,Avena Quaker,1500000 COP,2024/05/19 00:00:00
100451,Luis Verónica Pérez Díaz,Harina P.A.N. Amarilla,15000000,05-27-2024
100801,Diana Andrés Ortiz Ortiz,Harina P.A.N. Blanca,3000000,2024/05/19 00:00:00
103227,Verónica Andrés Martínez Restrepo,Harina Pancho,4500000,10.05.2024
103610,Lucía Adriana González Rodríguez,Avena Molida,10000000.00,19.05.2024
100668,Ana Paula Rodríguez Moreno,Harina P.A.N. Amarilla,2500000,02.05.2024
102822,Carlos Esteban Rojas González,Avena en Hojuelas,,24.05.2024
101051,María Luis Mejía González,Harina P.A.N. Blanca,$15000000,09/05/2024
100047,Claudia Paula Rodríguez Navarro,Avena Molida,$35000000,2024-05-24
101074,Adriana Ramírez Ospina,Donkan,10000000,2024-05-18
101056,Juliana Paula López Mejía,Harina Pancho,20000000 COP,2024-05-03
103520,Juan Moreno Ospina,Dogourmet,12500000 COP,2024-05-06
101860,Ismael Zambada Garcia,Donkat,10000000.00,05-29-2024
100569,María Mendoza Mejía,Avena en Hojuelas,35000000,2024/05/16 00:00:00
103204,Daniela Gonzalo Gómez Ramírez,Dogourmet,10000000,26/05/2024
101783,Diana Daniela Ramírez Navarro,Harina P.A.N. Blanca,4500000,2024-05-17
100511,Esteban Mateo Jaramillo López,Donkat,7500000,27/05/2024
103366,Fernando García Romero,Unikat,3000000,2024/05/23 00:00:00
100620,Claudia Castro Jiménez,Donkan,$10000000,01/05/2024
101853,Camilo Ricardo Suárez García,Harina Pancho,2500000,2024-05-28
103143,Carlos Jorge Jiménez Castro,Harina P.A.N. Amarilla,"$ 4,500,000",2024-05-17
102719,Juan Ortiz Mendoza,Harina Pancho,4500000,24.05.2024
100348,"SANCHEZ CEREN, Salvador",Harina Pancho,,2024/05/09 00:00:00
103247,China Aerospace Science & Tech Corp,Avena Quaker sin Gluten,"$ 35,000,000",2024/05/09 00:00:00
102845,Juliana Verónica Ortiz Chávez,Avena Quaker,$35000000,2024/05/15 00:00:00
103097,Juliana Silva López,Harina Pancho,2500000 COP,2024/05/14 00:00:00
100888,Jamileh Abdullah Al-Shanti,Unikat,20000000 COP,05-28-2024
100616,José Carlos López Suárez,Avena Quaker sin Gluten,3000000 COP,2024/05/12 00:00:00
101849,Lucía Alejandro Romero Jaramillo,,$7500000,2024-05-14
103067,Adriana Juliana Torres Castro,Unikat,35000000,2024-05-10
100829,Miguel A. Treviño Morales,Donkan,2500000,2024/05/15 00:00:00
101031,Camila Alejandro López Gutiérrez,Donkan,7500000,24/05/2024
101624,Javier Chávez Valencia,,10000000,13.05.2024
102894,Juliana Verónica Silva Hernández,Arena Unikat,15000000,05-24-2024
101283,"KIM, Jong Un",Avena Quaker,"$ 2,500,000",2024-05-27
101622,Natalia Laura Romero Ramírez,Harina Pancho,,02/05/2024
100015,José Chávez Ortiz,Dogourmet,2500000,2024-05-13
101443,Paula Suárez Silva,Arena Unikat,,2024-05-30
103482,"SANCHEZ CEREN, Salvador",Unikat,$2500000,2024/05/22 00:00:00
103633,Alex Nain Saab Moran,,20000000 COP,05-06-2024
103056,Diego Rodríguez López,Avena Quaker,35000000,2024-05-10
102567,Natalia Juliana Moreno Arias,Harina P.A.N. Amarilla,15000000.00,
101500,Esteban Ramírez Sánchez,Avena Molida,20000000,2024-05-20
103767,Jorge Verónica Mendoza López,Avena Quaker,4500000,2024-05-06
100056,Gonzalo López Valencia,Avena Quaker sin Gluten,12500000,2024/05/04 00:00:00
101268,Camilo Navarro Ospina,Unikat,"$ 12,500,000",2024-05-16
100051,Jorge Mateo Moreno Navarro,Harina P.A.N. Blanca,35000000 COP,2024/05/13 00:00:00
100492,Nicolas Maduro Moros,Harina Pancho,35000000.00,2024-05-05
101969,Sofía Adriana Arias Díaz,Avena en Hojuelas,"$ 5,000,000",05/05/2024
102956,Sofía Valentina Gómez Silva,Donkan,35000000.00,27/05/2024
103686,Mahmoud Khaled Zahhar,Donkat,"$ 10,000,000",2024-05-13
101033,Paula Laura Vargas Castro,Dogourmet,5000000,11/05/2024
101439,José Silva Restrepo,Harina P.A.N. Amarilla,3000000 COP,2024-05-06
101257,Gabriel José Jaramillo Rodríguez,Avena en Hojuelas,,05-09-2024
103023,José Alejandro Moreno Romero,Avena en Hojuelas,"$ 35,000,000",2024/05/19 00:00:00
102046,Alex Nain Saab Moran,Avena Molida,4500000 COP,07.05.2024
102002,Esteban Mejía Vargas,Donkat,12500000,16/05/2024
100854,Sofía Restrepo García,Avena Quaker sin Gluten,2500000,2024-05-20
101770,Juan Juliana Silva Vargas,Unikat,3000000,05-20-2024
100135,Verónica Diana Romero Rodríguez,Harina P.A.N. Amarilla,2500000,2024-05-20
101690,Carlos Vargas Castro,Avena Quaker sin Gluten,12500000.00,2024-05-25
103277,Carlos Navarro González,Donkat,$5000000,
102172,José Jaramillo Ortiz,Dogourmet,1500000,2024/05/20 00:00:00
102392,,Dogourmet,10000000,2024-05-26
101770,Diosdado Cabello Rondon,Avena Quaker sin Gluten,"$ 4,500,000",02/05/2024
100424,,Dogourmet,35000000,05-30-2024
100485,Santiago Verónica Ospina Gómez,Harina P.A.N. Amarilla,35000000,05-22-2024
100018,Diego Sofía Vargas Arias,Avena Molida,10000000.00,14/05/2024
100821,Mateo María Jiménez Jaramillo,Donkan,15000000,
101112,,Unikat,1500000,2024-05-07
103012,Verónica Paula Navarro Chávez,Donkan,15000000,24/05/2024
103448,Patricia José Moreno Moreno,Dogourmet,4500000,2024/05/15 00:00:00
103172,María Andrés Chávez Rodríguez,Donkan,4500000,05-06-2024
102782,"GUZMAN LOERA, Joaquin",Arena Unikat,15000000.00,2024/05/11 00:00:00
101806,Patricia Rodríguez Gutiérrez,Donkan,5000000.00,2024-05-31
100813,Camilo Ortiz Morales,Arena Unikat,,05-13-2024
101014,China Aerospace Science & Tech Corp,Donkat,20000000,24/05/2024
101878,Claudia Juan Jaramillo Ortiz,Avena Quaker,1500000 COP,2024-05-29
101287,Daniela Chávez Rodríguez,Harina P.A.N. Amarilla,$1500000,2024-05-29
100827,Jorge Mariana Restrepo Morales,Avena Quaker sin Gluten,,21/05/2024
103484,Esteban María Gutiérrez Morales,Harina Pancho,,
102902,Diana Torres Martínez,Avena Molida,$5000000,2024-05-03
102573,"CABELLO RONDON, Diosdado",Unikat,10000000,26/05/2024
102424,Gonzalo Silva Chávez,Unikat,12500000.00,2024-05-16
103535,Alex Nain Saab Moran,Harina P.A.N. Blanca,10000000,2024-05-09
103502,Natalia Jaramillo Morales,Donkan,1500000 COP,
102974,Camila Camila Ospina Rodríguez,Donkat,15000000,
102607,"AL-SHANTI, Jamileh Abdullah",,"$ 15,000,000",2024/05/04 00:00:00
102334,Gabriel Esteban González Morales,Harina P.A.N. Amarilla,3000000,2024-05-15
102040,Camilo Laura Morales Gutiérrez,Donkat,15000000,2024/05/11 00:00:00
103461,,Dogourmet,7500000,01.05.2024
103118,Verónica Ospina Morales,Avena en Hojuelas,35000000.00,15/05/2024
101894,Valentina Jorge Chávez Moreno,Avena Quaker,10000000 COP,05-11-2024
100756,,Avena en Hojuelas,,2024-05-07
101006,Adriana Suárez Chávez,Arena Unikat,2500000,24/05/2024
102256,Adriana Patricia Rojas López,Avena en Hojuelas,35000000.00,2024/05/11 00:00:00
101888,Juan Vargas López,,7500000,28.05.2024
100651,Lucía Ana Sánchez Romero,Avena Quaker,35000000,05-05-2024
102459,Esteban Ortiz Rodríguez,Harina Pancho,4500000,31/05/2024
103290,Carlos Juan Valencia Sánchez,Donkan,$5000000,2024-05-27
100853,,Harina Pancho,1500000,2024/05/28 00:00:00
100090,Sofía Hernández Gómez,Avena Quaker sin Gluten,3000000,2024/05/22 00:00:00
103105,Mahmoud Khaled Zahhar,Arena Unikat,10000000 COP,05.05.2024
103581,"LUKASHENKO, Aleksandr",Harina P.A.N. Amarilla,1500000.00,2024/05/30 00:00:00
100890,,,7500000,27/05/2024
103403,Sofía Camilo Torres Rojas,Arena Unikat,7500000.00,2024-05-11
100595,Natalia Juliana Díaz Mejía,Dogourmet,"$ 4,500,000",2024-05-28
103566,Andrés Laura Jiménez Vargas,Donkan,7500000.00,22/05/2024
102423,Camilo José Jiménez Jiménez,Harina P.A.N. Blanca,4500000,2024-05-17
100423,Alejandro Patricia Ospina Suárez,Dogourmet,7500000,23.05.2024
102090,Fernando Diana Hernández Rodríguez,Avena Molida,"$ 3,000,000",10/05/2024
102439,Gabriel Juan Valencia Arias,Donkan,"$ 7,500,000",05-20-2024
103517,Sofía Jiménez García,Harina P.A.N. Blanca,"$ 15,000,000",05-05-2024
102019,Alejandro Valencia Mejía,Avena Quaker sin Gluten,7500000.00,
103487,Diana Valencia Torres,Avena Quaker sin Gluten,$20000000,08/05/2024
103580,María Martínez Mendoza,Donkan,7500000.00,10/05/2024
101746,Mateo Patricia González Restrepo,Harina Pancho,"$ 4,500,000",
102400,Verónica Jiménez Romero,Avena Quaker,7500000 COP,2024-05-30
101233,Mariana Rodríguez Suárez,,3000000 COP,05/05/2024
103346,Esteban García Mendoza,Donkan,"$ 2,500,000",2024-05-07
101377,Ana Mendoza Romero,Avena en Hojuelas,"$ 4,500,000",12/05/2024
102286,Natalia Camila Sánchez Restrepo,Dogourmet,4500000,2024/05/26 00:00:00
101235,Mateo Ana Moreno Gómez,Arena Unikat,20000000,17/05/2024
101517,Fernando Jaramillo Pérez,Donkan,35000000,11.05.2024
101871,"PURI, Genaro",Avena Molida,4500000,18/05/2024
102792,"SANCHEZ CEREN, Salvador",Avena Quaker,"$ 2,500,000",2024-05-14
100360,Camilo Juliana Moreno Rodríguez,Harina P.A.N. Blanca,7500000,05-25-2024
100179,José Morales Vargas,Harina Pancho,10000000,05-02-2024
102898,Alex Nain Saab Moran,Avena Quaker,20000000,05-16-2024
102726,Mohammed Abu Teir,Dogourmet,4500000.00,21/05/2024
102292,,Avena en Hojuelas,20000000,2024-05-10
101770,Camilo Arias Valencia,Donkat,"$ 4,500,000",2024/05/09 00:00:00
101204,Carlos Ricardo Pérez Vargas,Harina Pancho,10000000,2024-05-16
101896,Mateo Rodríguez Chávez,Dogourmet,15000000,22.05.2024
102797,Lucía Mariana Hernández Pérez,Arena Unikat,15000000,2024/05/27 00:00:00
101253,Santiago Valencia Pérez,Avena Quaker sin Gluten,$10000000,2024/05/07 00:00:00
103309,Alejandro Hernández Jiménez,Donkat,10000000,2024-05-05
103136,Felipe Carlos Suárez Rojas,Avena Molida,,2024/05/22 00:00:00
102361,Diana Juliana Vargas Ramírez,Harina Pancho,"$ 4,500,000",05-21-2024
100760,Andrés Mejía Ramírez,Harina P.A.N. Blanca,4500000,08/05/2024
100834,Claudia Suárez García,Avena en Hojuelas,10000000,10.05.2024
103224,Gonzalo Gabriel Martínez Chávez,Donkan,7500000.00,22.05.2024
102300,Mariana Natalia Ospina Suárez,Dogourmet,1500000,2024-05-12
102617,Andrés Javier Restrepo Chávez,Avena Quaker sin Gluten,20000000,31/05/2024
100149,Aleksandr Lukashenko,Donkan,10000000,31/05/2024
103275,Joaquin Guzman Loera 'El Chapo',Avena Quaker sin Gluten,3000000,2024-05-10
103544,Adriana Patricia Ospina González,Donkan,3000000,2024-05-11
101674,Camilo Rodríguez Jiménez,Donkan,35000000,2024-05-08
100768,Gonzalo Pérez Chávez,Harina Pancho,"$ 3,000,000",2024/05/17 00:00:00
102750,Lucía Sofía Vargas Mejía,Avena Molida,"$ 1,500,000",2024-05-05
100177,Carlos Adriana García Mejía,,7500000,2024-05-20
102531,,Avena Molida,1500000,05/05/2024
103284,Paula Lucía González Sánchez,Avena Quaker sin Gluten,4500000,17.05.2024
102570,"ABU TEIR, Mohammed",Unikat,"$ 12,500,000",24.05.2024
101753,"ZAHHAR, Mahmoud Khaled",Harina P.A.N. Amarilla,1500000.00,2024/05/05 00:00:00
103291,Laura Diego Mendoza Jiménez,Avena Quaker,12500000,2024-05-15
101816,María Pérez Ramírez,Avena Quaker sin Gluten,,06/05/2024
101645,Esteban Camila Ortiz Castro,Harina P.A.N. Amarilla,10000000 COP,11/05/2024
101385,Felipe Hernández Jiménez,Harina Pancho,10000000,2024/05/05 00:00:00
101862,Esteban Javier Martínez Torres,Arena Unikat,7500000,2024/05/01 00:00:00
101307,Lucía María Restrepo Gómez,Unikat,"$ 2,500,000",2024-05-06
101494,Daniela Valentina Vargas Gutiérrez,,$20000000,05-25-2024
101116,Rafael Caro-Quintero,Avena en Hojuelas,,2024-05-23
101355,HAMAS,Unikat,$1500000,2024-05-19
102892,China Aerospace Science & Tech Corp,Avena en Hojuelas,4500000,2024-05-09
102349,Mateo Alejandro Jiménez Sánchez,Harina P.A.N. Blanca,"$ 3,000,000",2024-05-10
103191,Luis Silva López,Donkan,2500000,2024-05-08
103129,Natalia Jorge Arias Castro,Avena Quaker,1500000,23.05.2024
100489,,Donkat,5000000,30/05/2024
103393,,Arena Unikat,5000000,04.05.2024
100379,Santiago Jorge Morales Jaramillo,Unikat,$35000000,18/05/2024
100150,Diego Valencia Romero,Donkan,20000000,31.05.2024
102808,Gabriel García Martínez,Donkan,$7500000,2024-05-19
102411,Valentina García Mejía,Avena Quaker,10000000,2024-05-16
102884,Patricia María Suárez Moreno,Arena Unikat,35000000,28/05/2024
102338,Miguel A. Treviño Morales,Avena Quaker,7500000,22/05/2024
100736,Daniela Carlos Chávez Navarro,Harina P.A.N. Blanca,12500000.00,2024-05-21
101843,Diosdado Cabello Rondon,Harina P.A.N. Amarilla,"$ 20,000,000",06/05/2024
102099,Daniela Luis Sánchez Restrepo,Harina P.A.N. Blanca,2500000,2024/05/20 00:00:00
103336,Lucía Luis Rojas Gómez,Avena en Hojuelas,"$ 2,500,000",2024-05-02
102046,Nicolas Maduro Moros,Arena Unikat,"$ 10,000,000",2024-05-17
100346,Camilo Verónica Mejía Martínez,Avena Quaker sin Gluten,35000000.00,05-05-2024
102652,Laura Jiménez Restrepo,Dogourmet,20000000 COP,10/05/2024
101598,Mariana Hernández Romero,Arena Unikat,"$ 20,000,000",19.05.2024
103544,,Harina P.A.N. Amarilla,,2024/05/08 00:00:00
100183,Diego Camilo Vargas Moreno,Harina P.A.N. Blanca,12500000,14/05/2024
102217,Camilo Javier Castro Romero,Harina P.A.N. Amarilla,15000000,04/05/2024
102487,Adriana Fernando Mejía Valencia,,$7500000,2024/05/20 00:00:00
101527,Alejandro Ricardo Morales Gutiérrez,Donkat,20000000.00,16.05.2024
103166,Nicolas Maduro Moros,Harina P.A.N. Blanca,2500000.00,05-02-2024
103317,Lucía Diana Torres Suárez,Unikat,2500000.00,19/05/2024
100871,Valentina Gutiérrez López,Dogourmet,2500000,18/05/2024
102627,Miguel A. Treviño Morales,Donkat,15000000,26.05.2024
100728,Natalia Jiménez Jiménez,Donkat,3000000,05-20-2024
100763,Verónica Sánchez Sánchez,Avena en Hojuelas,3000000,05-28-2024
100500,Rafael Caro-Quintero,Unikat,,06.05.2024
100338,Alex Nain Saab Moran,Unikat,35000000,2024-05-14
103426,Gabriel Claudia Valencia Romero,Dogourmet,35000000,2024/05/11 00:00:00
100834,Verónica José Ospina Silva,Harina P.A.N. Amarilla,"$ 3,000,000",2024-05-07
102825,Paula García García,Donkan,12500000,05-28-2024
103002,Diego Rojas López,Avena Quaker,10000000.00,28/05/2024
100817,Mateo Chávez Castro,Avena Molida,2500000,2024/05/13 00:00:00
100067,Carlos Juliana Hernández Hernández,Donkat,"$ 20,000,000",08.05.2024
103218,Claudia González Martínez,Arena Unikat,2500000,2024/05/05 00:00:00
101140,Javier Castro Moreno,Avena Molida,3000000,2024-05-31
100637,Luis Mateo Sánchez Morales,Dogourmet,20000000,2024/05/15 00:00:00
100365,Camilo García González,,12500000,2024-05-07
101574,Ana Mateo Mendoza Díaz,Harina Pancho,$5000000,2024/05/11 00:00:00
103401,Santiago Vargas Sánchez,Avena Quaker,"$ 7,500,000",26/05/2024
100016,Santiago Gutiérrez Mendoza,Unikat,"$ 2,500,000",05-08-2024
101568,Ziad Al Zaza,Harina P.A.N. Blanca,20000000 COP,2024/05/27 00:00:00
103260,Ana Ana Arias Martínez,Avena Quaker,20000000.00,
100546,Paula Castro Jiménez,,5000000.00,2024-05-24
100677,Diosdado Cabello Rondon,Avena Quaker sin Gluten,35000000,11/05/2024
102721,María Alejandro Restrepo Chávez,Harina P.A.N. Amarilla,"$ 15,000,000",2024-05-30
102761,"EL AISSAMI MADDAH, Tareck Zaidan",Avena Quaker,10000000,24.05.2024
102446,Miguel A. Treviño Morales,Harina P.A.N. Amarilla,7500000 COP,23.05.2024
102247,Diana Laura Romero Jaramillo,Harina Pancho,20000000,2024-05-11
102664,Camila Sánchez González,Avena Quaker sin Gluten,3000000.00,05-30-2024
100886,Fernando Gómez Pérez,Avena en Hojuelas,"$ 7,500,000",2024/05/13 00:00:00
101316,Diana Díaz Arias,Harina Pancho,1500000 COP,2024-05-27
102536,Laura María Torres Martínez,Avena en Hojuelas,35000000,10/05/2024
102556,Adriana Esteban Navarro Romero,Avena Quaker sin Gluten,15000000,2024-05-18
101012,China Aerospace Science & Tech Corp,Dogourmet,,2024-05-22
103722,Laura Ricardo Rojas Sánchez,Donkan,"$ 4,500,000",2024-05-24
103615,Laura Martínez Hernández,Harina Pancho,4500000,13.05.2024
102224,Santiago Gabriel Mendoza Vargas,Avena Quaker sin Gluten,"$ 1,500,000",2024/05/05 00:00:00
103414,Patricia Navarro Jaramillo,Harina P.A.N. Amarilla,35000000,2024-05-25
100990,Gonzalo Chávez Díaz,Avena en Hojuelas,10000000,02.05.2024
102669,Juan Ramírez Castro,Dogourmet,"$ 35,000,000",25/05/2024
102208,Lucía Javier Silva Martínez,Arena Unikat,12500000,
100083,Alejandro Mendoza Martínez,Avena Quaker,"$ 4,500,000",29.05.2024
103269,Juan Verónica Torres Mendoza,Unikat,3000000,06/05/2024
101988,Luis Juliana Morales Vargas,Donkat,4500000.00,05-11-2024
103297,China Aerospace Science & Tech Corp,Avena en Hojuelas,"$ 3,000,000",05-17-2024
102113,Valentina Santiago Ospina Restrepo,Harina P.A.N. Blanca,$12500000,2024/05/24 00:00:00
100323,Jorge Ospina Ortiz,Avena en Hojuelas,20000000.00,2024-05-19
101305,Lucía Camila Pérez Castro,Avena Quaker,"$ 5,000,000",2024-05-24
103500,"KIM, Jong Un",Dogourmet,1500000,2024-05-12
101868,Ricardo Esteban Castro Moreno,Donkat,15000000,31/05/2024
100298,Gabriel Carlos Hernández Moreno,Avena Molida,5000000.00,24/05/2024
100803,Santiago Alejandro Jiménez González,Avena Quaker,"$ 1,500,000",2024-05-20
103771,Mateo Moreno Sánchez,Arena Unikat,2500000,14/05/2024
103097,,Donkan,20000000,2024-05-28
102012,"AL-SHANTI, Jamileh Abdullah",Avena Quaker,$12500000,2024-05-29
101719,Nicolas Maduro Moros,Arena Unikat,$12500000,26.05.2024
102594,María Valentina Vargas Morales,Avena en Hojuelas,2500000,03/05/2024
102763,Camilo Jorge Moreno Silva,Unikat,$35000000,2024/05/11 00:00:00
103068,Diana Díaz Valencia,Donkan,20000000,2024/05/25 00:00:00
100977,Sofía Silva Morales,Harina P.A.N. Amarilla,1500000 COP,17/05/2024
100109,Ana Alejandro Chávez Rodríguez,Avena Quaker,15000000,2024-05-26
103758,Ricardo Natalia Pérez López,Harina P.A.N. Blanca,3000000,2024-05-05
102120,Juan Mariana López Ramírez,Avena Quaker sin Gluten,,05-21-2024
102326,Valentina García Mendoza,Avena Molida,20000000,2024/05/30 00:00:00
100084,Nicolas Maduro Moros,Avena Quaker sin Gluten,4500000.00,22/05/2024
101256,Tareck Zaidan El Aissami,Avena Quaker sin Gluten,3000000,14/05/2024
100268,Juan Navarro Gómez,Harina P.A.N. Blanca,35000000,2024-05-07
100193,Alejandro Diego Silva Ramírez,Arena Unikat,"$ 12,500,000",05-05-2024
102444,"SAAB MORAN, Alex Nain",Donkan,"$ 10,000,000",23/05/2024
102929,Verónica García Mejía,Avena en Hojuelas,12500000,16.05.2024
102688,Luis Jaramillo Ospina,Harina P.A.N. Amarilla,"$ 3,000,000",20/05/2024
102075,Jorge Santiago López Rojas,Unikat,4500000,2024-05-12
103392,Alejandro Mateo Pérez Ospina,Arena Unikat,4500000,05-18-2024
101015,Verónica Esteban Silva López,Dogourmet,"$ 35,000,000",2024/05/12 00:00:00
103142,Adriana Castro González,Avena en Hojuelas,35000000,22/05/2024
103688,Rafael Caro-Quintero,Avena Quaker sin Gluten,5000000.00,2024-05-25
102761,Jamileh Abdullah Al-Shanti,Avena Molida,,31/05/2024
103026,Mateo Carlos Ramírez Martínez,Unikat,35000000,2024-05-12
102795,Claudia Moreno Moreno,Dogourmet,"$ 7,500,000",2024-05-25
101867,Fernando María Valencia Arias,Unikat,,2024/05/18 00:00:00
103032,Santiago Andrés González López,Harina P.A.N. Blanca,"$ 12,500,000",05-22-2024
100511,Juan Ricardo Mejía García,Harina Pancho,5000000,23/05/2024
102842,Juliana Claudia González Rodríguez,,15000000,2024-05-16
103152,Claudia Restrepo Ramírez,Avena Quaker sin Gluten,$5000000,31/05/2024
102056,Mateo Diana Rodríguez Sánchez,Unikat,"$ 12,500,000",2024-05-08
101898,Ana Fernando Ortiz Rodríguez,Avena Quaker,3000000,05-13-2024
102617,Javier Patricia Martínez Morales,Harina P.A.N. Blanca,"$ 5,000,000",08/05/2024
101811,HEZBOLLAH,Avena Molida,$20000000,
100091,Patricia Santiago Mendoza Ospina,Avena Quaker sin Gluten,15000000,
102095,Jamileh Abdullah Al-Shanti,Donkat,,2024-05-08
100680,Paula Natalia González Sánchez,Unikat,7500000.00,29.05.2024
101110,"SAAB MORAN, Alex Nain",Avena Quaker,12500000,24.05.2024
103328,Daniela Javier Mendoza Rodríguez,Arena Unikat,7500000,2024-05-05
101056,Felipe García Jiménez,Harina P.A.N. Amarilla,35000000,19.05.2024
100419,Andrés Gómez Mejía,Avena Quaker,10000000.00,2024-05-07
100723,"MADURO MOROS, Nicolas",Harina P.A.N. Amarilla,,05-06-2024
102295,Mariana Gabriel Romero Castro,Avena Quaker sin Gluten,35000000,25/05/2024
100445,HAMAS,Dogourmet,"$ 7,500,000",05-20-2024
103485,Claudia Mateo Pérez Rojas,Donkan,7500000,25.05.2024
100245,Juliana Esteban Ramírez Romero,Avena en Hojuelas,2500000,05-20-2024
100798,Ricardo Camila Castro Ramírez,Donkan,15000000,08.05.2024
101376,Sofía Alejandro Díaz Rodríguez,Harina P.A.N. Blanca,12500000,28/05/2024
101061,José Mariana Morales Romero,Avena Quaker sin Gluten,3000000,09.05.2024
101083,Verónica Fernando Rojas Suárez,Avena Molida,4500000,2024-05-14
100035,HAMAS,Donkat,20000000.00,2024/05/17 00:00:00
103286,Juliana Diego Romero Romero,Avena Quaker,12500000,08.05.2024
102387,Paula Fernando Suárez Rodríguez,Harina P.A.N. Amarilla,3000000,29.05.2024
103521,"CABELLO RONDON, Diosdado",Donkan,$5000000,12.05.2024
102349,María Restrepo Martínez,Avena Molida,4500000,21.05.2024
102737,Mariana Esteban Ramírez Romero,,,05-04-2024
103070,Sofía Martínez Ortiz,Dogourmet,,05-22-2024
101883,Camilo Rojas Torres,Avena en Hojuelas,20000000,2024/05/22 00:00:00
101376,Verónica Patricia Arias Chávez,Avena Quaker sin Gluten,"$ 20,000,000",29/05/2024
102970,Diego Diana Vargas Valencia,Avena Quaker,2500000,2024-05-28
103481,Felipe Laura Ortiz Ramírez,Harina Pancho,35000000,2024-05-01
101587,Sofía Ramírez Jaramillo,,12500000,2024-05-27
100165,"GUZMAN LOERA, Joaquin",Avena Quaker sin Gluten,10000000,2024-05-12
100947,,Avena en Hojuelas,2500000 COP,2024-05-31
102897,"MADURO MOROS, Nicolas",Harina Pancho,,2024-05-06
103248,Fernando Alejandro Moreno Díaz,Avena en Hojuelas,3000000,2024/05/30 00:00:00
102863,Claudia Morales Hernández,Avena Quaker sin Gluten,4500000 COP,08.05.2024
102130,Diego Ramírez Valencia,Avena Quaker,20000000,05-24-2024
100490,"CARO QUINTERO, Rafael",Harina P.A.N. Blanca,1500000,01/05/2024
103593,Luis Chávez Suárez,,"$ 35,000,000",2024/05/26 00:00:00
101018,Verónica Moreno Jaramillo,Harina P.A.N. Amarilla,1500000,05-01-2024
100211,Luis Jorge Rodríguez Romero,Unikat,20000000,08/05/2024
100789,Jorge Ramírez Jaramillo,Avena Quaker sin Gluten,"$ 2,500,000",2024-05-17
102152,Santiago Diego Romero Rodríguez,Harina Pancho,10000000.00,2024-05-01
100707,,Harina P.A.N. Blanca,"$ 15,000,000",2024-05-16
102139,China Aerospace Science & Tech Corp,Avena Molida,5000000,05-08-2024
100858,Gonzalo María Ramírez Gutiérrez,Harina P.A.N. Amarilla,$7500000,30.05.2024
101824,Diego Diana Ospina Romero,Avena Molida,1500000,2024-05-07
100274,Camilo Lucía Gómez Mendoza,Unikat,7500000,31.05.2024
102021,Jorge Ana Valencia Restrepo,Dogourmet,7500000.00,26/05/2024
102355,Juliana Gómez Jiménez,Harina P.A.N. Amarilla,5000000,05-10-2024
102773,Camila Esteban Arias Mendoza,Donkat,3000000,17/05/2024
101263,Juliana Fernando Ramírez López,Avena Quaker,35000000.00,05-25-2024
103591,Patricia Felipe González Mejía,Donkat,"$ 5,000,000",2024-05-30
101050,Fernando Suárez Valencia,Harina P.A.N. Blanca,12500000.00,05-22-2024
101108,Mateo Natalia Hernández Valencia,Avena Molida,2500000 COP,2024-05-03
100375,Lucía Felipe Restrepo Mendoza,Avena en Hojuelas,12500000.00,05-21-2024
100296,Gonzalo Jaramillo Martínez,Harina Pancho,5000000.00,29.05.2024
101011,Claudia Torres Chávez,Unikat,15000000,2024-05-15
100822,"PURI, Genaro",Donkat,,17.05.2024
102737,Camila Andrés Martínez Ortiz,Arena Unikat,3000000,2024/05/07 00:00:00
100756,,Harina P.A.N. Amarilla,$3000000,2024-05-01
100958,Diego Paula Sánchez Romero,Harina Pancho,5000000,25/05/2024
102210,"PURI, Genaro",Arena Unikat,$1500000,2024/05/11 00:00:00
100828,Sofía María Morales Rodríguez,Avena Quaker sin Gluten,$2500000,08.05.2024
102999,Valentina Hernández Restrepo,Avena en Hojuelas,5000000.00,05-22-2024
101745,Mariana Juan Mejía López,Harina P.A.N. Blanca,1500000,31/05/2024
100208,Gabriel Valencia López,Avena Quaker sin Gluten,20000000,05-28-2024
102704,Fernando Valencia Pérez,Arena Unikat,$35000000,29/05/2024
102899,,,$5000000,2024-05-24
103114,,Avena en Hojuelas,12500000,2024-05-09
100709,Jorge Patricia González Jaramillo,Donkat,"$ 4,500,000",05-22-2024
100558,"CABELLO RONDON, Diosdado",Avena Quaker,4500000.00,19.05.2024
101888,Santiago Rodríguez Gómez,Arena Unikat,2500000,05-05-2024
102094,"GUZMAN LOERA, Joaquin",Avena Quaker sin Gluten,7500000,30.05.2024
100452,,Arena Unikat,12500000.00,13/05/2024
101646,Mateo Jorge Pérez González,Dogourmet,5000000,21/05/2024
102947,Mariana Esteban Romero Jaramillo,Donkat,10000000,09/05/2024
102400,,Donkat,,2024/05/11 00:00:00
100254,"CARO QUINTERO, Rafael",Avena Quaker sin Gluten,20000000.00,17/05/2024
100588,Bashar Al Assad,Unikat,7500000,2024-05-09
102813,"AL-SHANTI, Jamileh Abdullah",Arena Unikat,15000000,02/05/2024
100142,Juliana Jorge Restrepo Rojas,Harina P.A.N. Blanca,$10000000,2024-05-05
100664,Lucía López Gutiérrez,Harina P.A.N. Amarilla,5000000,2024-05-07
100444,Gabriel Rodríguez Pérez,Harina P.A.N. Amarilla,15000000,01/05/2024
101521,Juliana Mejía Hernández,Harina Pancho,5000000,19/05/2024
101419,Claudia Ospina Chávez,Unikat,15000000,2024/05/03 00:00:00
102689,Juliana Ospina Pérez,,7500000,2024/05/13 00:00:00
102910,Lucía Gabriel Morales Moreno,Arena Unikat,15000000,2024-05-09
102836,Felipe Suárez López,Harina P.A.N. Amarilla,20000000.00,2024/05/19 00:00:00
102596,Lucía Restrepo Silva,Unikat,"$ 10,000,000",05-06-2024
103426,Juliana Restrepo Romero,Harina P.A.N. Amarilla,12500000 COP,2024-05-15
102682,Ana Gómez Ramírez,Unikat,2500000.00,05-02-2024
102211,Gonzalo Andrés Gómez Castro,Dogourmet,12500000,2024-05-30
102994,Natalia María Rojas Moreno,Donkat,$3000000,2024/05/27 00:00:00
101378,Camila González Navarro,Donkat,10000000,2024-05-26
100149,,Avena en Hojuelas,3000000,2024-05-24
102759,"SAAB MORAN, Alex Nain",Avena en Hojuelas,2500000 COP,2024-05-01
102754,Gonzalo Mendoza García,Avena Quaker sin Gluten,,2024-05-29
100059,Paula Rojas Romero,Arena Unikat,20000000,2024-05-28
103501,Mahmoud Khaled Zahhar,,35000000 COP,05-19-2024
103226,Andrés Gómez Silva,Avena Quaker,2500000,2024-05-20
100529,,Unikat,12500000.00,08/05/2024
101817,Patricia Luis Valencia Ramírez,Donkan,12500000 COP,2024-05-11
103723,Laura González Vargas,Donkat,10000000,2024/05/11 00:00:00
103271,Tareck Zaidan El Aissami,Avena Molida,3000000.00,06/05/2024
100282,"MADURO MOROS, Nicolas",Donkan,1500000 COP,2024-05-04
101935,Jorge Ana Restrepo Díaz,Avena Molida,15000000 COP,2024/05/21 00:00:00
102887,Fernando Javier Castro Morales,Avena Molida,$2500000,2024/05/20 00:00:00
101808,Jorge Diana Sánchez Torres,Donkan,20000000,23.05.2024
101726,José Camila Pérez Pérez,Dogourmet,3000000 COP,02.05.2024
103416,Gonzalo María Gómez Rojas,Avena Quaker sin Gluten,4500000,
102409,Patricia Díaz Arias,Harina P.A.N. Amarilla,5000000,23.05.2024
103767,Carlos Diego Torres Díaz,Unikat,"$ 10,000,000",2024-05-08
102738,Ana Adriana Valencia Hernández,Unikat,2500000,2024-05-30
102408,Natalia Gómez López,Harina P.A.N. Blanca,"$ 1,500,000",05-07-2024
102643,Jong-Un Kim,Unikat,$12500000,10/05/2024
100988,,Avena Quaker sin Gluten,$5000000,2024-05-21
103358,Ismael Zambada Garcia,Donkat,7500000.00,05-25-2024
101215,Camilo García Jiménez,Arena Unikat,"$ 10,000,000",2024-05-11
100443,Sofía García Romero,Arena Unikat,12500000,22/05/2024
100051,Natalia Mateo Hernández Arias,Harina P.A.N. Blanca,35000000 COP,2024/05/30 00:00:00
103017,Mariana Felipe Vargas Navarro,Avena Quaker sin Gluten,15000000,2024-05-05
102999,Camila Andrés Hernández Pérez,Avena Quaker sin Gluten,7500000,05-30-2024
101624,Valentina Andrés Ortiz Mejía,Donkat,1500000,
102232,Sofía Jaramillo López,Harina P.A.N. Amarilla,"$ 4,500,000",2024-05-05
102614,Diana Castro Romero,Harina Pancho,$5000000,2024-05-22
100134,Rafael Caro-Quintero,Harina P.A.N. Amarilla,"$ 35,000,000",2024-05-30
102772,Andrés Juan Ospina Restrepo,Dogourmet,35000000.00,2024-05-11
101916,"AL-ASSAD, Bashar",Avena en Hojuelas,"$ 4,500,000",2024-05-22
102071,Diego Juan Martínez Valencia,Harina Pancho,5000000,2024/05/14 00:00:00
102785,Ricardo Jorge Restrepo Gómez,Avena Molida,35000000,
103708,Rafael Caro-Quintero,Arena Unikat,1500000.00,05-11-2024
101544,Lucía Jaramillo Vargas,Donkat,"$ 20,000,000",
101003,Felipe Díaz Mejía,Dogourmet,"$ 5,000,000",29/05/2024
100724,Santiago Ana Rojas Ospina,Avena Quaker,"$ 35,000,000",05-09-2024
100410,Lucía Laura López Moreno,Avena Quaker sin Gluten,"$ 20,000,000",2024-05-13
103563,"AL-ZAZA, Ziad",Avena en Hojuelas,10000000,27/05/2024
101026,Camilo Javier Díaz Rojas,Avena Molida,$5000000,2024-05-25
101708,Natalia Restrepo Hernández,Harina P.A.N. Amarilla,"$ 4,500,000",2024-05-09
102230,Juliana Gutiérrez González,Avena Quaker,15000000,05-13-2024
101723,Bashar Al Assad,Avena Molida,$2500000,21.05.2024
103178,Verónica Gabriel Gómez Pérez,Dogourmet,3000000,2024-05-26
100024,Laura Natalia Vargas Rodríguez,Dogourmet,3000000,04/05/2024
100992,Tareck Zaidan El Aissami,Donkat,"$ 35,000,000",05-07-2024
101986,Carlos Camila Pérez Díaz,Harina P.A.N. Blanca,3000000,05-18-2024
102549,Camila Sánchez Vargas,Donkan,20000000,2024/05/28 00:00:00
101990,HEZBOLLAH,Dogourmet,7500000,05-19-2024
102827,"ABU TEIR, Mohammed",Harina P.A.N. Amarilla,35000000.00,25.05.2024
103481,Daniela Sofía Vargas Mendoza,Avena Quaker sin Gluten,15000000,07.05.2024
101166,,,12500000,2024-05-20
101976,,Harina Pancho,15000000 COP,
101159,María Camilo Gómez Castro,Dogourmet,20000000.00,06.05.2024
102728,Ziad Al Zaza,Dogourmet,1500000,
100568,Camila García Ortiz,Dogourmet,7500000,15/05/2024
100404,María José Ortiz Sánchez,Donkat,12500000.00,2024-05-24
102783,Sofía Suárez Mejía,Harina P.A.N. Blanca,"$ 2,500,000",03/05/2024
102448,Diana Diego Arias Ramírez,Harina P.A.N. Blanca,3000000,
103193,Patricia Lucía Valencia Ortiz,Harina P.A.N. Blanca,3000000,05-20-2024
100854,"TREVIÑO MORALES, Miguel Angel",Dogourmet,1500000,2024-05-22
102722,Luis Claudia García Martínez,Donkan,1500000,2024-05-26
102004,Adriana Mendoza Arias,Unikat,1500000,16/05/2024
100097,Verónica Gómez Ortiz,Dogourmet,12500000,2024-05-22
100951,"LUKASHENKO, Aleksandr",Donkan,"$ 7,500,000",2024-05-01
102969,Mariana Valencia Gutiérrez,Harina Pancho,15000000,2024-05-01
100368,Gabriel Romero González,Harina Pancho,$2500000,2024-05-09
100120,Daniela Luis López Romero,Harina Pancho,5000000,2024-05-11
101887,Claudia Javier García Pérez,,,
102583,Mariana Adriana Navarro Castro,Dogourmet,2500000,31.05.2024
102224,Ana Juan Silva Silva,Dogourmet,,2024/05/18 00:00:00
102861,Ana Laura Rojas Jiménez,Donkat,"$ 12,500,000",13/05/2024
102312,Luis Alejandro Ramírez Rojas,Donkat,1500000,05-02-2024
103563,Mariana Alejandro García Jaramillo,Unikat,1500000,05-05-2024
101851,Patricia Paula Ortiz Silva,Avena en Hojuelas,3000000,2024-05-22
102179,Felipe Moreno Vargas,Avena Quaker sin Gluten,15000000.00,16.05.2024
100880,Adriana Diego Díaz Castro,Dogourmet,"$ 7,500,000",05-29-2024
100122,"GUZMAN LOERA, Joaquin",Avena Molida,4500000.00,05-13-2024
103136,Ismael Zambada Garcia,Donkat,5000000.00,2024-05-09
100536,Jorge Navarro Moreno,Arena Unikat,4500000.00,18.05.2024
101365,Diego Felipe Jaramillo Gutiérrez,Avena Quaker,$4500000,2024-05-29
101737,Santiago González Arias,Avena Quaker,4500000,2024-05-02
101046,Andrés Navarro Castro,Arena Unikat,7500000,28/05/2024
101492,Camilo Camila Morales Castro,Unikat,1500000,09/05/2024
103568,Diana Ricardo Morales Rojas,Avena Quaker sin Gluten,3000000,04/05/2024
102627,Patricia Jiménez Jaramillo,Avena Quaker sin Gluten,"$ 3,000,000",05-03-2024
100973,Ricardo Silva Suárez,Avena en Hojuelas,$2500000,2024-05-03
101118,HAMAS,Unikat,35000000.00,2024-05-29
101037,Camila Adriana Valencia Vargas,Unikat,4500000,2024/05/21 00:00:00
100982,Verónica Sánchez Romero,Harina P.A.N. Blanca,,2024-05-26
103618,,Avena Molida,3000000 COP,2024-05-29
103031,Diego Santiago Chávez Hernández,Avena Quaker,2500000,2024-05-17
100688,Ricardo Gabriel Jaramillo Suárez,Avena Quaker sin Gluten,"$ 4,500,000",05-27-2024
100467,Mateo Arias Suárez,Arena Unikat,1500000,05-28-2024
102125,Mariana Laura Torres García,Unikat,20000000 COP,2024-05-21
100342,Lucía Rojas Valencia,Donkan,20000000,2024/05/04 00:00:00
100180,Andrés Valentina Pérez Arias,Harina P.A.N. Blanca,"$ 5,000,000",2024/05/06 00:00:00
100462,Juliana Adriana Ortiz Ramírez,Harina Pancho,1500000.00,2024-05-29
102533,Fernando López Ospina,Donkat,10000000.00,05-27-2024
102651,Adriana Santiago López Martínez,,5000000,2024-05-27
101010,Carlos Jorge Mejía Díaz,Arena Unikat,15000000 COP,03.05.2024
101871,Natalia Hernández Rojas,Donkan,35000000,2024-05-14
100117,,Donkan,7500000,19/05/2024
101779,Juliana Sofía Suárez Valencia,Harina P.A.N. Blanca,12500000,2024-05-21
100018,Sofía Juliana González Hernández,Avena Quaker sin Gluten,4500000.00,2024-05-08
102535,Juan Camilo Moreno Arias,Dogourmet,10000000,2024/05/01 00:00:00
100070,Paula Ospina Navarro,Unikat,$7500000,2024-05-26
101191,"LUKASHENKO, Aleksandr",Harina Pancho,10000000,05/05/2024
103500,Fernando Camilo Rodríguez Ramírez,Avena Quaker sin Gluten,7500000.00,02/05/2024
101377,Jorge Romero Gutiérrez,Harina Pancho,,16.05.2024
103773,Alejandro Valencia Arias,Dogourmet,"$ 7,500,000",11/05/2024
102294,Joaquin Guzman Loera 'El Chapo',Arena Unikat,"$ 7,500,000",2024-05-24
101355,"CABELLO RONDON, Diosdado",Arena Unikat,$15000000,14/05/2024
103165,Ana Mejía Hernández,Harina Pancho,$3000000,19.05.2024
100856,Claudia Lucía Hernández Díaz,Avena Molida,10000000,2024/05/22 00:00:00
101102,Ana Ortiz Jiménez,Harina P.A.N. Blanca,12500000,2024-05-18
102926,,,3000000,
102896,,Avena Quaker,35000000 COP,28/05/2024
100288,Alejandro Mendoza Arias,Avena Quaker sin Gluten,"$ 3,000,000",2024-05-24
103238,Adriana Rodríguez Navarro,Avena Quaker,,2024-05-14
102135,Verónica Valentina Valencia Torres,Harina Pancho,35000000,2024/05/12 00:00:00
100419,Valentina Adriana López Mendoza,Arena Unikat,20000000,03.05.2024
102066,Ana Valentina Ortiz Martínez,Donkan,5000000,05-17-2024
100222,Jong-Un Kim,Dogourmet,"$ 3,000,000",05-21-2024
101930,Alex Nain Saab Moran,Avena en Hojuelas,15000000,05-06-2024
100984,"PURI, Genaro",Donkat,"$ 12,500,000",2024/05/24 00:00:00
101401,Diego Diego Gutiérrez Arias,Unikat,10000000,2024-05-12
103301,Ana Sánchez Jiménez,Arena Unikat,5000000,25.05.2024
100572,"ZAHHAR, Mahmoud Khaled",Donkat,20000000,11/05/2024
102201,Mahmoud Khaled Zahhar,Avena Molida,3000000,2024-05-08
102682,José García Silva,Avena en Hojuelas,7500000,2024-05-26
101025,"AL-ZAZA, Ziad",Harina P.A.N. Blanca,10000000,26/05/2024
101252,Fernando Gonzalo Sánchez Silva,Avena en Hojuelas,12500000,2024/05/04 00:00:00
101856,Mateo Gabriel Chávez Ramírez,Arena Unikat,20000000,2024-05-02
100687,Lucía Javier Díaz Moreno,Dogourmet,1500000,24.05.2024
100658,Adriana Diego Ospina Sánchez,Donkan,15000000,09/05/2024
101573,José Ricardo Moreno Pérez,Dogourmet,,03.05.2024
101222,Claudia Navarro Mendoza,Donkat,"$ 5,000,000",2024-05-05
101241,Juan Romero Díaz,Harina Pancho,15000000,18/05/2024
102453,Carlos Adriana Jaramillo Mejía,Dogourmet,"$ 7,500,000",2024/05/04 00:00:00
100586,Mariana Jorge Restrepo Mejía,Dogourmet,7500000 COP,2024-05-24
101890,Juan Silva García,Unikat,$1500000,2024-05-16
101694,Lucía Gutiérrez González,Harina P.A.N. Amarilla,"$ 4,500,000",01.05.2024
101433,Andrés José Suárez Rojas,,$7500000,2024-05-16
102006,Adriana Valentina Ramírez Navarro,Dogourmet,15000000,
101468,Lucía Esteban García Moreno,Arena Unikat,12500000,11/05/2024
102292,Mateo Arias Arias,Avena Molida,5000000 COP,2024-05-19
101399,Gabriel Arias Gómez,,7500000,23/05/2024
100769,Luis Jiménez Arias,Harina Pancho,3000000,2024/05/12 00:00:00
102430,,Harina Pancho,2500000 COP,21.05.2024
102266,Mariana Ricardo Suárez Mejía,Avena Quaker sin Gluten,15000000,25.05.2024
100239,Mateo José Restrepo Ortiz,Donkan,3000000,2024-05-02
100739,Diosdado Cabello Rondon,,"$ 20,000,000",2024-05-14
100549,China Aerospace Science & Tech Corp,Unikat,5000000,30.05.2024
101599,"KIM, Jong Un",Avena Quaker,"$ 2,500,000",05-03-2024
102733,Lucía Rodríguez Romero,Donkan,$4500000,01/05/2024
100049,Tareck Zaidan El Aissami,Donkat,4500000,2024-05-16
103138,Verónica Esteban Mendoza Díaz,,15000000,2024-05-03
101920,Carlos María Morales Díaz,Avena Quaker,1500000,2024-05-05
103064,Mariana Suárez Morales,Donkan,"$ 3,000,000",
100994,José Torres Gómez,,"$ 1,500,000",2024/05/14 00:00:00
102302,Alejandro Mateo Ramírez García,Donkan,4500000 COP,05-31-2024
100384,CHINA AEROSPACE SCIENCE AND TECHNOLOGY CORPORATION,Dogourmet,3000000.00,03/05/2024
101576,Juan Sofía Navarro Restrepo,Donkat,4500000,2024/05/24 00:00:00
103477,Camila Gabriel Díaz Arias,Donkan,20000000.00,2024-05-11
102503,Bashar Al Assad,Harina P.A.N. Blanca,"$ 3,000,000",2024-05-20
102729,Jorge Sofía Moreno Castro,Arena Unikat,"$ 2,500,000",05.05.2024
101849,Andrés Mariana Jiménez Arias,Harina P.A.N. Amarilla,20000000.00,02.05.2024
102275,Gabriel Navarro Ospina,Harina P.A.N. Blanca,"$ 12,500,000",05.05.2024
102050,Alejandro Mendoza García,Donkan,"$ 3,000,000",2024/05/20 00:00:00
103724,Diosdado Cabello Rondon,Harina P.A.N. Blanca,2500000,
101638,Mateo Pérez Gutiérrez,Arena Unikat,2500000,12/05/2024
100444,Andrés Santiago Ramírez Suárez,,35000000,09.05.2024
102377,Juan Andrés Silva Chávez,Avena Quaker sin Gluten,"$ 4,500,000",24.05.2024
102956,Gonzalo Mateo Navarro García,Avena Quaker,15000000.00,2024-05-14
102950,María José Romero Moreno,Donkat,12500000.00,2024/05/05 00:00:00
103783,Natalia Valentina Suárez Gómez,Harina P.A.N. Amarilla,"$ 20,000,000",2024-05-03
101678,Mateo Hernández Ortiz,Harina P.A.N. Blanca,15000000,2024/05/02 00:00:00
102255,Carlos Juan Ortiz Morales,Avena en Hojuelas,2500000 COP,
100900,Lucía Jaramillo Restrepo,Unikat,3000000 COP,05-07-2024
102061,Joaquin Guzman Loera 'El Chapo',Avena Quaker,10000000,2024-05-16
103299,Carlos Hernández Mejía,,4500000.00,16/05/2024
101607,,Avena Quaker sin Gluten,20000000,31.05.2024
102943,Lucía Juliana Mejía Gutiérrez,Dogourmet,"$ 1,500,000",2024/05/17 00:00:00
100869,Diana Díaz Jiménez,Harina P.A.N. Amarilla,3000000 COP,2024-05-26
103184,Mateo Rojas Mejía,Avena en Hojuelas,"$ 1,500,000",2024-05-19
103479,"ABU TEIR, Mohammed",Harina P.A.N. Amarilla,5000000,2024-05-27
103641,Carlos García Martínez,Harina P.A.N. Blanca,12500000,2024/05/17 00:00:00
101159,Mariana Jorge Silva Mejía,Avena Quaker,"$ 10,000,000",
100439,María Claudia González Morales,Avena Molida,15000000,19/05/2024
100587,"SAAB MORAN, Alex Nain",,4500000 COP,2024-05-12
100424,Juliana Camila Moreno García,Harina P.A.N. Amarilla,"$ 20,000,000",07.05.2024
103382,Carlos Santiago Mendoza García,Harina Pancho,7500000.00,05-20-2024
102284,María Jorge Ramírez Gutiérrez,Avena en Hojuelas,"$ 12,500,000",15/05/2024
103662,Daniela Camilo Hernández García,Avena Quaker,5000000,05-07-2024
101188,Javier Juliana Ospina Mendoza,Dogourmet,,2024-05-17
100659,Alex Nain Saab Moran,Arena Unikat,"$ 20,000,000",05-21-2024
100992,Mariana Camila Suárez Suárez,Avena en Hojuelas,$3000000,2024-05-16
103378,José Diana Ortiz Ortiz,Harina P.A.N. Amarilla,$2500000,17/05/2024
102428,Mariana Mariana Mejía García,Harina Pancho,35000000.00,2024-05-20
100241,"SAAB MORAN, Alex Nain",Harina Pancho,15000000 COP,2024-05-15
102783,María Vargas Gutiérrez,Harina P.A.N. Blanca,4500000,13/05/2024
102713,Diana Santiago Rojas Jaramillo,,10000000,2024/05/25 00:00:00
101154,"AL-ZAZA, Ziad",Avena Molida,10000000,05-09-2024
101295,"ZAMBADA GARCIA, Ismael",Avena Quaker,12500000,06/05/2024
100571,Ricardo Camilo Torres Hernández,Arena Unikat,"$ 10,000,000",05-31-2024
103354,Diana Natalia González González,Harina P.A.N. Amarilla,"$ 7,500,000",2024/05/16 00:00:00
101752,Juliana Luis Hernández Ospina,Avena Quaker sin Gluten,10000000,05-02-2024
103075,HAMAS,Avena en Hojuelas,1500000 COP,2024-05-18
101325,Luis Jorge Chávez Restrepo,Arena Unikat,1500000,2024-05-16
101543,Ana Silva Moreno,Avena Quaker,$4500000,25/05/2024
102554,Ismael Zambada Garcia,Donkan,3000000,11/05/2024
101648,Gonzalo Alejandro Jaramillo Ramírez,Avena Quaker,15000000.00,
101546,Claudia Felipe Ospina Pérez,Harina P.A.N. Amarilla,35000000.00,22/05/2024
102375,Ziad Al Zaza,Unikat,5000000,24.05.2024
102668,Sofía Juan Morales Moreno,Avena Quaker sin Gluten,,15.05.2024
100732,Mateo Valentina Sánchez Torres,Arena Unikat,20000000 COP,03.05.2024
103551,Camila Jorge Ramírez Gómez,Donkat,3000000,05-22-2024
101507,,Avena Quaker sin Gluten,$2500000,2024-05-20
103136,Camilo Gabriel Pérez Chávez,Harina P.A.N. Blanca,$1500000,12/05/2024
102068,,Harina Pancho,10000000,05-11-2024
101475,Carlos Valencia Suárez,Unikat,2500000,26/05/2024
100244,Andrés Torres Romero,Avena en Hojuelas,10000000,18/05/2024
101795,Daniela Morales Silva,Donkat,"$ 1,500,000",17.05.2024
102229,Camila Díaz Romero,Unikat,3000000.00,05-26-2024
100319,Diego Sofía Navarro Morales,Donkat,4500000,05-28-2024
100965,Laura Esteban Torres Gómez,Avena Quaker,10000000,02/05/2024
101774,Verónica Pérez Pérez,Avena Quaker,$5000000,2024-05-23
102921,María González Martínez,Arena Unikat,2500000,08.05.2024
100296,Felipe Natalia Hernández Silva,,,11/05/2024
103128,Daniela Moreno García,Harina P.A.N. Amarilla,35000000,10/05/2024
102994,"AL-ZAZA, Ziad",Donkat,"$ 1,500,000",
101811,Carlos Rodríguez González,Avena Quaker sin Gluten,"$ 20,000,000",07/05/2024
101136,,Harina P.A.N. Amarilla,1500000,21/05/2024
101763,Gonzalo Jorge Torres García,Donkan,,05-30-2024
103171,Tareck Zaidan El Aissami,Avena en Hojuelas,,09.05.2024
103096,Carlos Luis Gómez Ospina,Harina Pancho,20000000.00,
101820,Juan Juan Restrepo Restrepo,Harina P.A.N. Amarilla,5000000.00,2024/05/08 00:00:00
102354,Diana José Chávez Ospina,Donkan,7500000,2024-05-26
100023,Santiago Vargas Díaz,Harina Pancho,15000000 COP,29/05/2024
100453,Camila Moreno Ramírez,Unikat,10000000.00,2024/05/04 00:00:00
100680,Jong-Un Kim,Donkan,$1500000,2024-05-25
103634,Andrés García Ortiz,Avena Molida,5000000,08.05.2024
101026,Santiago Díaz Mejía,Avena Molida,$10000000,2024/05/26 00:00:00
101973,Adriana Fernando Martínez Ortiz,Dogourmet,10000000,05-07-2024
100920,Felipe Paula Rodríguez Castro,Harina P.A.N. Blanca,15000000,09.05.2024
103326,Mateo Andrés López Hernández,Harina P.A.N. Blanca,7500000 COP,
103425,Adriana Laura Jiménez Rodríguez,Donkan,2500000.00,2024-05-30
101036,Laura Martínez Jaramillo,Avena Quaker sin Gluten,5000000,2024-05-23
101931,"AL-SHANTI, Jamileh Abdullah",Harina P.A.N. Amarilla,12500000 COP,28.05.2024
101460,"GUZMAN LOERA, Joaquin",Donkat,"$ 15,000,000",05-17-2024
101961,Camilo Mejía Morales,Avena Quaker sin Gluten,5000000.00,13/05/2024
100897,"MADURO MOROS, Nicolas",Donkat,"$ 10,000,000",2024-05-25
102286,,Harina P.A.N. Amarilla,15000000,14/05/2024
101456,Nicolas Maduro Moros,Harina Pancho,"$ 15,000,000",
102379,"EL AISSAMI MADDAH, Tareck Zaidan",Avena Quaker,7500000,2024-05-01
102825,Alejandro Mariana Romero Ramírez,Donkat,10000000.00,05-31-2024
101750,CHINA AEROSPACE SCIENCE AND TECHNOLOGY CORPORATION,Avena Quaker,10000000,03/05/2024
101017,,Donkan,4500000,2024-05-29
100856,Adriana Ortiz Gómez,Avena Molida,7500000,2024-05-12
100740,Esteban Moreno Castro,,$15000000,2024-05-29
103423,Juan Chávez Mejía,Arena Unikat,5000000,2024-05-11
102358,Mariana María Rojas López,Donkat,12500000.00,2024-05-20
100954,Daniela Alejandro Jaramillo Valencia,Avena Molida,10000000,2024-05-30
100086,Joaquin Guzman Loera 'El Chapo',Donkan,12500000,29/05/2024
103319,Laura Camilo Rodríguez Mendoza,Harina P.A.N. Amarilla,35000000,2024-05-29
103297,,Harina P.A.N. Amarilla,35000000.00,26/05/2024
101311,,Avena en Hojuelas,12500000,2024-05-14
102277,Diana Jiménez Valencia,Arena Unikat,10000000,2024-05-30
103314,Miguel A. Treviño Morales,Unikat,3000000.00,05-03-2024
100680,,Unikat,15000000.00,28/05/2024
100105,Santiago García Navarro,,,05-24-2024
100252,,Arena Unikat,5000000,29/05/2024
101509,"TREVIÑO MORALES, Miguel Angel",Avena Molida,10000000 COP,01/05/2024
103418,"SANCHEZ CEREN, Salvador",Avena Quaker sin Gluten,5000000.00,
100148,,Unikat,7500000,2024-05-05
103176,Diana Restrepo Silva,Harina P.A.N. Blanca,"$ 12,500,000",20/05/2024
100630,Camilo Camila Jiménez Silva,Unikat,"$ 4,500,000",2024/05/09 00:00:00
102824,Felipe Natalia Sánchez Jaramillo,Avena Quaker,10000000,2024/05/27 00:00:00
102731,Mariana Natalia Ospina Gutiérrez,Unikat,2500000 COP,27.05.2024
101452,Nicolas Maduro Moros,Dogourmet,20000000,05-14-2024
103145,Diana Valentina Navarro Gómez,Dogourmet,2500000,2024-05-30
103787,"ZAHHAR, Mahmoud Khaled",Harina Pancho,7500000,2024-05-26
101904,Valentina Mateo Navarro Mejía,Donkan,3000000,01/05/2024
101761,Mariana Diego González Valencia,Avena Quaker,7500000,28.05.2024
100862,Diego Rodríguez Mendoza,Avena en Hojuelas,15000000.00,2024/05/16 00:00:00
100141,,Harina Pancho,,2024-05-31
101117,Jorge Gonzalo Silva Arias,Unikat,3000000,
102793,Diego Adriana Díaz López,Avena Quaker,10000000.00,05-13-2024
100134,"CARO QUINTERO, Rafael",Dogourmet,3000000,2024-05-03
103566,"SANCHEZ CEREN, Salvador",Unikat,4500000,2024-05-05
101783,Ana Lucía Suárez Valencia,Donkat,7500000,2024-05-01
102315,Camila Sánchez Arias,,4500000,2024-05-23
102269,Lucía Diego Gómez Romero,Harina P.A.N. Amarilla,4500000 COP,2024-05-17
103177,Jorge Ortiz Suárez,Unikat,,05-30-2024
101674,Paula Romero Ramírez,Harina P.A.N. Amarilla,7500000,2024-05-15
102551,Natalia Carlos Romero Díaz,Donkan,1500000.00,18/05/2024
102759,Fernando Castro Jiménez,Avena Molida,$20000000,05-31-2024
103580,Camila Gonzalo Navarro Torres,Donkat,4500000,2024-05-01
101976,Alejandro Luis Romero Pérez,Avena Molida,"$ 12,500,000",
100274,Javier Patricia Jiménez Morales,Harina Pancho,$12500000,09.05.2024
101733,,Arena Unikat,3000000,2024-05-31
101310,Esteban Suárez García,Harina Pancho,"$ 10,000,000",2024-05-08
103698,Joaquin Guzman Loera 'El Chapo',Unikat,"$ 1,500,000",
102387,Laura González Díaz,Arena Unikat,12500000,18/05/2024
102462,"AL-ASSAD, Bashar",Dogourmet,5000000,25.05.2024
103088,Diana Esteban Sánchez Mejía,Avena Molida,4500000,01/05/2024
102219,"LUKASHENKO, Aleksandr",Avena Molida,$20000000,2024/05/11 00:00:00
100065,Adriana Sánchez Rojas,Avena Quaker,4500000,2024-05-27
102908,Diana Ana Jiménez Suárez,Avena Quaker,7500000 COP,17.05.2024
100398,María Laura Gutiérrez García,Donkat,10000000.00,2024-05-14
100658,Jamileh Abdullah Al-Shanti,Avena Quaker sin Gluten,10000000 COP,27/05/2024
101624,Adriana Moreno Castro,Harina Pancho,1500000,2024-05-26
101592,Patricia Gonzalo García Vargas,Harina P.A.N. Blanca,20000000,2024-05-08
102029,Patricia Natalia Arias Moreno,Arena Unikat,"$ 2,500,000",13/05/2024
102353,Adriana Sofía Rodríguez Mendoza,Avena Molida,$7500000,2024-05-10
101108,Esteban González Navarro,Donkan,1500000.00,2024/05/05 00:00:00
103469,,Avena Quaker,1500000,2024/05/05 00:00:00
101692,,Harina P.A.N. Amarilla,"$ 4,500,000",19/05/2024
102064,Natalia Gonzalo Navarro Sánchez,Arena Unikat,"$ 1,500,000",28/05/2024
101111,Ricardo María Ortiz Romero,Dogourmet,$5000000,05-22-2024
100062,Paula Adriana Sánchez Vargas,,20000000,05-13-2024
103318,Jong-Un Kim,Harina Pancho,12500000,
101394,Gabriel Vargas Jaramillo,Avena Quaker,5000000,05-07-2024
103707,Paula Javier López Díaz,Harina Pancho,15000000,
101722,"ABU TEIR, Mohammed",Harina Pancho,,2024/05/28 00:00:00
102705,Ziad Al Zaza,,5000000,08.05.2024
102544,Claudia Mendoza Gutiérrez,Harina P.A.N. Amarilla,"$ 1,500,000",2024/05/06 00:00:00
103509,Diana Lucía Restrepo Ospina,Avena Molida,35000000,14/05/2024
100325,Patricia Andrés Martínez González,Dogourmet,1500000,2024-05-18
103245,Diego Camila Navarro Rodríguez,Harina P.A.N. Amarilla,35000000.00,16.05.2024
100545,Paula Valentina Mendoza Torres,Donkan,4500000.00,05-31-2024
101474,Nicolas Maduro Moros,Unikat,12500000,06/05/2024
102696,Mariana Ana Díaz González,Avena en Hojuelas,$15000000,2024-05-06
102912,Fernando Lucía López Ortiz,Donkat,4500000.00,19.05.2024
103323,Juliana Adriana Silva Vargas,Harina P.A.N. Blanca,,2024/05/11 00:00:00
103083,Gabriel Silva Valencia,Unikat,$1500000,19.05.2024
100535,Gabriel Camila Jiménez Gutiérrez,Dogourmet,35000000,
103056,Mateo Javier Mendoza Arias,Unikat,35000000,22.05.2024
103576,Camilo Sofía Arias Pérez,Avena Quaker,20000000,2024-05-23
103065,Andrés Luis Sánchez Jiménez,Unikat,3000000,2024-05-21
101996,José Diego Morales Mejía,Avena Molida,10000000,2024-05-22
102781,Daniela Paula Mendoza Mejía,Unikat,20000000,05-16-2024
103231,Andrés Sánchez Rodríguez,Harina P.A.N. Blanca,"$ 2,500,000",06/05/2024
100351,Mateo Esteban Vargas Hernández,Donkan,12500000,2024-05-11
102590,María Esteban Valencia González,Arena Unikat,35000000 COP,05-01-2024
102585,"GUZMAN LOERA, Joaquin",Donkan,"$ 15,000,000",2024-05-29
101981,Diosdado Cabello Rondon,Dogourmet,35000000,
103342,Lucía Ramírez Silva,Avena en Hojuelas,,2024/05/31 00:00:00
102401,CHINA AEROSPACE SCIENCE AND TECHNOLOGY CORPORATION,Unikat,"$ 3,000,000",2024-05-03
100842,Joaquin Guzman Loera 'El Chapo',Avena Quaker,7500000,14/05/2024
101589,Javier Sofía Chávez Ramírez,Donkan,$15000000,2024-05-11
101051,Carlos Valencia Pérez,Harina P.A.N. Blanca,12500000 COP,05-03-2024
102704,Camila Juan Arias Pérez,,20000000,2024-05-27
100620,Mateo Verónica Rojas Jaramillo,Arena Unikat,2500000,2024/05/25 00:00:00
103205,Jorge Restrepo Gutiérrez,Arena Unikat,1500000,12.05.2024
102980,Natalia Natalia Hernández Valencia,Arena Unikat,10000000,11.05.2024
102672,José Verónica Vargas Ortiz,Avena Molida,,27/05/2024
100361,Mateo Luis Vargas Suárez,Avena Quaker sin Gluten,"$ 20,000,000",05-26-2024
103525,Gabriel Navarro Vargas,Unikat,7500000,
103640,María Luis Jiménez Navarro,,4500000 COP,05-02-2024
102912,Nicolas Maduro Moros,Harina P.A.N. Amarilla,1500000,03/05/2024
101893,"LUKASHENKO, Aleksandr",Arena Unikat,35000000,10.05.2024
103578,,Arena Unikat,"$ 12,500,000",05-22-2024
102378,Natalia Javier Díaz Hernández,Arena Unikat,15000000,15/05/2024
101221,,Avena en Hojuelas,20000000.00,2024-05-25
102840,"CABELLO RONDON, Diosdado",Avena Molida,20000000,05-25-2024
102882,"ZAMBADA GARCIA, Ismael",Avena en Hojuelas,3000000 COP,31/05/2024
102350,"MADURO MOROS, Nicolas",Avena Quaker,"$ 4,500,000",2024-05-27
101723,Esteban Valentina Jaramillo Chávez,Harina P.A.N. Blanca,3000000,14.05.2024
100342,Fernando Mejía Jaramillo,Arena Unikat,"$ 3,000,000",03/05/2024
100258,Rafael Caro-Quintero,Arena Unikat,20000000,14.05.2024
100901,Natalia Díaz Torres,Arena Unikat,7500000,
103210,Verónica Lucía Castro Gómez,Dogourmet,"$ 3,000,000",18.05.2024
102159,Jorge Paula Torres Valencia,Avena Molida,12500000,2024/05/24 00:00:00
102155,Mateo Díaz Arias,Dogourmet,$5000000,2024-05-16
103673,Natalia Ospina Torres,,4500000,2024/05/01 00:00:00
101447,"AL-ASSAD, Bashar",Arena Unikat,35000000,2024-05-18
103060,Gonzalo Ricardo Moreno Rodríguez,Dogourmet,7500000.00,2024-05-21
102435,Laura Arias Mejía,Unikat,5000000,2024-05-14
101543,Jong-Un Kim,Avena Quaker,"$ 10,000,000",10/05/2024
101132,Jorge Valencia Valencia,Arena Unikat,20000000,2024-05-08
102056,Felipe Restrepo Díaz,Harina P.A.N. Amarilla,20000000 COP,2024-05-12
100846,Ismael Zambada Garcia,Avena en Hojuelas,35000000,2024/05/10 00:00:00
100472,"CABELLO RONDON, Diosdado",Avena Molida,5000000,05-30-2024
100671,Andrés Juan Jaramillo Restrepo,Avena Molida,2500000,05-31-2024
102484,Mateo Hernández Sánchez,Avena en Hojuelas,2500000,10/05/2024
102146,Daniela Sofía Valencia Moreno,Unikat,5000000.00,05-20-2024
101074,Natalia Gabriel Sánchez Chávez,Avena Quaker sin Gluten,20000000 COP,2024/05/03 00:00:00
100741,Miguel A. Treviño Morales,Donkan,12500000,16/05/2024
100325,Diosdado Cabello Rondon,Harina Pancho,4500000.00,17/05/2024
101529,Luis José Jaramillo Jiménez,Unikat,$20000000,18.05.2024
103334,Diosdado Cabello Rondon,Avena Molida,1500000.00,2024/05/01 00:00:00
101794,,Avena Quaker,10000000,2024-05-12
101189,Luis Claudia Silva Vargas,Donkat,$3000000,2024/05/24 00:00:00
100771,"MADURO MOROS, Nicolas",Avena Molida,4500000,2024/05/29 00:00:00
103593,Mateo Castro Romero,Avena Quaker,,2024-05-16
102063,,Harina Pancho,2500000.00,2024-05-30
103187,Verónica Gonzalo Jaramillo Torres,Arena Unikat,12500000 COP,
102379,Ana Javier Ospina Ortiz,Dogourmet,"$ 15,000,000",28/05/2024
100045,Juan Verónica Hernández Jiménez,Harina P.A.N. Blanca,35000000.00,2024/05/09 00:00:00
102810,Mariana Esteban Díaz Rodríguez,Harina P.A.N. Amarilla,1500000 COP,2024-05-20
101657,Nicolas Maduro Moros,Donkan,3000000,2024-05-06
103022,Juan Silva Pérez,Donkan,10000000,03/05/2024
102935,,Avena Molida,15000000,2024/05/02 00:00:00
103132,Ricardo Jiménez Hernández,Avena Quaker,$15000000,2024-05-12
100136,Javier Morales Romero,Unikat,1500000,2024-05-26
101701,,Unikat,3000000,05/05/2024
103543,Gabriel Juan Vargas Jaramillo,Avena en Hojuelas,7500000,2024/05/19 00:00:00
100345,Felipe Díaz Silva,Avena Quaker,12500000,2024-05-08
100136,Valentina Camilo Romero Morales,Donkat,15000000,30/05/2024
101814,Lucía Camilo Sánchez Restrepo,Harina Pancho,4500000.00,2024-05-14
101838,Esteban Natalia Moreno Moreno,Avena Quaker,7500000,2024-05-26
101202,Mariana Andrés Moreno Gómez,Harina P.A.N. Blanca,3000000,27.05.2024
102165,Adriana Juan Hernández Hernández,Unikat,3000000,16/05/2024
101180,,Harina P.A.N. Amarilla,"$ 1,500,000",
100056,Ricardo Diana Navarro Suárez,Avena en Hojuelas,35000000,05-25-2024
102601,"TREVIÑO MORALES, Miguel Angel",Donkan,35000000,2024-05-14
100172,Juan Mariana Moreno López,Harina P.A.N. Blanca,5000000,2024-05-10
101663,Andrés Jaramillo Rodríguez,Avena Molida,"$ 20,000,000",05-30-2024
103027,Ricardo Alejandro Restrepo Moreno,Arena Unikat,$35000000,2024-05-31
101199,Esteban Morales Navarro,Unikat,$3000000,10/05/2024
101431,Laura Camilo Ortiz Gutiérrez,Harina P.A.N. Amarilla,$5000000,2024-05-22
102988,Mateo Gabriel López López,Harina P.A.N. Blanca,5000000,2024/05/19 00:00:00
102588,Juan Arias Mejía,Harina Pancho,7500000,05-01-2024
100301,Mariana Valencia Morales,Unikat,1500000 COP,2024/05/17 00:00:00
100941,Mateo Laura Ortiz Rodríguez,Dogourmet,15000000,2024-05-20
101494,China Aerospace Science & Tech Corp,Harina P.A.N. Blanca,,2024-05-11
100634,Felipe Ortiz Sánchez,Donkan,4500000,05/05/2024
102040,Mariana Díaz Moreno,Arena Unikat,35000000.00,
101909,Ana Adriana Valencia Sánchez,Avena Quaker,35000000,2024-05-25
101567,Lucía Rojas Vargas,Harina P.A.N. Amarilla,$5000000,2024-05-25
101363,HAMAS,Harina P.A.N. Blanca,5000000,04/05/2024
103025,Fernando Adriana Torres Arias,Avena Molida,"$ 5,000,000",2024-05-12
102436,Diana Diego López Chávez,Avena en Hojuelas,$12500000,2024-05-05
101819,Tareck Zaidan El Aissami,Avena Quaker,20000000,11.05.2024
101152,Camila Mateo Gómez Mejía,Dogourmet,35000000,2024-05-14
102841,,Harina P.A.N. Amarilla,4500000,2024-05-10
103347,Daniela Castro Torres,Donkat,,07/05/2024
101118,Natalia Gómez Moreno,Harina Pancho,35000000,2024/05/05 00:00:00
102651,Natalia Juliana Martínez Rojas,Avena en Hojuelas,"$ 3,000,000",2024-05-15
100770,"AL-ZAZA, Ziad",Avena Quaker,5000000,2024-05-22
101665,Verónica Laura Gutiérrez Torres,Unikat,3000000,2024-05-08
101779,,Avena Molida,7500000 COP,26/05/2024
103122,"ZAMBADA GARCIA, Ismael",Donkat,15000000 COP,21.05.2024
103225,Felipe Fernando Rojas Castro,Harina P.A.N. Amarilla,4500000,
100941,Esteban Patricia Gómez Jiménez,Donkat,35000000,05-15-2024
100130,Diosdado Cabello Rondon,Avena Quaker,2500000,29.05.2024
101238,Laura Carlos Jiménez Gutiérrez,Harina P.A.N. Blanca,4500000.00,2024-05-18
103258,Miguel A. Treviño Morales,Dogourmet,2500000.00,04/05/2024
102202,Carlos Restrepo Ramírez,Harina P.A.N. Blanca,$2500000,08/05/2024
101130,Natalia Luis Sánchez Moreno,Dogourmet,4500000.00,2024/05/18 00:00:00
102374,Gabriel Pérez Hernández,Harina P.A.N. Amarilla,"$ 1,500,000",25/05/2024
100244,Camila Suárez Moreno,Avena Quaker sin Gluten,10000000,05/05/2024
100592,Camila Ricardo Mejía Ramírez,Donkan,2500000.00,2024/05/18 00:00:00
102626,Jong-Un Kim,Harina P.A.N. Amarilla,4500000,31/05/2024
101184,"LUKASHENKO, Aleksandr",Harina P.A.N. Blanca,2500000,16.05.2024
102904,Verónica Juan Navarro Ramírez,Avena Molida,15000000,2024/05/19 00:00:00
101713,Paula Restrepo Navarro,Donkan,1500000 COP,07/05/2024
102282,,Dogourmet,3000000,02/05/2024
100220,Tareck Zaidan El Aissami,Avena en Hojuelas,35000000 COP,2024/05/03 00:00:00
100107,Juan Gómez Torres,Harina P.A.N. Blanca,$7500000,05-24-2024
101975,Mahmoud Khaled Zahhar,Harina P.A.N. Blanca,35000000,2024/05/21 00:00:00
100946,,Harina Pancho,12500000,2024/05/04 00:00:00
102354,Felipe Sofía Vargas Ramírez,Unikat,"$ 35,000,000",31.05.2024
102004,Diana Gutiérrez Mendoza,Donkan,5000000,03/05/2024
102236,Ricardo Rojas Ospina,Harina P.A.N. Blanca,1500000,21.05.2024
102452,Claudia Sofía Navarro Arias,Avena en Hojuelas,,12/05/2024
102210,Natalia Claudia Jiménez Gutiérrez,Unikat,7500000,28.05.2024
101817,María Ana Castro Sánchez,Harina Pancho,2500000.00,03.05.2024
100968,Adriana Castro Morales,Harina P.A.N. Amarilla,"$ 7,500,000",19/05/2024
100341,"ZAHHAR, Mahmoud Khaled",Avena Quaker sin Gluten,10000000,05-29-2024
101338,Tareck Zaidan El Aissami,Harina Pancho,$1500000,2024-05-14
100223,Ziad Al Zaza,Dogourmet,20000000,13.05.2024
101632,Ziad Al Zaza,Avena Quaker,4500000,
101947,Felipe Gómez García,Harina P.A.N. Amarilla,12500000,05-26-2024
100118,Patricia Sánchez Romero,Avena en Hojuelas,2500000.00,2024-05-23
100644,Alejandro Mariana Ortiz Moreno,Donkat,4500000,2024-05-12
100982,Gabriel Chávez Sánchez,Dogourmet,1500000,06.05.2024
101696,Daniela Laura Martínez Navarro,Donkan,,05-10-2024
100332,Natalia Mariana Valencia Mendoza,,5000000.00,12/05/2024
102843,Valentina Mejía Mejía,Dogourmet,7500000,2024-05-04
103340,Camilo Camilo Sánchez Navarro,Arena Unikat,$15000000,04/05/2024
100383,CHINA AEROSPACE SCIENCE AND TECHNOLOGY CORPORATION,Harina P.A.N. Amarilla,5000000,2024-05-09
101705,Adriana Romero Silva,Unikat,4500000,2024/05/22 00:00:00
102795,Javier Patricia Pérez Gómez,Donkat,10000000.00,
101041,Ana Javier Gómez Castro,Harina P.A.N. Blanca,2500000.00,2024-05-26
102663,José Daniela González Morales,,2500000,05/05/2024
100664,José Camilo Pérez Ospina,Harina P.A.N. Blanca,4500000 COP,05-16-2024
102333,Lucía Rodríguez García,Harina P.A.N. Amarilla,"$ 35,000,000",2024/05/21 00:00:00
102264,Fernando Esteban Martínez Valencia,Harina Pancho,5000000,2024/05/14 00:00:00
101240,Diosdado Cabello Rondon,Dogourmet,$2500000,2024/05/09 00:00:00
103725,Fernando Lucía Torres Rojas,Avena en Hojuelas,3000000,31.05.2024
101731,Fernando García Pérez,Avena en Hojuelas,5000000,08/05/2024
100975,Paula Jiménez Torres,Avena Quaker sin Gluten,10000000,2024-05-05
100403,Fernando Gonzalo Castro Ortiz,,5000000.00,2024-05-11
102644,"TREVIÑO MORALES, Miguel Angel",Avena Quaker sin Gluten,2500000,2024-05-29
102591,Laura Fernando Restrepo Gutiérrez,Harina P.A.N. Amarilla,35000000,16/05/2024
101854,María Juliana Restrepo Hernández,Arena Unikat,10000000,18.05.2024
102616,Carlos Hernández Rojas,,12500000,2024-05-16
101769,Jorge Jaramillo Gutiérrez,Avena Molida,12500000,22/05/2024
102726,Felipe Natalia Gutiérrez García,Arena Unikat,"$ 12,500,000",2024-05-11
102545,Sofía José Sánchez Hernández,Donkat,15000000.00,2024-05-15
101468,"SANCHEZ CEREN, Salvador",Harina Pancho,20000000,24.05.2024
102173,,Avena Quaker sin Gluten,"$ 12,500,000",13/05/2024
103035,"EL AISSAMI MADDAH, Tareck Zaidan",Avena Molida,20000000.00,2024-05-06
100144,Laura Moreno Rojas,Arena Unikat,$35000000,26/05/2024
102057,Adriana Juan Martínez Navarro,Avena Quaker,"$ 2,500,000",2024/05/05 00:00:00
103188,Diego Alejandro Ramírez Torres,Harina Pancho,4500000,
102126,Verónica Gómez Morales,Donkan,10000000,05-06-2024
102034,Patricia Rojas Vargas,Dogourmet,12500000,2024-05-07
102959,Verónica Camila González Silva,Harina Pancho,1500000.00,
100268,Javier Romero Ospina,Avena Molida,20000000,2024-05-11
103563,Alejandro Andrés Jiménez Ortiz,Dogourmet,$1500000,19/05/2024
102750,Verónica Jorge Navarro Mendoza,Harina Pancho,12500000,2024-05-19
101729,China Aerospace Science & Tech Corp,Dogourmet,2500000,2024-05-05
100207,Laura Luis Gutiérrez Morales,Harina P.A.N. Amarilla,1500000,07/05/2024
102362,,Avena Quaker sin Gluten,,2024-05-27
100742,Laura Ramírez Ramírez,Avena Quaker,,
103631,Miguel A. Treviño Morales,Arena Unikat,12500000,25.05.2024
101966,Ricardo González Gutiérrez,Harina P.A.N. Blanca,15000000 COP,2024/05/18 00:00:00
100457,Sofía Santiago Sánchez Ortiz,Donkat,15000000,05-13-2024
100305,Sofía Natalia González Ortiz,,15000000,05-23-2024
102662,Gabriel Valentina Valencia Rojas,Unikat,4500000.00,2024-05-04
102749,,Avena Quaker sin Gluten,20000000,2024-05-06
100063,Ricardo Mejía Gómez,Donkan,4500000 COP,05-11-2024
103191,Andrés Patricia González Sánchez,Avena en Hojuelas,"$ 1,500,000",2024-05-26
102986,Jorge Gonzalo Martínez Ramírez,Avena en Hojuelas,5000000,2024/05/19 00:00:00
100287,Alejandro Paula Ortiz Ospina,Donkan,"$ 10,000,000",2024-05-04
103161,Gabriel López Valencia,Harina P.A.N. Blanca,10000000,2024/05/22 00:00:00
100873,"AL-ZAZA, Ziad",Avena Quaker,2500000,2024/05/26 00:00:00
100104,José Alejandro Jiménez Ortiz,Avena Molida,4500000,2024-05-24
100943,Mahmoud Khaled Zahhar,Unikat,12500000.00,2024-05-15
100399,Verónica Sofía Rodríguez Arias,Avena en Hojuelas,20000000,2024/05/02 00:00:00
103303,Natalia María Jaramillo Torres,Harina P.A.N. Amarilla,10000000,09/05/2024
100998,Andrés Rojas Jaramillo,Harina Pancho,,2024-05-30
101575,Alejandro Juan Jiménez Ortiz,Unikat,,2024-05-05
102247,Santiago María Moreno Jaramillo,Dogourmet,20000000,2024-05-08
102210,Gonzalo González Arias,Arena Unikat,5000000,2024-05-14
100759,Juliana Mariana Chávez Mendoza,Harina P.A.N. Blanca,7500000,2024/05/30 00:00:00
101983,José Natalia Hernández Arias,Avena Quaker sin Gluten,1500000.00,2024-05-06
100293,Verónica Gabriel López Rodríguez,Avena Quaker,$5000000,2024-05-03
100213,,Donkat,35000000,2024-05-19
100022,Claudia Paula Silva Chávez,Harina P.A.N. Blanca,1500000,2024-05-10
102552,,,10000000.00,2024-05-07
100077,Mariana Romero Arias,Avena Quaker sin Gluten,15000000.00,2024/05/05 00:00:00
100340,Andrés Restrepo Martínez,Avena Quaker,15000000,05-16-2024
103246,José Diana Díaz González,Donkat,7500000,22/05/2024
101262,Diana Jiménez Rodríguez,Avena Quaker,2500000,01/05/2024
102800,Luis Patricia García Restrepo,Avena Quaker sin Gluten,12500000 COP,
103182,Daniela Laura López Ortiz,Harina Pancho,4500000,15/05/2024
101258,"CARO QUINTERO, Rafael",Donkat,2500000,2024/05/09 00:00:00
102798,Mateo Vargas Chávez,Avena Quaker sin Gluten,2500000 COP,2024-05-18
101113,Luis Gabriel Valencia Ramírez,Arena Unikat,"$ 35,000,000",25/05/2024
102939,Santiago Diego Hernández Pérez,Avena Quaker sin Gluten,,2024/05/30 00:00:00
103484,Juan Ricardo Suárez Jiménez,Avena en Hojuelas,$5000000,2024/05/08 00:00:00
102637,Felipe Fernando Mejía Rodríguez,Unikat,4500000,05-22-2024
102175,Mateo Javier Morales Valencia,Harina P.A.N. Blanca,7500000,2024-05-28
103502,CHINA AEROSPACE SCIENCE AND TECHNOLOGY CORPORATION,,12500000,05.05.2024
102843,Ricardo Diego Restrepo Restrepo,Donkat,"$ 1,500,000",05-03-2024
101402,Natalia Chávez Ramírez,Avena Molida,35000000.00,2024-05-07
103080,Verónica Carlos Moreno Arias,Unikat,7500000.00,05-01-2024
100190,Lucía Sofía Arias Mejía,Dogourmet,$5000000,26/05/2024
103464,Diana Moreno Valencia,Unikat,1500000,2024/05/12 00:00:00
102530,José Mendoza Chávez,Avena Quaker sin Gluten,1500000.00,05-26-2024
101516,Juliana Hernández Ramírez,Donkat,35000000,
101598,Claudia Jiménez Jaramillo,Dogourmet,10000000,2024-05-27
102315,Camila Jiménez Rodríguez,Donkan,"$ 4,500,000",22/05/2024
101593,Javier Torres Jaramillo,Avena Molida,"$ 7,500,000",05-29-2024
102380,"AL-ASSAD, Bashar",Avena Quaker sin Gluten,"$ 3,000,000",2024/05/21 00:00:00
103227,Juan Restrepo Rodríguez,Dogourmet,"$ 3,000,000",05-14-2024
102834,Juliana Mendoza Castro,Donkan,1500000,05-16-2024
103566,Laura Jorge Jaramillo Mejía,Unikat,35000000.00,2024-05-05
102311,"ZAMBADA GARCIA, Ismael",,20000000,2024/05/07 00:00:00
101405,Alejandro Jaramillo Vargas,Avena Molida,3000000,
102511,HAMAS,Unikat,15000000,20/05/2024
102743,Bashar Al Assad,Harina P.A.N. Blanca,1500000.00,2024-05-07
103157,Ricardo Juan Torres Morales,Unikat,5000000,2024/05/27 00:00:00
102261,Camila Claudia Mendoza González,Harina P.A.N. Blanca,"$ 2,500,000",05-22-2024
101722,Diana Vargas Silva,Avena Quaker sin Gluten,1500000,04/05/2024
100392,Laura Moreno Moreno,Harina P.A.N. Amarilla,35000000,
101505,Mahmoud Khaled Zahhar,Avena Molida,10000000 COP,22/05/2024
102284,Felipe Mendoza Castro,Dogourmet,"$ 4,500,000",2024/05/12 00:00:00
100992,Fernando Camilo Silva Suárez,Unikat,12500000,21/05/2024
101945,Ana Carlos Vargas Valencia,Harina Pancho,"$ 35,000,000",05-15-2024
101443,Esteban López Jiménez,Avena Quaker,3000000,05-20-2024
100588,Ricardo Adriana Gutiérrez Ospina,,"$ 15,000,000",
103282,Gabriel Camilo Rojas Pérez,Harina Pancho,15000000 COP,2024-05-15
100213,Patricia Juliana Suárez Pérez,Avena Quaker sin Gluten,1500000,2024/05/23 00:00:00
103419,Daniela Daniela Hernández Vargas,Arena Unikat,5000000,11/05/2024
100205,"LUKASHENKO, Aleksandr",Harina Pancho,1500000,2024-05-09
101021,,Arena Unikat,4500000,2024-05-30
103278,Camilo Fernando Navarro Ortiz,Donkan,7500000,2024-05-19
102710,Jamileh Abdullah Al-Shanti,Harina P.A.N. Amarilla,$1500000,2024-05-24
101954,Esteban Jorge Pérez Ortiz,Harina P.A.N. Blanca,"$ 1,500,000",2024-05-23
103707,Diego Castro Pérez,Unikat,7500000,01.05.2024
100872,Carlos González Valencia,Unikat,4500000,20/05/2024
102705,María Gómez González,Avena Quaker sin Gluten,20000000,2024-05-06
100000,Santiago Santiago Chávez Gómez,Donkat,2500000,2024-05-13
103502,Lucía Ana Díaz Hernández,Harina P.A.N. Amarilla,,18.05.2024
101240,Javier Rodríguez López,Donkan,1500000,11.05.2024
103401,Diana Gonzalo Arias Martínez,Harina Pancho,12500000,2024-05-25
101708,Claudia Verónica Mejía Restrepo,Harina P.A.N. Blanca,7500000,17.05.2024
103429,Felipe Moreno Gómez,Avena Quaker sin Gluten,3000000,2024/05/13 00:00:00
103196,Daniela Patricia Arias Sánchez,Arena Unikat,12500000,2024/05/09 00:00:00
101229,Santiago Verónica González Sánchez,Avena en Hojuelas,,04/05/2024
103729,Juan Verónica Jiménez Moreno,Unikat,1500000.00,13/05/2024
100374,Gonzalo Patricia Rojas Mendoza,Avena Quaker sin Gluten,"$ 5,000,000",2024/05/20 00:00:00
102867,Felipe Verónica Rodríguez Martínez,Donkan,1500000,2024-05-27
103595,Adriana Camila Arias Chávez,Avena Molida,12500000,2024-05-05
101823,Adriana Torres Gómez,Donkat,35000000.00,05-15-2024
100318,"AL-ASSAD, Bashar",Avena Quaker sin Gluten,4500000,19/05/2024
103019,Jorge Diego Navarro Arias,Harina P.A.N. Amarilla,35000000,2024-05-09
101771,José Rodríguez Mejía,Harina P.A.N. Blanca,"$ 2,500,000",28/05/2024
103682,Diana Juliana Gómez Gómez,Unikat,12500000.00,06/05/2024
101975,Natalia Laura Restrepo Jaramillo,Harina P.A.N. Blanca,10000000,05-05-2024
102401,Santiago Camila Ortiz Silva,Harina P.A.N. Amarilla,5000000,05-31-2024
103052,Diana Valencia Vargas,Donkan,20000000,2024-05-08
100698,Diego Claudia Martínez González,Dogourmet,1500000,19.05.2024
100722,Diego Esteban Rodríguez Pérez,Dogourmet,3000000,13.05.2024
101699,"EL AISSAMI MADDAH, Tareck Zaidan",Harina P.A.N. Amarilla,$1500000,2024-05-18
103011,María Esteban Díaz Martínez,Dogourmet,"$ 10,000,000",2024-05-15
101603,Alejandro Laura Hernández Sánchez,Unikat,"$ 10,000,000",14.05.2024
103587,Ziad Al Zaza,Donkan,$15000000,2024/05/30 00:00:00
100543,Mahmoud Khaled Zahhar,Donkan,4500000 COP,
103315,,Harina P.A.N. Blanca,,2024/05/11 00:00:00
102508,Juan Rojas Rodríguez,Unikat,$15000000,15.05.2024
103653,Verónica Juliana Castro Mendoza,Harina P.A.N. Amarilla,1500000 COP,2024-05-21
103488,Juliana Mendoza Gutiérrez,Arena Unikat,20000000,01.05.2024
100005,Ana Hernández Arias,Arena Unikat,,2024/05/28 00:00:00
101527,María Gutiérrez Jaramillo,Avena Molida,1500000,2024/05/15 00:00:00
101924,Gonzalo Gabriel Martínez Chávez,Harina P.A.N. Blanca,3000000,
101742,Aleksandr Lukashenko,Avena Quaker sin Gluten,7500000,2024-05-07
103666,Ana Martínez Sánchez,Avena Molida,15000000 COP,2024/05/11 00:00:00
100737,,Unikat,5000000,
100752,Carlos Paula Hernández Ortiz,Harina P.A.N. Blanca,"$ 7,500,000",31/05/2024
103679,"CARO QUINTERO, Rafael",Harina P.A.N. Blanca,2500000,2024-05-06
102264,HEZBOLLAH,Avena en Hojuelas,"$ 12,500,000",2024-05-25
100359,Diana Sánchez Rojas,Avena en Hojuelas,1500000,03.05.2024
102921,"ABU TEIR, Mohammed",Harina P.A.N. Blanca,12500000,2024-05-30
100885,Natalia Restrepo Morales,Harina Pancho,12500000,2024-05-20
100172,Patricia Adriana Ospina Castro,Avena Molida,"$ 3,000,000",2024/05/06 00:00:00
101685,Daniela Natalia Arias Castro,Harina P.A.N. Blanca,12500000,10.05.2024
102642,,Donkan,15000000 COP,05-03-2024
100850,Daniela Valentina Restrepo Silva,Donkat,"$ 7,500,000",2024-05-07
102260,Gonzalo Claudia Romero Arias,Harina P.A.N. Amarilla,7500000,05-18-2024
102187,Fernando Ortiz González,Unikat,20000000.00,2024/05/16 00:00:00
100032,Gabriel María Ramírez Castro,Avena Quaker sin Gluten,$3000000,2024-05-07
100424,Alex Nain Saab Moran,Dogourmet,20000000,2024-05-25
102030,,Harina P.A.N. Blanca,5000000,2024-05-25
101914,Juliana Daniela Restrepo Silva,Harina P.A.N. Blanca,"$ 12,500,000",2024-05-13
101952,Miguel A. Treviño Morales,Arena Unikat,15000000.00,31/05/2024
102170,Juan Mejía Castro,,"$ 15,000,000",2024-05-31
102311,Mahmoud Khaled Zahhar,Unikat,,2024/05/26 00:00:00
100406,Fernando Ana Ospina Romero,Avena en Hojuelas,10000000,05-01-2024
102070,Mateo Esteban Ospina Vargas,Dogourmet,35000000,14/05/2024
103584,Carlos Navarro García,Harina Pancho,12500000.00,10.05.2024
102229,Diosdado Cabello Rondon,Dogourmet,5000000,2024/05/17 00:00:00
100413,Luis Andrés Díaz Mendoza,Dogourmet,20000000.00,
101082,Sofía Martínez Morales,Avena en Hojuelas,1500000.00,2024/05/30 00:00:00
103358,Patricia Ospina López,Avena Quaker sin Gluten,15000000,09/05/2024
101584,Juliana Ospina Ramírez,Harina P.A.N. Blanca,3000000,05-03-2024
100229,Juan Lucía Arias Silva,Donkan,35000000.00,19/05/2024
103448,Jorge Camilo Mejía Gómez,Arena Unikat,4500000,2024/05/06 00:00:00
100519,Alejandro Gabriel Valencia González,Donkat,15000000.00,2024-05-01
100962,Alejandro Gonzalo Mejía González,Dogourmet,12500000,2024-05-03
103443,China Aerospace Science & Tech Corp,Unikat,35000000,2024-05-05
103420,Claudia Patricia Gutiérrez Castro,Harina P.A.N. Amarilla,12500000 COP,06/05/2024
101780,,Harina Pancho,1500000.00,
103673,Camilo Navarro Chávez,Harina P.A.N. Blanca,2500000,2024-05-15
103450,Andrés Mejía Hernández,Donkat,7500000.00,2024/05/11 00:00:00
101646,Ricardo Jiménez Restrepo,Unikat,3000000.00,05-19-2024
102522,Santiago Arias Jaramillo,Avena Quaker sin Gluten,1500000,2024-05-01
102937,Patricia Díaz Valencia,Avena Quaker,15000000,18/05/2024
100635,Andrés Juliana Suárez Ramírez,Donkan,$35000000,05-14-2024
100928,Camila Lucía Pérez Martínez,Donkan,10000000,05-09-2024
100822,"ZAMBADA GARCIA, Ismael",Unikat,35000000 COP,2024-05-23
100016,Santiago Javier Ortiz Romero,Dogourmet,10000000,2024-05-24
100309,Mateo Daniela López Restrepo,Avena Quaker sin Gluten,"$ 20,000,000",
102446,"ZAHHAR, Mahmoud Khaled",Harina P.A.N. Amarilla,10000000,05-27-2024
100158,,,2500000,2024/05/17 00:00:00
103294,Andrés Verónica Silva Díaz,Harina P.A.N. Blanca,35000000,27.05.2024
102044,Adriana Diego Castro Martínez,Avena Quaker,3000000,13/05/2024
100242,Esteban Laura López Valencia,Dogourmet,"$ 15,000,000",13.05.2024
103333,CHINA AEROSPACE SCIENCE AND TECHNOLOGY CORPORATION,Unikat,2500000,2024-05-30
101104,Paula Rodríguez Arias,Harina Pancho,3000000 COP,2024/05/14 00:00:00
100574,Ricardo Ricardo Arias Jiménez,Donkat,"$ 35,000,000",2024-05-12
100325,Valentina Mejía Chávez,Harina P.A.N. Amarilla,,17/05/2024
101471,Paula Mejía Jiménez,,35000000 COP,2024/05/16 00:00:00
103611,Camila García Moreno,Donkan,3000000 COP,
103783,Santiago Ana González Navarro,Avena Quaker sin Gluten,4500000,2024-05-22
101207,Andrés Verónica Ospina Rojas,Dogourmet,5000000,25.05.2024
101413,Ismael Zambada Garcia,Dogourmet,12500000.00,2024/05/31 00:00:00
101861,Fernando Ana Mendoza Jaramillo,Harina Pancho,5000000.00,25/05/2024
100420,Javier Morales Mendoza,Avena Molida,1500000,2024/05/21 00:00:00
101194,,Harina Pancho,20000000.00,05-19-2024
100537,"GUZMAN LOERA, Joaquin",Harina P.A.N. Amarilla,3000000.00,14/05/2024
102112,,Avena Molida,2500000,21/05/2024
101083,José Chávez Ortiz,Dogourmet,,2024/05/12 00:00:00
100228,Jorge Chávez Rojas,Arena Unikat,"$ 12,500,000",17.05.2024
102499,Sofía Gutiérrez Jiménez,Dogourmet,5000000,30/05/2024
102830,,Arena Unikat,2500000,2024-05-06
100747,"AL-SHANTI, Jamileh Abdullah",Donkat,5000000.00,2024/05/04 00:00:00
103142,Gonzalo Mejía Morales,,35000000 COP,02/05/2024
100533,Juan Natalia Rodríguez Navarro,,35000000,15/05/2024
100626,Valentina Jiménez Valencia,Harina P.A.N. Blanca,,2024-05-02
102026,Javier Gabriel Valencia Mejía,Dogourmet,7500000,2024-05-21
103320,Lucía Valentina Suárez González,,,2024-05-09
102941,Juliana Adriana Romero Valencia,Avena Molida,,13.05.2024
101293,Juan Moreno González,Avena Molida,20000000,2024/05/16 00:00:00
102632,Juliana Verónica González Romero,Donkan,4500000,2024-05-07
103347,Jorge Morales Silva,Unikat,$7500000,2024-05-29
100583,Laura Daniela Romero Martínez,Harina P.A.N. Amarilla,$1500000,2024-05-26
100231,Lucía Moreno Ospina,Harina P.A.N. Blanca,,2024/05/05 00:00:00
103582,Mahmoud Khaled Zahhar,Dogourmet,,20.05.2024
102990,Sofía Daniela Morales Díaz,Avena en Hojuelas,12500000.00,30.05.2024
101175,Bashar Al Assad,Dogourmet,"$ 10,000,000",06/05/2024
103059,Javier Pérez García,Donkan,"$ 3,000,000",25.05.2024
101827,Andrés Juan Valencia Hernández,Avena Molida,"$ 4,500,000",2024/05/10 00:00:00
101292,,Dogourmet,20000000 COP,
103141,Patricia Claudia Gómez Torres,Unikat,12500000 COP,03.05.2024
102650,Jorge Mateo Jiménez Gómez,Unikat,1500000,2024/05/04 00:00:00
102647,Jamileh Abdullah Al-Shanti,Harina P.A.N. Amarilla,1500000 COP,05-03-2024
101121,Andrés Javier Moreno González,Avena Quaker sin Gluten,7500000,2024/05/31 00:00:00
102948,Esteban Daniela Gómez Pérez,Donkan,"$ 1,500,000",2024-05-08
100004,,Harina Pancho,"$ 10,000,000",11/05/2024
103055,Diego Navarro Romero,Unikat,"$ 4,500,000",05-19-2024
100011,Ricardo Martínez Jiménez,Donkat,15000000,01.05.2024
103650,Felipe Martínez Silva,Donkat,3000000,23/05/2024
103431,HAMAS,Harina P.A.N. Amarilla,10000000 COP,2024-05-11
100834,Diego Gómez Hernández,Avena Quaker sin Gluten,3000000.00,2024/05/01 00:00:00
100255,Luis Mateo Torres Castro,Avena Molida,35000000,2024/05/12 00:00:00
100902,Ana Diana Navarro Martínez,Donkat,12500000,2024-05-19
102690,HEZBOLLAH,Avena Molida,$35000000,16/05/2024
101815,Valentina Mendoza Arias,Harina P.A.N. Blanca,20000000 COP,
102478,Claudia Luis Torres Torres,Avena en Hojuelas,,22.05.2024
103185,Ricardo Mariana Torres Chávez,Avena Quaker,12500000,2024/05/13 00:00:00
103770,Juliana Camila Valencia Chávez,Avena en Hojuelas,3000000 COP,2024-05-08
101054,María Mariana García Hernández,Unikat,7500000.00,2024-05-12
103513,Valentina Sofía Suárez Valencia,Harina Pancho,35000000,2024-05-27
103712,Camilo Claudia Rodríguez Díaz,Avena en Hojuelas,,25.05.2024
103244,Diana Mariana Pérez Arias,Donkan,1500000.00,05-22-2024
101921,Sofía Natalia Arias Gutiérrez,Avena en Hojuelas,"$ 2,500,000",2024/05/04 00:00:00
101561,Luis García Gutiérrez,Avena Molida,1500000,29/05/2024
103005,HAMAS,Avena Quaker sin Gluten,5000000.00,02.05.2024
102524,Juliana González Ortiz,Avena Quaker sin Gluten,3000000,
100086,Luis Santiago Restrepo Martínez,,$15000000,2024/05/14 00:00:00
103386,HAMAS,Avena en Hojuelas,$2500000,2024-05-27
100421,Lucía Lucía Suárez González,Unikat,"$ 12,500,000",05-27-2024
101676,Mohammed Abu Teir,Unikat,1500000.00,2024-05-01
102552,Paula Claudia Gómez Chávez,Dogourmet,12500000,05-22-2024
100944,Javier Gómez López,Harina P.A.N. Blanca,4500000,03.05.2024
100729,Mateo Moreno Restrepo,Harina Pancho,35000000,05-10-2024
103538,Patricia Laura Rojas Moreno,,4500000,2024-05-12
100869,José Navarro Ortiz,Avena Quaker sin Gluten,$20000000,05/05/2024
103482,Javier Hernández Silva,Dogourmet,3000000,2024-05-06
101048,Natalia Patricia Castro Rojas,Avena en Hojuelas,3000000,05-17-2024
102654,"TREVIÑO MORALES, Miguel Angel",Donkan,12500000,09.05.2024
101509,Natalia Laura Morales Romero,Avena Quaker,3000000 COP,07/05/2024
102497,"EL AISSAMI MADDAH, Tareck Zaidan",Unikat,4500000,2024/05/11 00:00:00
100961,Felipe Jorge Torres Rojas,Avena Quaker sin Gluten,3000000,05-07-2024
100679,Javier Lucía Hernández Restrepo,Avena en Hojuelas,1500000,2024-05-29
102905,HAMAS,Avena Quaker sin Gluten,"$ 7,500,000",24/05/2024
101949,,Dogourmet,15000000,2024-05-13
100095,Camilo Camila Castro Valencia,Donkat,3000000.00,2024/05/12 00:00:00
101442,Sofía Martínez Romero,Avena en Hojuelas,$3000000,
100260,José Diego Romero Rodríguez,Harina P.A.N. Amarilla,7500000,05-05-2024
103397,Juan Sofía Silva González,Avena Quaker sin Gluten,12500000,11.05.2024
100367,Juliana Mateo Morales Mejía,Avena Quaker,12500000 COP,19/05/2024
103529,"ABU TEIR, Mohammed",,7500000,06/05/2024
103281,Luis Felipe Ortiz Suárez,Donkan,"$ 12,500,000",12.05.2024
101360,Verónica Daniela Rojas Mendoza,Harina P.A.N. Amarilla,,30/05/2024
103160,Felipe Morales Rojas,Donkat,"$ 5,000,000",2024/05/26 00:00:00
100307,Daniela Martínez Valencia,Avena en Hojuelas,$35000000,2024-05-13
100151,Valentina Patricia Jiménez García,Donkat,$35000000,07/05/2024
100289,Nicolas Maduro Moros,Donkat,3000000 COP,2024/05/17 00:00:00
103256,Ricardo Verónica Romero Mejía,Harina P.A.N. Amarilla,1500000,2024-05-21
102451,"AL-ZAZA, Ziad",Donkan,35000000 COP,25/05/2024
102812,Mahmoud Khaled Zahhar,Avena Molida,10000000.00,2024-05-03
102151,Camilo Carlos Suárez Rodríguez,Harina P.A.N. Amarilla,$2500000,01/05/2024
101001,Camila Sofía Navarro Rodríguez,Donkat,15000000,2024-05-21
103285,Adriana Rojas Morales,Unikat,"$ 3,000,000",2024-05-27
103177,Verónica Mateo Morales Ortiz,Harina P.A.N. Amarilla,20000000,30/05/2024
103158,Jorge Ricardo Gutiérrez López,Avena Molida,12500000.00,2024-05-16
102274,Adriana Patricia Vargas Sánchez,Harina P.A.N. Amarilla,"$ 15,000,000",2024-05-02
102922,Javier Díaz Pérez,Arena Unikat,4500000,
100234,Mariana Gómez Morales,Harina Pancho,35000000,2024-05-05
102880,Mariana Juan Silva Vargas,Avena Quaker,3000000,11/05/2024
100895,José Santiago Rodríguez Arias,Harina P.A.N. Blanca,5000000,2024-05-12
102354,Esteban González Gómez,Donkan,4500000,2024-05-02
100923,Luis Camila Hernández García,Donkat,,07/05/2024
102713,"EL AISSAMI MADDAH, Tareck Zaidan",Unikat,1500000,05-28-2024
103545,José Ricardo Gómez García,Avena Quaker sin Gluten,10000000.00,2024/05/03 00:00:00
100146,Ziad Al Zaza,Unikat,12500000,2024-05-16
103013,,,,2024-05-12
101725,Natalia Navarro Vargas,Harina Pancho,7500000 COP,2024-05-02
101000,Claudia Sánchez Mejía,Harina P.A.N. Blanca,"$ 7,500,000",26.05.2024
102423,Sofía Ramírez Rodríguez,Donkat,12500000,2024/05/28 00:00:00
101267,Felipe Gómez Jaramillo,Harina P.A.N. Amarilla,$35000000,05-11-2024
100910,Mateo Gutiérrez Martínez,,"$ 4,500,000",2024/05/17 00:00:00
103578,Claudia González Hernández,Avena en Hojuelas,"$ 1,500,000",01.05.2024
101476,Esteban Suárez Mejía,Harina P.A.N. Blanca,"$ 2,500,000",14/05/2024
100922,Claudia Gómez Rodríguez,Avena Molida,"$ 5,000,000",2024/05/29 00:00:00
102633,Natalia Fernando Suárez Mendoza,Harina Pancho,1500000,04.05.2024
100388,Juan Díaz Gómez,Donkat,7500000,17/05/2024
100132,Esteban Diana Mejía Moreno,Unikat,7500000,05-24-2024
101938,Aleksandr Lukashenko,Dogourmet,$7500000,09/05/2024
103003,Santiago Adriana Mendoza Castro,Avena Molida,35000000,14/05/2024
103638,Verónica Santiago Gómez Torres,Harina P.A.N. Blanca,$5000000,05-31-2024
101164,Juan Daniela Jiménez Ortiz,Unikat,"$ 10,000,000",2024-05-03
101380,Javier Valencia Mendoza,Avena Quaker,,05-12-2024
102944,,Avena Molida,7500000,2024/05/07 00:00:00
102430,Patricia Valencia Ramírez,Avena Quaker sin Gluten,,2024-05-03
100232,Juan Santiago Chávez Hernández,Dogourmet,15000000,
100024,María Castro Arias,Unikat,5000000,02.05.2024
101486,,Harina Pancho,7500000,2024-05-30
101725,Valentina Pérez Valencia,Harina Pancho,3000000.00,05-30-2024
101590,Luis Claudia López González,Avena Quaker,12500000.00,12.05.2024
100865,Santiago Mariana Castro Morales,Avena Molida,10000000.00,2024-05-29
101777,Juliana Restrepo Moreno,Harina P.A.N. Amarilla,$3000000,26.05.2024
101540,Daniela Arias Jaramillo,Avena Quaker sin Gluten,12500000.00,12/05/2024
102657,Ana Paula Martínez García,Avena Quaker sin Gluten,"$ 4,500,000",2024/05/27 00:00:00
102107,Felipe Gómez Díaz,Donkat,2500000,2024-05-17
102799,Laura Torres Hernández,Donkan,3000000,2024/05/06 00:00:00
103527,Juliana Alejandro Sánchez Sánchez,Avena Molida,15000000,2024-05-12
101773,María Alejandro Castro Gómez,Unikat,$4500000,
100929,Mahmoud Khaled Zahhar,Avena en Hojuelas,15000000,04.05.2024
103008,,Harina P.A.N. Blanca,7500000,2024/05/16 00:00:00
101426,María Verónica Mendoza Silva,Arena Unikat,5000000,05-14-2024
101928,Diana Gabriel Ospina Restrepo,Avena Quaker,15000000.00,2024-05-08
101739,Gonzalo Natalia Arias Mejía,Avena Molida,7500000.00,05-15-2024
100894,Camila Jorge Díaz Jaramillo,Harina Pancho,5000000 COP,16.05.2024
102338,Jamileh Abdullah Al-Shanti,Dogourmet,1500000,13.05.2024
101262,Laura Patricia García Ortiz,Avena Quaker,$1500000,13/05/2024
103320,Felipe Adriana Valencia Suárez,Arena Unikat,15000000,21.05.2024
103319,"CARO QUINTERO, Rafael",Arena Unikat,35000000,04/05/2024
100762,"GUZMAN LOERA, Joaquin",Avena Quaker,"$ 10,000,000",2024-05-15
100892,Diego López García,Harina P.A.N. Amarilla,15000000 COP,2024-05-07
102931,Bashar Al Assad,Harina P.A.N. Amarilla,"$ 10,000,000",05/05/2024
101889,"ZAMBADA GARCIA, Ismael",Donkat,3000000,2024-05-07
103378,Jorge Ricardo Sánchez Rojas,Donkan,,2024/05/14 00:00:00
102096,Valentina González Navarro,Avena en Hojuelas,7500000.00,13/05/2024
102247,Juan Rojas Ortiz,Avena Quaker,1500000,
103645,Laura Lucía Gómez Martínez,Dogourmet,$5000000,05-17-2024
101152,"MADURO MOROS, Nicolas",Avena Quaker sin Gluten,$10000000,05-06-2024
102836,Lucía Morales Chávez,Donkat,1500000 COP,26/05/2024
103418,Jong-Un Kim,,2500000,05-07-2024
102130,Valentina Andrés Torres Castro,Arena Unikat,1500000,05-01-2024
103224,"LUKASHENKO, Aleksandr",Arena Unikat,4500000,05-04-2024
102297,Verónica Camila Jaramillo Castro,Arena Unikat,10000000.00,2024-05-04
102658,Bashar Al Assad,Harina Pancho,3000000.00,05-26-2024
101495,Luis Morales Vargas,Arena Unikat,15000000.00,2024/05/02 00:00:00
101993,"AL-ZAZA, Ziad",Harina P.A.N. Amarilla,10000000,2024-05-08
100632,Javier Diego Navarro Gómez,Avena en Hojuelas,12500000,01/05/2024
102846,,Harina P.A.N. Blanca,4500000.00,14/05/2024
102091,"LUKASHENKO, Aleksandr",,4500000,2024-05-21
103247,Alejandro Jorge Martínez Torres,Harina Pancho,12500000.00,2024-05-17
103389,Paula Hernández Gutiérrez,Donkat,20000000.00,2024-05-05
103335,Camila Díaz Silva,Avena en Hojuelas,10000000,2024-05-22
102041,,Avena en Hojuelas,1500000,
102299,José García Torres,Harina P.A.N. Blanca,5000000,2024/05/04 00:00:00
100524,Santiago Castro Arias,Avena Quaker sin Gluten,15000000,2024-05-17
102230,Aleksandr Lukashenko,Dogourmet,15000000,03/05/2024
103267,Nicolas Maduro Moros,Unikat,12500000 COP,01.05.2024
101669,Valentina Alejandro García Gutiérrez,Avena en Hojuelas,$20000000,02/05/2024
102639,Fernando Arias Chávez,Avena Quaker,10000000,2024-05-23
101705,Rafael Caro-Quintero,Harina P.A.N. Amarilla,15000000,2024-05-08
101389,Verónica Natalia Ramírez Rojas,Avena en Hojuelas,,2024/05/18 00:00:00
101278,Adriana Valentina Valencia Mendoza,Avena en Hojuelas,20000000 COP,07.05.2024
101093,Daniela Ramírez Rojas,Donkan,1500000,27.05.2024
102530,Ana Jaramillo Vargas,Donkan,20000000.00,2024-05-30
100853,,Harina Pancho,20000000,08.05.2024
100368,Juan Mejía Chávez,Dogourmet,3000000,29.05.2024
100062,Adriana Gonzalo Hernández Sánchez,Avena en Hojuelas,"$ 10,000,000",05-04-2024
102778,Carlos Adriana Morales Morales,Harina P.A.N. Amarilla,4500000,2024-05-10
100270,Natalia Camila Moreno López,Donkat,7500000,2024-05-12
100044,Daniela Torres García,Dogourmet,35000000,24.05.2024
101961,Esteban Jiménez Hernández,Avena Quaker,"$ 15,000,000",2024/05/25 00:00:00
101554,Ana Carlos Rodríguez Restrepo,Harina P.A.N. Amarilla,$10000000,05-26-2024
100793,"TREVIÑO MORALES, Miguel Angel",Harina P.A.N. Amarilla,12500000,01.05.2024
102841,Ismael Zambada Garcia,Donkan,10000000.00,05-23-2024
101344,Fernando Suárez Valencia,,$7500000,2024-05-12
100087,Daniela Claudia Vargas Arias,Donkan,4500000,17/05/2024
102973,Ricardo Lucía Navarro Suárez,Harina P.A.N. Blanca,"$ 15,000,000",2024/05/28 00:00:00
100442,Diana Gonzalo López Mendoza,Avena Quaker sin Gluten,35000000,2024/05/14 00:00:00
103284,Camilo Alejandro González Ramírez,Arena Unikat,10000000,2024/05/19 00:00:00
102460,Ana Santiago Morales Rodríguez,,5000000,2024/05/31 00:00:00
103405,José Claudia Hernández Jiménez,Unikat,20000000.00,2024/05/01 00:00:00
100235,Alejandro Verónica Ramírez Gutiérrez,Donkat,35000000,2024-05-14
103225,Valentina Luis Romero González,Harina P.A.N. Blanca,,13/05/2024
102947,Daniela Natalia Castro Ramírez,Harina Pancho,$5000000,13/05/2024
103313,Mateo Alejandro Valencia Sánchez,Harina Pancho,$1500000,2024-05-10
102293,Santiago Claudia Silva Morales,Arena Unikat,15000000,05-27-2024
101994,Claudia Gabriel Suárez Suárez,Avena Quaker sin Gluten,15000000.00,27/05/2024
100950,Esteban Carlos Jaramillo Restrepo,Avena Molida,2500000 COP,2024-05-10
103235,Gonzalo Fernando Martínez Mendoza,Avena Quaker sin Gluten,5000000,06/05/2024
101967,Natalia Jiménez Torres,Avena en Hojuelas,10000000,2024-05-20
101300,Santiago Claudia Martínez Ospina,Harina P.A.N. Amarilla,20000000,2024/05/04 00:00:00
100935,Carlos Díaz Rodríguez,Donkan,10000000.00,05-20-2024
102293,"ABU TEIR, Mohammed",Dogourmet,35000000,16/05/2024
101467,"KIM, Jong Un",Harina P.A.N. Blanca,2500000,05-21-2024
101320,Diosdado Cabello Rondon,Donkat,$12500000,2024/05/30 00:00:00
103125,Ricardo Esteban Gutiérrez Pérez,Unikat,12500000,2024-05-13
101653,Mariana Camilo Arias García,Avena Quaker,"$ 4,500,000",2024-05-13
103048,Gabriel Castro Torres,Donkat,3000000,05-27-2024
103314,Juan Esteban Navarro Romero,Avena Quaker sin Gluten,20000000,01.05.2024
101101,Ismael Zambada Garcia,Avena Quaker,5000000 COP,2024-05-21
102673,CHINA AEROSPACE SCIENCE AND TECHNOLOGY CORPORATION,Unikat,10000000,29/05/2024
102869,"AL-SHANTI, Jamileh Abdullah",,15000000.00,2024-05-29
103370,Juliana Rodríguez Díaz,Harina P.A.N. Blanca,7500000,
102452,Paula Restrepo Arias,Harina P.A.N. Blanca,1500000 COP,2024-05-20
103217,Jamileh Abdullah Al-Shanti,,$3000000,2024/05/01 00:00:00
102847,Diana Diego Hernández Rojas,Harina Pancho,12500000,2024/05/14 00:00:00
101967,"CABELLO RONDON, Diosdado",Unikat,"$ 20,000,000",07.05.2024
101785,Miguel A. Treviño Morales,Avena Molida,5000000 COP,2024-05-01
103558,Gonzalo Daniela Pérez Arias,Arena Unikat,35000000 COP,05-29-2024
100267,Natalia Arias Mendoza,Harina P.A.N. Blanca,4500000,2024-05-10
103384,Verónica Camila Arias Romero,Harina Pancho,4500000,14/05/2024
103351,Natalia García Ramírez,Dogourmet,1500000,
101239,Mateo Camila Restrepo Chávez,Dogourmet,1500000,2024/05/20 00:00:00
102783,Camila Adriana Sánchez Silva,Avena Quaker,7500000 COP,
103397,Camila Restrepo Ramírez,Avena en Hojuelas,$35000000,26.05.2024
100346,"LUKASHENKO, Aleksandr",Avena Quaker,15000000,23/05/2024
101897,Luis Chávez López,Dogourmet,5000000.00,2024/05/17 00:00:00
100212,Natalia Juliana Ramírez Chávez,Donkan,35000000 COP,2024-05-25
102711,Luis Navarro Rodríguez,Dogourmet,35000000,05-04-2024
100637,Paula Diego Morales Valencia,Donkan,"$ 4,500,000",2024-05-08
103653,Daniela Chávez Rojas,Harina Pancho,15000000,2024-05-11
100675,"PURI, Genaro",Arena Unikat,4500000,2024/05/12 00:00:00
102294,"KIM, Jong Un",Unikat,4500000,2024-05-28
103478,Mohammed Abu Teir,Harina P.A.N. Blanca,"$ 4,500,000",21.05.2024
100102,Camila Santiago Suárez Torres,Donkan,35000000,23/05/2024
101521,Daniela Adriana Silva Mejía,Donkat,"$ 7,500,000",15/05/2024
102434,Alex Nain Saab Moran,Avena Quaker,20000000.00,2024-05-10
100325,"CARO QUINTERO, Rafael",Avena en Hojuelas,15000000.00,25/05/2024
101975,Camila Camilo Gómez Jiménez,Harina Pancho,15000000,15/05/2024
102297,"AL-SHANTI, Jamileh Abdullah",,15000000,05-12-2024
103087,Camilo Rodríguez Valencia,Avena Quaker sin Gluten,$7500000,05-06-2024
101832,Daniela Carlos Morales Díaz,Harina P.A.N. Amarilla,$15000000,17/05/2024
100141,Alejandro López Ramírez,Unikat,$7500000,2024/05/22 00:00:00
103248,"AL-ZAZA, Ziad",Avena Molida,$1500000,2024-05-10
103382,"AL-ZAZA, Ziad",Avena Quaker sin Gluten,15000000,2024-05-16
101220,Nicolas Maduro Moros,Dogourmet,$5000000,2024-05-25
100494,Gabriel Javier Pérez Gómez,Harina P.A.N. Amarilla,3000000,07.05.2024
100513,Camila Luis Navarro Chávez,Donkat,2500000 COP,2024/05/25 00:00:00
102001,Mateo García Rodríguez,,20000000,06/05/2024
102804,Andrés Juan Gutiérrez González,Avena Quaker,"$ 1,500,000",03.05.2024
100906,"LUKASHENKO, Aleksandr",,2500000,2024/05/19 00:00:00
101209,"KIM, Jong Un",Harina P.A.N. Amarilla,$10000000,05-23-2024
102252,Mahmoud Khaled Zahhar,Donkat,$1500000,05-05-2024
100535,Laura Ramírez Morales,Avena Quaker sin Gluten,$10000000,2024/05/09 00:00:00
101761,María Navarro Martínez,Unikat,35000000,30/05/2024
100161,Santiago Sánchez Sánchez,Harina P.A.N. Blanca,12500000,2024-05-20
102684,Javier Juliana López González,Harina P.A.N. Amarilla,12500000,12.05.2024
103097,Lucía Juliana Romero Ospina,Donkan,12500000.00,2024-05-29
102470,Esteban Gonzalo Rojas Mejía,Harina P.A.N. Amarilla,$1500000,05-25-2024
101288,Sofía Javier Mendoza Navarro,Harina Pancho,"$ 4,500,000",2024-05-18
101080,Sofía Morales Rodríguez,Avena Molida,15000000,26/05/2024
100630,,Donkat,12500000,09/05/2024
103297,Jong-Un Kim,Avena Quaker sin Gluten,2500000 COP,07/05/2024
100788,Laura Felipe Castro Martínez,Donkan,15000000,16.05.2024
100922,Ziad Al Zaza,Dogourmet,$4500000,18.05.2024
102266,"GUZMAN LOERA, Joaquin",Dogourmet,35000000,05-29-2024
101239,José Romero Rodríguez,Avena Quaker sin Gluten,4500000,05-11-2024
101823,Javier González Ramírez,Harina P.A.N. Amarilla,10000000.00,05-01-2024
100527,Diego Lucía Ortiz Romero,Harina P.A.N. Amarilla,7500000,14/05/2024
103132,Mariana Gómez Valencia,Harina P.A.N. Blanca,10000000.00,05-17-2024
101433,Ricardo Jaramillo Gutiérrez,Avena Molida,5000000,2024-05-19
101881,Fernando Alejandro Vargas Hernández,Unikat,10000000.00,05-27-2024
101589,Javier Jorge Romero Pérez,Dogourmet,10000000,2024-05-24
102770,Gabriel Juan González Chávez,Arena Unikat,$1500000,
102543,Mariana Luis Moreno González,,"$ 10,000,000",21.05.2024
102664,Mahmoud Khaled Zahhar,Avena Quaker sin Gluten,12500000 COP,2024-05-05
100942,Luis Natalia Moreno Ortiz,Avena en Hojuelas,5000000,2024/05/05 00:00:00
102947,Juan Adriana Pérez Hernández,,10000000,22.05.2024
100343,Juan Juliana Martínez Moreno,Dogourmet,15000000,2024-05-30
102836,Sofía Gonzalo Restrepo Martínez,Avena en Hojuelas,12500000,2024/05/21 00:00:00
103695,Gabriel Torres Mendoza,Arena Unikat,5000000,14/05/2024
103052,Bashar Al Assad,Avena Quaker sin Gluten,4500000,2024-05-14
102140,Valentina Gutiérrez Silva,Unikat,1500000.00,05-31-2024
102279,Alejandro Díaz López,Avena Quaker sin Gluten,7500000,2024-05-26
103710,Bashar Al Assad,Avena Quaker,4500000,2024-05-30
100913,Andrés Diego Navarro Navarro,Avena Quaker sin Gluten,1500000,05-04-2024
101397,Patricia Ospina Restrepo,Arena Unikat,,2024-05-05
102427,,Harina Pancho,2500000,03/05/2024
102576,Nicolas Maduro Moros,Avena en Hojuelas,5000000,21/05/2024
103299,Gonzalo Rodríguez Moreno,Unikat,"$ 5,000,000",
101718,HAMAS,Avena Quaker sin Gluten,15000000,2024-05-10
100190,Gabriel Ospina Restrepo,Unikat,"$ 15,000,000",07/05/2024
100519,Camila Andrés Chávez Romero,,,2024/05/13 00:00:00
101736,Natalia Ricardo González Mejía,Arena Unikat,7500000,04.05.2024
102686,"PURI, Genaro",Harina P.A.N. Amarilla,"$ 1,500,000",05-10-2024
103297,Jorge José Díaz Gutiérrez,Donkan,15000000,2024/05/18 00:00:00
100554,Laura Jaramillo García,Unikat,"$ 12,500,000",2024-05-30
102789,Alejandro Gómez González,Unikat,5000000,2024/05/19 00:00:00
103249,,Avena en Hojuelas,"$ 20,000,000",05-06-2024
101070,"AL-ZAZA, Ziad",Harina P.A.N. Amarilla,20000000.00,2024-05-13
101723,María Gutiérrez Ospina,Avena Quaker sin Gluten,7500000,05-14-2024
101311,Andrés Santiago Gutiérrez Suárez,Donkat,3000000 COP,2024/05/02 00:00:00
100028,Natalia Juan Sánchez Gómez,Arena Unikat,4500000,2024/05/11 00:00:00
103219,Felipe Esteban Jaramillo Díaz,Arena Unikat,$35000000,
103517,Valentina García Martínez,Avena en Hojuelas,$2500000,05-14-2024
100839,Diosdado Cabello Rondon,Arena Unikat,20000000,05-31-2024
101102,Rafael Caro-Quintero,Harina P.A.N. Amarilla,$7500000,2024-05-23
102538,Ana Andrés Ospina Ramírez,Dogourmet,$3000000,05-23-2024
102203,Felipe Mateo Morales Jiménez,Avena Quaker,5000000.00,2024/05/23 00:00:00
102641,Bashar Al Assad,Dogourmet,5000000.00,05-12-2024
103159,"MADURO MOROS, Nicolas",Arena Unikat,4500000 COP,12/05/2024
101638,Paula Felipe Ortiz Chávez,Dogourmet,4500000.00,05-27-2024
103728,José Juan Moreno Hernández,Avena en Hojuelas,,05-01-2024
100353,Jong-Un Kim,Avena Quaker sin Gluten,20000000.00,2024-05-25
102569,Ricardo Ospina Hernández,Dogourmet,"$ 3,000,000",06/05/2024
103484,Adriana Laura Rojas Jiménez,Avena Quaker sin Gluten,15000000,05-03-2024
103207,Diana Santiago Rojas Jiménez,Avena en Hojuelas,5000000.00,2024-05-16
102263,María Camila Arias Vargas,,10000000,18.05.2024
101456,Verónica Juan Martínez Rodríguez,Unikat,1500000,29/05/2024
101408,Gonzalo Felipe Ramírez Jiménez,Arena Unikat,$7500000,14/05/2024
101390,Claudia Carlos Gómez González,Arena Unikat,,05.05.2024
102542,Felipe Vargas Mendoza,Dogourmet,35000000,05-16-2024
100475,"CARO QUINTERO, Rafael",Avena Molida,,21/05/2024
103199,Joaquin Guzman Loera 'El Chapo',Donkat,1500000.00,12.05.2024
101183,Verónica Fernando Jaramillo Mejía,Unikat,10000000,
102741,Juliana Valencia Ramírez,Avena en Hojuelas,20000000,2024-05-20
101093,Ana Arias Gutiérrez,Dogourmet,12500000,05-25-2024
100642,Patricia Andrés López Torres,Avena Quaker,1500000,
102053,Diego Restrepo Vargas,Unikat,10000000,15/05/2024
101573,Andrés Arias Hernández,Avena en Hojuelas,7500000,31/05/2024
103583,Adriana Santiago Navarro Silva,Avena en Hojuelas,12500000,2024-05-02
101069,Rafael Caro-Quintero,Donkat,35000000,2024-05-28
101178,,Unikat,1500000,05-04-2024
103134,María Suárez Morales,Avena Quaker,12500000,2024/05/20 00:00:00
102190,Luis Esteban Sánchez Castro,Dogourmet,$12500000,05-12-2024
101008,Claudia González Castro,Dogourmet,3000000,05-20-2024
102923,,Arena Unikat,10000000,26/05/2024
103547,Valentina Chávez Gómez,Avena Molida,15000000,05/05/2024
102475,Jorge Claudia Jaramillo Chávez,Avena Quaker,35000000,
101601,Juliana Adriana Arias Pérez,Dogourmet,"$ 2,500,000",05-17-2024
102210,Daniela Hernández Martínez,Avena Quaker sin Gluten,4500000,20/05/2024
103520,Luis Mariana López Rodríguez,Donkan,"$ 4,500,000",2024/05/05 00:00:00
102854,"TREVIÑO MORALES, Miguel Angel",Unikat,5000000,05-30-2024
102347,Ricardo Natalia Valencia Restrepo,Donkan,7500000.00,2024-05-27
100930,Jamileh Abdullah Al-Shanti,Harina P.A.N. Blanca,12500000.00,2024/05/15 00:00:00
102846,"LUKASHENKO, Aleksandr",Arena Unikat,4500000,2024-05-30
103133,Alex Nain Saab Moran,Arena Unikat,,2024-05-23
102838,Rafael Caro-Quintero,Avena en Hojuelas,1500000 COP,2024-05-06
100733,Verónica González Suárez,,12500000,2024-05-07
100548,Fernando Adriana Arias Castro,Unikat,1500000,04/05/2024
101557,María García López,Harina P.A.N. Blanca,$35000000,2024-05-13
100743,Sofía Arias Gómez,,10000000 COP,2024-05-07
102426,Claudia Navarro Vargas,,35000000 COP,02.05.2024
102777,,Dogourmet,4500000 COP,2024/05/28 00:00:00
101078,Valentina Adriana Romero López,Arena Unikat,35000000,2024-05-12
103366,"MADURO MOROS, Nicolas",Arena Unikat,4500000,21/05/2024
103288,,Avena Quaker,"$ 1,500,000",2024-05-29
102510,"SAAB MORAN, Alex Nain",Harina P.A.N. Blanca,1500000,21/05/2024
101097,,Harina P.A.N. Blanca,15000000,25/05/2024
101645,Jorge Romero Moreno,,15000000,2024-05-18
102375,Patricia Mariana Silva Suárez,Avena en Hojuelas,1500000,12.05.2024
102554,Sofía Valentina Gómez Ospina,Arena Unikat,3000000,2024-05-13
100107,Carlos Ospina Romero,Harina P.A.N. Amarilla,$12500000,2024-05-01
102644,Esteban Hernández López,Donkat,7500000.00,
100744,Andrés Díaz Mendoza,Harina P.A.N. Blanca,5000000,02/05/2024
103026,Laura Lucía Jaramillo González,Avena Quaker,"$ 10,000,000",05-11-2024
102242,José Felipe Martínez Torres,Donkat,2500000,2024-05-05
101351,,Avena Quaker sin Gluten,3000000,05-24-2024
100091,Alex Nain Saab Moran,Harina Pancho,"$ 4,500,000",25.05.2024
100781,CHINA AEROSPACE SCIENCE AND TECHNOLOGY CORPORATION,Harina Pancho,12500000.00,2024-05-20
100251,Santiago Gutiérrez Jiménez,Dogourmet,,2024-05-19
101559,Alejandro Díaz Hernández,Harina P.A.N. Amarilla,35000000 COP,2024-05-14
101170,Camilo Mejía Suárez,Harina P.A.N. Blanca,"$ 15,000,000",2024/05/29 00:00:00
100283,Diego Natalia Morales Suárez,Avena Quaker sin Gluten,,05-01-2024
101606,"ZAHHAR, Mahmoud Khaled",Avena Quaker,4500000,05/05/2024
102954,China Aerospace Science & Tech Corp,Donkan,10000000,2024-05-24
101758,"EL AISSAMI MADDAH, Tareck Zaidan",Harina Pancho,20000000,11.05.2024
102831,Javier Diego Castro Vargas,Avena Quaker sin Gluten,4500000 COP,2024-05-05
100806,Santiago Díaz Ortiz,Avena en Hojuelas,2500000,2024/05/31 00:00:00
100890,Diosdado Cabello Rondon,Donkan,20000000 COP,2024-05-13
101225,Fernando María González Rojas,Harina P.A.N. Amarilla,3000000,2024-05-30
101813,,Dogourmet,1500000.00,05-27-2024
103707,Alex Nain Saab Moran,Arena Unikat,35000000,09/05/2024
100805,Tareck Zaidan El Aissami,Dogourmet,12500000,
103226,Jorge Valencia Romero,Avena Molida,"$ 2,500,000",2024/05/26 00:00:00
103122,"SAAB MORAN, Alex Nain",Harina P.A.N. Blanca,20000000.00,2024-05-09
103312,Paula Vargas Moreno,Unikat,3000000,05-24-2024
101974,,Harina P.A.N. Blanca,15000000,2024-05-29
101167,Ricardo Ricardo Navarro Ospina,Unikat,,06.05.2024
101022,"AL-ASSAD, Bashar",Arena Unikat,7500000 COP,2024/05/13 00:00:00
102340,"AL-ZAZA, Ziad",Harina Pancho,$35000000,15.05.2024
103288,Carlos Alejandro Ramírez Romero,Dogourmet,"$ 35,000,000",05-29-2024
100728,Ana Natalia Moreno Arias,Dogourmet,5000000 COP,05/05/2024
100202,Mateo Adriana Rodríguez Chávez,Arena Unikat,7500000.00,10/05/2024
103364,Jong-Un Kim,Avena Quaker sin Gluten,$3000000,
103483,Felipe Hernández Rojas,Arena Unikat,4500000,05-14-2024
101959,Jorge Martínez Morales,Harina P.A.N. Amarilla,7500000,27.05.2024
100176,China Aerospace Science & Tech Corp,Avena Molida,2500000,2024/05/27 00:00:00
103061,Juan Natalia Gutiérrez García,Harina Pancho,3000000 COP,06.05.2024
100252,Claudia Fernando Valencia Ospina,Donkat,"$ 12,500,000",22/05/2024
102699,Adriana Jorge López Ospina,,1500000,03.05.2024
102145,María Mendoza Mendoza,Harina P.A.N. Blanca,7500000,2024-05-21
103026,CHINA AEROSPACE SCIENCE AND TECHNOLOGY CORPORATION,Avena en Hojuelas,12500000,05-19-2024
102392,"GUZMAN LOERA, Joaquin",,"$ 1,500,000",25.05.2024
101160,Valentina Fernando Vargas Rodríguez,Avena Molida,20000000,2024/05/23 00:00:00
101877,Patricia García Martínez,Harina P.A.N. Blanca,$35000000,2024/05/22 00:00:00
101517,"CARO QUINTERO, Rafael",Harina P.A.N. Blanca,4500000,24/05/2024
103157,Gonzalo Arias Gómez,Donkat,12500000 COP,05-12-2024
101651,Patricia Paula García Jiménez,Harina P.A.N. Blanca,20000000,09.05.2024
101403,Javier Torres García,Avena Quaker,15000000,2024/05/04 00:00:00
103715,"AL-SHANTI, Jamileh Abdullah",Arena Unikat,10000000,24/05/2024
103077,"EL AISSAMI MADDAH, Tareck Zaidan",Donkan,20000000,2024-05-04
101333,HAMAS,Harina P.A.N. Blanca,35000000,2024/05/23 00:00:00
101424,Miguel A. Treviño Morales,Avena Quaker,$2500000,02/05/2024
100594,Luis Gómez Valencia,Donkan,1500000.00,2024-05-10
102945,Camila Rodríguez Restrepo,Harina P.A.N. Blanca,20000000,2024-05-19
102753,Jorge Mateo López González,Harina P.A.N. Blanca,"$ 20,000,000",05-20-2024
103323,Laura Claudia Martínez Rodríguez,Avena Molida,"$ 20,000,000",2024-05-04
102114,Mariana Diana Ramírez Vargas,Avena en Hojuelas,$12500000,
101220,Patricia Paula Chávez Castro,Arena Unikat,$7500000,05/05/2024
103440,Camila Juliana Restrepo Navarro,Donkat,5000000.00,2024-05-29
103355,Santiago Andrés Ospina Torres,Avena Quaker sin Gluten,4500000,14/05/2024
101879,Camilo Suárez Ospina,Avena en Hojuelas,2500000,01/05/2024
100340,,Arena Unikat,4500000,2024-05-25
103241,Camila Vargas Gutiérrez,Donkat,10000000,23/05/2024
101827,Jamileh Abdullah Al-Shanti,Harina Pancho,$20000000,11.05.2024
102402,Daniela Esteban Martínez Arias,Donkat,2500000 COP,2024/05/28 00:00:00
101601,Carlos Juan Vargas Jaramillo,Unikat,"$ 4,500,000",01.05.2024
101602,Sofía Moreno López,Donkat,10000000.00,16/05/2024
101391,Alejandro Rodríguez López,Harina P.A.N. Blanca,,2024-05-18
101518,Camila López Moreno,Donkat,5000000,05-03-2024
100269,Luis Patricia Morales Arias,Donkat,1500000,2024-05-23
103039,María José Sánchez Sánchez,Avena Quaker sin Gluten,,07/05/2024
101812,Carlos Pérez Valencia,Avena Quaker sin Gluten,$20000000,2024-05-23
101783,"KIM, Jong Un",Unikat,7500000,2024/05/23 00:00:00
102628,Claudia Mejía Jiménez,Avena Quaker,2500000,15/05/2024
103372,Andrés Gonzalo Martínez Gutiérrez,Avena en Hojuelas,10000000,2024/05/07 00:00:00
102030,HAMAS,Avena Quaker sin Gluten,15000000,28/05/2024
101017,Natalia Gonzalo García Hernández,Avena Quaker sin Gluten,"$ 35,000,000",2024-05-16
100232,Andrés Camilo González Díaz,Unikat,15000000,27.05.2024
103507,Jamileh Abdullah Al-Shanti,Harina P.A.N. Blanca,2500000,2024-05-21
103713,Adriana Gutiérrez Chávez,Harina P.A.N. Amarilla,10000000,05-22-2024
103631,Paula Camilo Moreno Sánchez,Donkat,10000000,01/05/2024
100914,Ricardo Martínez Rojas,Avena Molida,"$ 5,000,000",2024/05/23 00:00:00
101909,Luis Felipe Ramírez Díaz,Arena Unikat,12500000,2024-05-04
103054,María Suárez Rodríguez,Harina Pancho,15000000.00,28.05.2024
102215,Alejandro José Hernández Suárez,,10000000 COP,2024/05/28 00:00:00
100779,Sofía Mariana Rojas Moreno,Avena Molida,2500000.00,2024-05-06
100916,Mariana Ricardo Silva Chávez,Arena Unikat,"$ 4,500,000",25/05/2024
102541,,Harina P.A.N. Blanca,15000000,2024-05-11
102678,Ricardo Sofía González Morales,Avena Quaker sin Gluten,"$ 3,000,000",2024-05-01
103469,Santiago Juliana Jiménez Díaz,Avena Quaker,5000000,05-31-2024
101651,Santiago Restrepo Mejía,Arena Unikat,$1500000,05-30-2024
101548,"ABU TEIR, Mohammed",Donkat,7500000.00,20/05/2024
101476,,Avena en Hojuelas,"$ 3,000,000",05-07-2024
100072,María Ricardo Mendoza Jiménez,Arena Unikat,$4500000,18/05/2024
102142,Valentina Daniela Suárez Rodríguez,Harina P.A.N. Amarilla,5000000,
102912,"SANCHEZ CEREN, Salvador",Donkat,7500000 COP,05-06-2024
101963,Jorge Paula Castro Rodríguez,Harina P.A.N. Blanca,$12500000,2024/05/26 00:00:00
100310,Fernando Verónica Restrepo Rodríguez,Donkan,1500000.00,
101135,Alex Nain Saab Moran,Donkan,2500000,2024-05-17
100816,Patricia Pérez Morales,Unikat,15000000.00,05-10-2024
101875,Ricardo Moreno Rodríguez,Avena Quaker sin Gluten,4500000.00,2024-05-05
103383,Rafael Caro-Quintero,,"$ 1,500,000",2024-05-26
100141,Mariana Alejandro Jiménez Gómez,Donkan,4500000 COP,11/05/2024
100855,Daniela Jorge Navarro Valencia,Avena Quaker,10000000,2024/05/06 00:00:00
100613,José José Restrepo Ortiz,Avena Molida,7500000,2024-05-23
101235,Santiago Patricia Gutiérrez Arias,Avena en Hojuelas,7500000,
103123,Natalia Javier Castro Martínez,Donkat,2500000,30/05/2024
103137,"GUZMAN LOERA, Joaquin",Harina P.A.N. Amarilla,20000000,2024/05/01 00:00:00
100635,"PURI, Genaro",Donkan,"$ 10,000,000",2024-05-26
102131,Alejandro Lucía Ramírez Valencia,Avena Quaker,$35000000,18/05/2024
101219,Alejandro Ramírez Ortiz,Unikat,2500000,2024/05/04 00:00:00
103352,Carlos Juliana Díaz Arias,Donkan,"$ 35,000,000",2024-05-31
101514,Daniela Daniela Vargas Ospina,Avena Quaker sin Gluten,"$ 7,500,000",2024-05-09
102540,Adriana Gabriel Valencia Romero,Donkan,7500000,2024-05-22
101358,Camila Patricia Valencia López,,,13/05/2024
101577,Valentina Carlos García Ospina,Arena Unikat,20000000,2024-05-15
103486,Adriana Felipe Valencia García,Donkan,15000000,2024/05/21 00:00:00
102249,Jorge Ospina Gutiérrez,Donkan,5000000,2024-05-28
102862,Felipe Patricia Gómez Silva,Donkat,15000000.00,23.05.2024
103638,María Mariana Navarro Castro,Avena Quaker sin Gluten,35000000,2024-05-06
100792,Laura Valencia Ospina,Unikat,15000000,29/05/2024
101548,Esteban Mejía Morales,Unikat,2500000,17.05.2024
100082,Ismael Zambada Garcia,Arena Unikat,35000000 COP,2024-05-29
101737,Diana Arias Sánchez,Harina Pancho,"$ 5,000,000",22/05/2024
100705,Camilo Lucía Jaramillo Navarro,Arena Unikat,2500000.00,2024-05-06
102671,Camila Mejía Navarro,,,22/05/2024
101885,Mariana Rojas Moreno,Avena Molida,3000000,18/05/2024
100619,Miguel A. Treviño Morales,Avena Molida,15000000,01.05.2024
100912,Jamileh Abdullah Al-Shanti,Unikat,,2024-05-09
103512,Laura Paula Hernández Vargas,Harina Pancho,2500000.00,05-27-2024
103203,"AL-SHANTI, Jamileh Abdullah",Avena Molida,1500000,01/05/2024
100398,Lucía Valentina Sánchez Morales,Donkat,5000000,2024-05-18
103503,Fernando Hernández Gómez,Avena Quaker,7500000,2024/05/23 00:00:00
100657,Camila José López González,,"$ 5,000,000",2024-05-15
101930,Luis Moreno Valencia,Harina P.A.N. Blanca,4500000,26/05/2024
100764,Juliana Andrés Romero Castro,Harina P.A.N. Blanca,$2500000,2024/05/26 00:00:00
103583,Natalia Castro Navarro,Unikat,20000000.00,22.05.2024
102740,,Avena Quaker sin Gluten,$5000000,2024/05/17 00:00:00
100794,"AL-ZAZA, Ziad",Harina Pancho,$10000000,2024-05-25
101544,Mohammed Abu Teir,Arena Unikat,1500000,2024/05/28 00:00:00
101830,,Avena Quaker sin Gluten,4500000.00,
102718,"SANCHEZ CEREN, Salvador",Unikat,$15000000,05-02-2024
100075,Adriana Diana González Ramírez,Avena Quaker,15000000,05-19-2024
100429,Mahmoud Khaled Zahhar,Donkan,"$ 1,500,000",31.05.2024
101780,Paula Verónica Restrepo Pérez,Avena en Hojuelas,"$ 1,500,000",13/05/2024
103540,María Rodríguez Gómez,Donkan,35000000 COP,2024/05/09 00:00:00
100865,José Valentina Sánchez Rojas,Avena Quaker,10000000,12/05/2024
103012,China Aerospace Science & Tech Corp,Harina P.A.N. Amarilla,,2024-05-12
103450,Andrés Javier González Suárez,,35000000,2024-05-28
100074,,,20000000,2024-05-21
100439,Juan Luis Arias Gómez,Harina P.A.N. Amarilla,$7500000,05-27-2024
100861,Mateo Suárez Mendoza,Avena Molida,5000000,2024/05/28 00:00:00
103482,Verónica Martínez Gómez,Avena Molida,10000000,04/05/2024
101769,Juan Vargas Moreno,Arena Unikat,3000000 COP,2024/05/22 00:00:00
100176,Juliana Silva Mejía,Avena Quaker sin Gluten,10000000,29.05.2024
100129,Laura Sofía Díaz Mendoza,Donkan,$35000000,25.05.2024
100815,Fernando Morales Romero,,2500000.00,08/05/2024
102814,Luis Esteban Mejía Valencia,Harina P.A.N. Blanca,,2024-05-12
102846,Alejandro Daniela López Chávez,,20000000,2024-05-19
103168,Adriana Camilo Torres Hernández,Avena en Hojuelas,35000000,17.05.2024
100877,Juliana Jaramillo Rodríguez,Unikat,12500000,2024-05-03
102834,Mateo Ricardo Moreno Morales,Harina P.A.N. Blanca,12500000,2024/05/15 00:00:00
101049,"EL AISSAMI MADDAH, Tareck Zaidan",Harina P.A.N. Blanca,20000000,2024-05-21
100994,Gonzalo García González,Arena Unikat,10000000,2024-05-29
102108,"GUZMAN LOERA, Joaquin",Donkan,"$ 5,000,000",04.05.2024
103582,Andrés Patricia González Gómez,Arena Unikat,20000000,2024-05-11
103448,Gabriel Daniela Torres Hernández,Donkan,10000000,2024-05-09
100250,Aleksandr Lukashenko,,1500000.00,2024-05-22
100453,Patricia Restrepo Sánchez,Harina P.A.N. Amarilla,5000000.00,2024-05-08
103331,María Alejandro Ramírez Arias,Harina P.A.N. Amarilla,3000000,27.05.2024
100263,Ricardo Ana Gómez García,Harina Pancho,4500000,2024-05-23
102664,Daniela Romero Suárez,Unikat,4500000,18.05.2024
101201,Valentina Silva González,Avena Quaker,5000000,2024-05-29
100818,,Avena en Hojuelas,35000000 COP,05-24-2024
100662,Alejandro Natalia Gómez Rojas,Avena en Hojuelas,35000000,2024-05-18
102014,Aleksandr Lukashenko,Harina Pancho,2500000,17/05/2024
103035,Diana Natalia Pérez Moreno,Unikat,20000000.00,27.05.2024
101376,"TREVIÑO MORALES, Miguel Angel",Harina P.A.N. Amarilla,15000000,12.05.2024
100575,Santiago Patricia Gutiérrez Hernández,Harina Pancho,2500000,05-05-2024
103793,Bashar Al Assad,Dogourmet,35000000,2024-05-18
102528,Nicolas Maduro Moros,Harina P.A.N. Amarilla,35000000 COP,06/05/2024
102560,Gabriel Felipe López Silva,Donkan,12500000.00,2024/05/04 00:00:00
101486,Ismael Zambada Garcia,,"$ 3,000,000",2024-05-08
101149,"MADURO MOROS, Nicolas",Harina P.A.N. Amarilla,4500000,2024-05-04
101238,HAMAS,Avena Quaker sin Gluten,3000000,08/05/2024
103026,Juan Natalia Jiménez Ramírez,Harina Pancho,12500000 COP,2024/05/01 00:00:00
103033,"ZAHHAR, Mahmoud Khaled",Avena Quaker sin Gluten,20000000,2024/05/20 00:00:00
102751,Camilo Camila Moreno Navarro,Avena Molida,10000000.00,2024-05-10
103498,Mohammed Abu Teir,Unikat,"$ 10,000,000",05-20-2024
102072,Mariana Valentina Morales Arias,Harina P.A.N. Blanca,1500000,2024-05-30
100524,Verónica Moreno Vargas,,2500000,29.05.2024
102334,Carlos Felipe Ramírez Romero,,4500000,2024/05/23 00:00:00
103310,Jamileh Abdullah Al-Shanti,Avena Quaker sin Gluten,4500000,2024/05/14 00:00:00
103732,Lucía Javier Silva Silva,Donkat,20000000,2024-05-16
100482,Camilo Alejandro García Sánchez,Donkan,12500000.00,2024-05-15
100042,Valentina Gonzalo Romero Navarro,Harina Pancho,,07/05/2024
101388,Ismael Zambada Garcia,Avena en Hojuelas,"$ 15,000,000",10.05.2024
101418,Sofía Claudia Ospina Mejía,Harina P.A.N. Blanca,"$ 15,000,000",05-12-2024
102589,Luis Mejía Chávez,Avena Quaker sin Gluten,5000000,05.05.2024
100946,Adriana Santiago Rojas Silva,Unikat,$20000000,13/05/2024
100478,,Harina P.A.N. Amarilla,15000000.00,2024-05-14
102936,Bashar Al Assad,Unikat,35000000,27/05/2024
102868,Mateo Camilo Mendoza Romero,Harina Pancho,$12500000,2024/05/23 00:00:00
101701,Laura Camilo González Hernández,Unikat,$7500000,04.05.2024
102446,Claudia Paula Jiménez Valencia,Unikat,$35000000,24/05/2024
102584,Ana Mariana Martínez Silva,Dogourmet,7500000,2024-05-07
100802,"KIM, Jong Un",Harina P.A.N. Amarilla,5000000,2024-05-16
101564,Camila Vargas Moreno,Unikat,3000000,12/05/2024
101921,Santiago González Mejía,Avena Quaker sin Gluten,35000000.00,2024-05-14
100884,Esteban Torres Rojas,Unikat,5000000,2024-05-24
100520,Diosdado Cabello Rondon,Harina P.A.N. Blanca,5000000,2024-05-14
102924,María Daniela Jiménez Díaz,Harina P.A.N. Blanca,35000000,09/05/2024
101531,Mateo Jorge Valencia Díaz,Harina P.A.N. Blanca,1500000.00,2024/05/06 00:00:00
100242,Alejandro Castro Vargas,Donkan,1500000,2024-05-12
101116,Daniela Diana Jiménez Chávez,Dogourmet,7500000,2024-05-13
103255,Luis Rodríguez López,Dogourmet,3000000,19/05/2024
101003,María Arias Torres,Harina Pancho,$2500000,05-04-2024
102417,Gonzalo Suárez Jaramillo,Harina Pancho,20000000,11/05/2024
100735,José Sofía Rojas Vargas,Harina P.A.N. Blanca,$12500000,2024-05-29
101865,"ZAHHAR, Mahmoud Khaled",Unikat,3000000,18/05/2024
101200,Alejandro Valentina Navarro Mejía,Harina Pancho,"$ 15,000,000",2024-05-02
103709,Javier Camilo Valencia Morales,Avena en Hojuelas,15000000,2024-05-04
100705,Rafael Caro-Quintero,Dogourmet,20000000,07/05/2024
101373,Santiago Ospina Mejía,Harina P.A.N. Blanca,,17.05.2024
102248,Gabriel Patricia Rojas Navarro,Avena Quaker sin Gluten,10000000,2024-05-28
102584,Santiago Esteban Romero Hernández,Avena Quaker sin Gluten,3000000,
102745,Javier Sánchez Silva,Donkat,"$ 2,500,000",20.05.2024
100609,,Avena Molida,"$ 10,000,000",05-21-2024
100812,,Unikat,$12500000,05-06-2024
101693,María Morales Hernández,Harina Pancho,4500000 COP,2024-05-27
101204,Esteban Gonzalo Navarro Gómez,Avena en Hojuelas,$7500000,05-03-2024
101311,"AL-ZAZA, Ziad",Donkat,4500000,05-06-2024
100467,Luis Luis Mejía Jiménez,Harina Pancho,7500000.00,05-06-2024
101660,Jamileh Abdullah Al-Shanti,Avena Molida,5000000 COP,2024-05-25
102260,Felipe Gabriel Chávez García,Unikat,"$ 7,500,000",2024/05/16 00:00:00
102743,Verónica Verónica Díaz Díaz,Avena Quaker sin Gluten,$7500000,29.05.2024
100962,Gabriel Carlos Mejía Morales,Dogourmet,5000000,07.05.2024
103412,Javier Esteban Sánchez Moreno,,20000000,13/05/2024
102411,Camilo Rodríguez Jaramillo,Donkan,10000000,2024-05-02
101984,Nicolas Maduro Moros,Donkan,1500000.00,23/05/2024
100961,Claudia Carlos Torres López,Avena Quaker,$12500000,2024-05-09
101182,"KIM, Jong Un",Unikat,3000000,2024-05-19
102806,Nicolas Maduro Moros,Donkat,15000000.00,05-28-2024
101618,Verónica Andrés Gutiérrez Gutiérrez,Arena Unikat,$20000000,2024-05-17
102505,Juan Camila Pérez Moreno,Avena en Hojuelas,2500000.00,22/05/2024
100104,"LUKASHENKO, Aleksandr",Avena Molida,$15000000,
101613,Ana Morales Ortiz,Arena Unikat,,09.05.2024
100557,Andrés Romero Chávez,Donkat,12500000,05-05-2024
103278,Javier Torres González,Donkan,7500000,2024-05-11
